id_reclamo,fecha_ingreso,rut_cliente,texto_reclamo,producto_real,producto_ejecutivo,id_ejecutivo,canal_ingreso,monto_involucrado,tiempo_clasif_sec,estado_reclamo,malla_clasificacion_valida
REC-10001,2026-06-13 03:48:00,5.859.381-1,El cajero automático no me entregó el dinero pero descontó el saldo de mi cuenta.,Cuenta Corriente,Cuenta Corriente,EJEC-018,Web,1478000.0,77,Resuelto,True
REC-10002,2026-01-24 07:27:00,12.617.716-0,Cobro no informado de comisiones por rescate anticipado de la inversión.,Inversiones / Fondos Mutuos,Inversiones / Fondos Mutuos,EJEC-018,Call Center,555000.0,329,Resuelto,True
REC-10003,2026-07-14 05:26:00,18.448.384-1,Cobro injustificado de mantención de cuenta corriente contratada bajo plan coste cero.,Cuenta Corriente,Cuenta Corriente,EJEC-003,Call Center,246000.0,397,Rechazado,True
REC-10004,2026-03-09 01:28:00,19.649.227-K,Se duplicó el cobro de la última compra efectuada en el supermercado con la tarjeta.,Tarjeta de Crédito,Tarjeta de Crédito,EJEC-020,Sucursal,1445000.0,116,Resuelto,True
REC-10005,2026-06-19 07:46:00,14.181.975-1,No me han abonado los puntos ni las millas acumuladas de mi tarjeta.,Tarjeta de Crédito,Tarjeta de Crédito,EJEC-012,App Móvil,929000.0,259,Rechazado,True
REC-10006,2026-03-10 23:57:00,25.173.723-1,No se aplicó la exención tributaria pactada al momento de la inversión.,Inversiones / Fondos Mutuos,Inversiones / Fondos Mutuos,EJEC-015,Call Center,679000.0,269,Rechazado,True
REC-10007,2026-03-25 01:54:00,12.941.132-2,Se aplicó el cobro del seguro asociado al crédito dos veces en el mismo período.,Crédito Hipotecario,Crédito Hipotecario,EJEC-019,Sucursal,536000.0,556,En Proceso,True
REC-10008,2026-06-14 15:39:00,9.371.242-1,Cobro no autorizado de seguro de protección de tarjeta no contratado.,Seguros,Seguros,EJEC-019,Call Center,2245000.0,453,En Proceso,True
REC-10009,2026-02-26 04:43:00,21.605.193-0,Aparece un consumo no reconocido realizado en el extranjero el fin de semana.,Tarjeta de Crédito,Tarjeta de Crédito,EJEC-014,Web,965000.0,524,Rechazado,True
REC-10010,2026-03-06 18:53:00,5.796.838-0,Cobro no autorizado de seguro de protección de tarjeta no contratado.,Seguros,Seguros,EJEC-011,Web,737000.0,206,En Proceso,True
REC-10011,2026-01-01 08:59:00,21.880.282-0,No han gestionado el reembolso médico ingresado hace un mes.,Seguros,Inversiones / Fondos Mutuos,EJEC-020,App Móvil,386000.0,210,Rechazado,False
REC-10012,2026-07-19 18:06:00,5.713.431-K,Me cobraron una comisión por mantención que no corresponde a mi tarjeta.,Tarjeta de Crédito,Crédito Hipotecario,EJEC-008,Web,606000.0,125,Resuelto,False
REC-10013,2026-07-07 16:35:00,7.878.645-1,Cierre intempestivo de mi cuenta sin notificación formal por parte del banco.,Cuenta Corriente,Cuenta Corriente,EJEC-018,App Móvil,666000.0,478,Resuelto,True
REC-10014,2026-05-19 23:32:00,11.830.419-K,Demora en la liquidación del siniestro denunciado el mes anterior.,Seguros,Seguros,EJEC-017,Call Center,307000.0,275,Resuelto,True
REC-10015,2026-03-28 00:43:00,23.667.335-1,Me cobraron una comisión por mantención que no corresponde a mi tarjeta.,Tarjeta de Crédito,Tarjeta de Crédito,EJEC-002,App Móvil,173000.0,77,En Proceso,True
REC-10016,2026-01-19 17:32:00,12.385.785-K,Inconsistencia en el saldo contable tras realizar una transferencia bancaria.,Cuenta Corriente,Cuenta Corriente,EJEC-019,Call Center,611000.0,529,En Proceso,True
REC-10017,2026-02-18 03:13:00,8.774.541-2,Retraso injustificado en el proceso de tasación para el crédito solicitado.,Crédito Hipotecario,Crédito Hipotecario,EJEC-002,Web,156000.0,392,Resuelto,True
REC-10018,2026-03-05 06:32:00,11.649.559-1,Aún no liberan el certificado de alzamiento de mi propiedad tras saldar la deuda.,Crédito Hipotecario,Crédito Hipotecario,EJEC-008,Web,1111000.0,145,Resuelto,True
REC-10019,2026-06-16 18:27:00,5.195.871-1,Tengo la cuenta bloqueada sin previo aviso y no puedo realizar giros.,Cuenta Corriente,Cuenta Corriente,EJEC-007,Call Center,2257000.0,213,En Proceso,True
REC-10020,2026-01-01 13:19:00,13.902.903-K,Me están aplicando intereses moratorios indebidos en mi cuota.,Crédito Consumo,Crédito Consumo,EJEC-018,Call Center,391000.0,348,Resuelto,True
REC-10021,2026-01-15 19:46:00,22.162.865-2,Me cobraron una comisión por mantención que no corresponde a mi tarjeta.,Tarjeta de Crédito,Tarjeta de Crédito,EJEC-017,App Móvil,147000.0,565,Resuelto,True
REC-10022,2026-02-17 02:20:00,24.169.791-1,La tasa de interés aplicada en el dividendo no coincide con la firma de la escritura.,Crédito Hipotecario,Seguros,EJEC-008,Web,1550000.0,474,Rechazado,False
REC-10023,2026-05-30 19:17:00,21.423.367-1,Demora en la liquidación del siniestro denunciado el mes anterior.,Seguros,Seguros,EJEC-009,Call Center,332000.0,352,En Proceso,True
REC-10024,2026-03-22 02:28:00,5.569.736-0,Se duplicó el cobro de la última compra efectuada en el supermercado con la tarjeta.,Tarjeta de Crédito,Tarjeta de Crédito,EJEC-009,App Móvil,2333000.0,115,Resuelto,True
REC-10025,2026-04-05 09:43:00,10.548.953-2,No se aplicó la exención tributaria pactada al momento de la inversión.,Inversiones / Fondos Mutuos,Inversiones / Fondos Mutuos,EJEC-018,Sucursal,2330000.0,151,Resuelto,True
REC-10026,2026-03-09 03:56:00,8.860.666-1,No han enviado el certificado de prepago que solicité hace más de 15 días.,Crédito Consumo,Crédito Consumo,EJEC-011,App Móvil,1720000.0,315,Rechazado,True
REC-10027,2026-05-06 08:34:00,6.194.749-K,La cuota cobrada este mes es mayor al dividendo pactado en el contrato inicial.,Crédito Consumo,Crédito Consumo,EJEC-005,Sucursal,408000.0,497,Rechazado,True
REC-10028,2026-06-30 14:35:00,22.109.214-0,Solicité la cancelación del seguro de desgravamen y lo siguen cobrando.,Seguros,Seguros,EJEC-012,App Móvil,1077000.0,87,En Proceso,True
REC-10029,2026-04-04 01:21:00,16.315.798-1,El seguro de fraude rechazó la cobertura sin dar explicaciones claras.,Seguros,Seguros,EJEC-018,Call Center,2435000.0,203,Resuelto,True
REC-10030,2026-02-11 06:02:00,18.125.283-2,Problemas con la renovación de la póliza de seguro contra incendio en el dividendo.,Crédito Hipotecario,Cuenta Corriente,EJEC-009,App Móvil,1969000.0,155,En Proceso,False
REC-10031,2026-01-10 16:03:00,12.304.936-K,No han enviado el certificado de prepago que solicité hace más de 15 días.,Crédito Consumo,Cuenta Corriente,EJEC-008,Web,1652000.0,453,En Proceso,False
REC-10032,2026-03-13 02:22:00,13.459.756-K,Cobro no autorizado de seguro de protección de tarjeta no contratado.,Seguros,Seguros,EJEC-001,Web,2193000.0,312,Resuelto,True
REC-10033,2026-05-29 09:03:00,6.211.710-K,Error en la reprogramación de cuotas solicitada el mes pasado.,Crédito Consumo,Crédito Consumo,EJEC-014,Web,966000.0,239,En Proceso,True
REC-10034,2026-01-12 14:53:00,5.632.925-1,Me están aplicando intereses moratorios indebidos en mi cuota.,Crédito Consumo,Crédito Consumo,EJEC-011,Sucursal,1660000.0,172,Rechazado,True
REC-10035,2026-03-18 17:18:00,14.782.518-2,Problemas con la renovación de la póliza de seguro contra incendio en el dividendo.,Crédito Hipotecario,Crédito Hipotecario,EJEC-005,App Móvil,1054000.0,433,Rechazado,True
REC-10036,2026-07-11 05:56:00,24.682.408-K,Solicité el rescate de mi fondo mutuo y el dinero no ha sido depositado.,Inversiones / Fondos Mutuos,Inversiones / Fondos Mutuos,EJEC-007,Call Center,1965000.0,374,En Proceso,True
REC-10037,2026-04-24 15:05:00,11.623.584-1,El seguro de fraude rechazó la cobertura sin dar explicaciones claras.,Seguros,Seguros,EJEC-020,Sucursal,238000.0,285,Rechazado,True
REC-10038,2026-03-21 07:40:00,11.250.125-0,Tengo la cuenta bloqueada sin previo aviso y no puedo realizar giros.,Cuenta Corriente,Cuenta Corriente,EJEC-003,Call Center,1039000.0,244,Rechazado,True
REC-10039,2026-06-28 13:06:00,20.509.349-1,Demora en la liquidación del siniestro denunciado el mes anterior.,Seguros,Seguros,EJEC-004,Call Center,551000.0,575,En Proceso,True
REC-10040,2026-01-13 19:01:00,12.968.224-K,Cobro injustificado de mantención de cuenta corriente contratada bajo plan coste cero.,Cuenta Corriente,Cuenta Corriente,EJEC-017,Sucursal,2375000.0,498,Rechazado,True
REC-10041,2026-07-04 17:13:00,18.950.661-K,Cierre intempestivo de mi cuenta sin notificación formal por parte del banco.,Cuenta Corriente,Inversiones / Fondos Mutuos,EJEC-009,App Móvil,2100000.0,328,Rechazado,False
REC-10042,2026-05-05 21:23:00,12.381.550-0,No han gestionado el reembolso médico ingresado hace un mes.,Seguros,Seguros,EJEC-011,Sucursal,2233000.0,127,Resuelto,True
REC-10043,2026-02-08 07:53:00,17.810.256-1,No me han abonado los puntos ni las millas acumuladas de mi tarjeta.,Tarjeta de Crédito,Tarjeta de Crédito,EJEC-018,Call Center,1042000.0,256,En Proceso,True
REC-10044,2026-04-10 19:56:00,5.977.883-K,La tasa de interés aplicada en el dividendo no coincide con la firma de la escritura.,Crédito Hipotecario,Crédito Consumo,EJEC-013,Call Center,1348000.0,270,En Proceso,False
REC-10045,2026-02-26 09:18:00,18.597.129-K,Error en la reprogramación de cuotas solicitada el mes pasado.,Crédito Consumo,Crédito Consumo,EJEC-013,App Móvil,2102000.0,175,Rechazado,True
REC-10046,2026-05-17 00:55:00,17.706.677-0,Me aplicaron intereses de mora a pesar de haber realizado el pago antes del vencimiento.,Tarjeta de Crédito,Tarjeta de Crédito,EJEC-015,App Móvil,130000.0,433,En Proceso,True
REC-10047,2026-02-24 15:31:00,15.445.879-K,Me están aplicando intereses moratorios indebidos en mi cuota.,Crédito Consumo,Crédito Consumo,EJEC-003,Call Center,53000.0,597,Resuelto,True
REC-10048,2026-03-31 07:39:00,25.170.899-0,Aparece un consumo no reconocido realizado en el extranjero el fin de semana.,Tarjeta de Crédito,Tarjeta de Crédito,EJEC-001,App Móvil,600000.0,529,Rechazado,True
REC-10049,2026-01-30 19:15:00,11.576.816-2,Realicé el prepago total de mi crédito de consumo y aún figuro con deuda activa.,Crédito Consumo,Crédito Consumo,EJEC-004,App Móvil,2412000.0,155,Rechazado,True
REC-10050,2026-01-07 10:38:00,23.793.484-K,Solicité la cancelación del seguro de desgravamen y lo siguen cobrando.,Seguros,Seguros,EJEC-008,Web,1744000.0,353,Rechazado,True
REC-10051,2026-06-03 04:07:00,23.901.142-2,La rentabilidad reflejada en el cartola no cuadra con el saldo real.,Inversiones / Fondos Mutuos,Inversiones / Fondos Mutuos,EJEC-003,Sucursal,37000.0,475,En Proceso,True
REC-10052,2026-01-28 14:47:00,16.750.948-K,Solicité la cancelación del seguro de desgravamen y lo siguen cobrando.,Seguros,Seguros,EJEC-017,Sucursal,1542000.0,596,En Proceso,True
REC-10053,2026-04-30 14:52:00,23.374.430-1,Solicité el bloqueo de mi tarjeta por clonación y no se procesó a tiempo.,Tarjeta de Crédito,Crédito Consumo,EJEC-015,Call Center,844000.0,551,En Proceso,False
REC-10054,2026-02-16 16:38:00,11.463.916-2,No han enviado el certificado de prepago que solicité hace más de 15 días.,Crédito Consumo,Crédito Hipotecario,EJEC-018,Web,1294000.0,240,Resuelto,False
REC-10055,2026-03-03 13:52:00,20.668.876-1,Aumento no notificado en la prima mensual de la póliza de vida.,Seguros,Seguros,EJEC-016,Call Center,1983000.0,140,En Proceso,True
REC-10056,2026-02-26 13:48:00,12.413.779-2,El cobro del dividendo no reflejó el abono adicional abonado en ventanilla.,Crédito Hipotecario,Crédito Hipotecario,EJEC-014,Sucursal,883000.0,509,En Proceso,True
REC-10057,2026-03-20 08:34:00,12.223.838-1,La cuota cobrada este mes es mayor al dividendo pactado en el contrato inicial.,Crédito Consumo,Crédito Consumo,EJEC-006,App Móvil,545000.0,540,En Proceso,True
REC-10058,2026-07-05 20:07:00,21.711.389-0,Me cobraron cobros excesivos por sobregiro cuando tenía saldo a favor.,Cuenta Corriente,Cuenta Corriente,EJEC-006,Sucursal,40000.0,591,Resuelto,True
REC-10059,2026-03-12 01:33:00,6.666.399-1,Aumento no notificado en la prima mensual de la póliza de vida.,Seguros,Seguros,EJEC-001,Sucursal,1176000.0,496,En Proceso,True
REC-10060,2026-02-17 01:45:00,13.982.589-0,No me han abonado los puntos ni las millas acumuladas de mi tarjeta.,Tarjeta de Crédito,Tarjeta de Crédito,EJEC-019,Web,384000.0,356,Resuelto,True
REC-10061,2026-03-05 04:02:00,22.882.526-1,La rentabilidad reflejada en el cartola no cuadra con el saldo real.,Inversiones / Fondos Mutuos,Inversiones / Fondos Mutuos,EJEC-015,Sucursal,2151000.0,484,En Proceso,True
REC-10062,2026-05-26 21:11:00,6.724.857-0,Cierre intempestivo de mi cuenta sin notificación formal por parte del banco.,Cuenta Corriente,Cuenta Corriente,EJEC-003,App Móvil,603000.0,121,Resuelto,True
REC-10063,2026-01-01 13:56:00,19.805.708-K,La cuota cobrada este mes es mayor al dividendo pactado en el contrato inicial.,Crédito Consumo,Crédito Consumo,EJEC-010,Call Center,183000.0,284,En Proceso,True
REC-10064,2026-06-10 20:07:00,11.535.217-1,Solicité la cancelación del seguro de desgravamen y lo siguen cobrando.,Seguros,Cuenta Corriente,EJEC-003,Web,419000.0,359,Rechazado,False
REC-10065,2026-07-11 19:25:00,14.549.227-K,No han gestionado el reembolso médico ingresado hace un mes.,Seguros,Seguros,EJEC-009,Call Center,1097000.0,85,En Proceso,True
REC-10066,2026-07-08 11:00:00,24.356.126-0,Cierre intempestivo de mi cuenta sin notificación formal por parte del banco.,Cuenta Corriente,Seguros,EJEC-019,Web,2499000.0,320,Rechazado,False
REC-10067,2026-01-11 05:58:00,20.631.767-K,Realicé el prepago total de mi crédito de consumo y aún figuro con deuda activa.,Crédito Consumo,Inversiones / Fondos Mutuos,EJEC-016,Web,1178000.0,463,En Proceso,False
REC-10068,2026-03-24 22:52:00,8.978.264-2,Problemas con la renovación de la póliza de seguro contra incendio en el dividendo.,Crédito Hipotecario,Crédito Hipotecario,EJEC-013,Web,1140000.0,367,En Proceso,True
REC-10069,2026-03-24 03:57:00,17.985.626-0,Cobro no autorizado de seguro de protección de tarjeta no contratado.,Seguros,Seguros,EJEC-002,App Móvil,1299000.0,555,Rechazado,True
REC-10070,2026-04-24 01:45:00,11.373.662-1,Me están aplicando intereses moratorios indebidos en mi cuota.,Crédito Consumo,Inversiones / Fondos Mutuos,EJEC-004,Web,2433000.0,290,Rechazado,False
REC-10071,2026-02-10 10:36:00,22.114.665-K,Aparece un consumo no reconocido realizado en el extranjero el fin de semana.,Tarjeta de Crédito,Cuenta Corriente,EJEC-015,Web,1621000.0,202,En Proceso,False
REC-10072,2026-07-03 09:57:00,21.822.379-K,Retraso injustificado en el proceso de tasación para el crédito solicitado.,Crédito Hipotecario,Crédito Hipotecario,EJEC-018,App Móvil,962000.0,565,Rechazado,True
REC-10073,2026-02-04 02:22:00,13.891.908-K,Descuento duplicado por planilla de la cuota del crédito automotriz / consumo.,Crédito Consumo,Crédito Consumo,EJEC-001,Sucursal,1816000.0,546,Resuelto,True
REC-10074,2026-04-25 18:23:00,20.453.440-K,Se aplicó el cobro del seguro asociado al crédito dos veces en el mismo período.,Crédito Hipotecario,Cuenta Corriente,EJEC-019,Call Center,588000.0,465,Resuelto,False
REC-10075,2026-03-23 16:08:00,17.495.779-1,La tasa de interés aplicada en el dividendo no coincide con la firma de la escritura.,Crédito Hipotecario,Crédito Hipotecario,EJEC-019,Sucursal,2175000.0,495,Resuelto,True
REC-10076,2026-05-15 15:35:00,5.839.247-K,Solicité la cancelación del seguro de desgravamen y lo siguen cobrando.,Seguros,Seguros,EJEC-009,Sucursal,1560000.0,452,Rechazado,True
REC-10077,2026-01-21 11:12:00,22.489.424-K,Solicité el rescate de mi fondo mutuo y el dinero no ha sido depositado.,Inversiones / Fondos Mutuos,Inversiones / Fondos Mutuos,EJEC-008,Sucursal,2494000.0,137,En Proceso,True
REC-10078,2026-01-26 21:37:00,8.554.270-2,Me cobraron una comisión por mantención que no corresponde a mi tarjeta.,Tarjeta de Crédito,Tarjeta de Crédito,EJEC-002,Sucursal,899000.0,486,Resuelto,True
REC-10079,2026-03-04 18:07:00,18.679.798-1,El cajero automático no me entregó el dinero pero descontó el saldo de mi cuenta.,Cuenta Corriente,Cuenta Corriente,EJEC-013,App Móvil,1247000.0,191,Resuelto,True
REC-10080,2026-04-29 21:46:00,13.570.361-0,Se aplicó el cobro del seguro asociado al crédito dos veces en el mismo período.,Crédito Hipotecario,Crédito Hipotecario,EJEC-006,Web,1107000.0,398,Rechazado,True
REC-10081,2026-03-18 21:48:00,18.806.356-K,Realicé el prepago total de mi crédito de consumo y aún figuro con deuda activa.,Crédito Consumo,Inversiones / Fondos Mutuos,EJEC-004,App Móvil,957000.0,412,Rechazado,False
REC-10082,2026-03-17 23:52:00,14.122.949-K,La cuota cobrada este mes es mayor al dividendo pactado en el contrato inicial.,Crédito Consumo,Crédito Consumo,EJEC-002,Call Center,2083000.0,338,Resuelto,True
REC-10083,2026-06-05 12:01:00,12.751.294-2,Demora en la liquidación del siniestro denunciado el mes anterior.,Seguros,Seguros,EJEC-005,Web,2259000.0,85,En Proceso,True
REC-10084,2026-04-23 01:08:00,23.473.849-1,Solicité el bloqueo de mi tarjeta por clonación y no se procesó a tiempo.,Tarjeta de Crédito,Tarjeta de Crédito,EJEC-014,App Móvil,506000.0,597,En Proceso,True
REC-10085,2026-05-16 17:07:00,13.950.268-2,Se aplicó el cobro del seguro asociado al crédito dos veces en el mismo período.,Crédito Hipotecario,Crédito Hipotecario,EJEC-011,Web,1173000.0,122,Resuelto,True
REC-10086,2026-07-13 07:42:00,17.966.923-2,No reconozco un cargo recurrente de una suscripción que cancelé hace meses.,Tarjeta de Crédito,Tarjeta de Crédito,EJEC-009,Web,1140000.0,313,Rechazado,True
REC-10087,2026-04-08 21:47:00,16.210.791-1,La tasa de interés aplicada en el dividendo no coincide con la firma de la escritura.,Crédito Hipotecario,Crédito Hipotecario,EJEC-018,Sucursal,2289000.0,271,Rechazado,True
REC-10088,2026-01-17 21:41:00,19.817.409-K,Aparece un consumo no reconocido realizado en el extranjero el fin de semana.,Tarjeta de Crédito,Tarjeta de Crédito,EJEC-002,Sucursal,2490000.0,163,Resuelto,True
REC-10089,2026-03-02 18:20:00,9.497.564-2,Demora en la liquidación del siniestro denunciado el mes anterior.,Seguros,Seguros,EJEC-018,Call Center,1470000.0,203,En Proceso,True
REC-10090,2026-06-17 03:22:00,20.730.517-2,Me aplicaron intereses de mora a pesar de haber realizado el pago antes del vencimiento.,Tarjeta de Crédito,Tarjeta de Crédito,EJEC-015,Call Center,2377000.0,416,Resuelto,True
REC-10091,2026-06-25 12:32:00,22.760.467-0,Se aplicó el cobro del seguro asociado al crédito dos veces en el mismo período.,Crédito Hipotecario,Crédito Hipotecario,EJEC-004,Call Center,234000.0,262,Rechazado,True
REC-10092,2026-06-13 20:22:00,5.151.905-2,El cajero automático no me entregó el dinero pero descontó el saldo de mi cuenta.,Cuenta Corriente,Cuenta Corriente,EJEC-007,Web,2075000.0,257,Rechazado,True
REC-10093,2026-02-25 07:57:00,15.892.251-0,Realicé el prepago total de mi crédito de consumo y aún figuro con deuda activa.,Crédito Consumo,Seguros,EJEC-009,App Móvil,279000.0,71,Resuelto,False
REC-10094,2026-01-04 12:13:00,12.702.431-0,Me cobraron cobros excesivos por sobregiro cuando tenía saldo a favor.,Cuenta Corriente,Cuenta Corriente,EJEC-014,Web,1865000.0,532,En Proceso,True
REC-10095,2026-07-19 12:21:00,21.707.211-K,Cobro no informado de comisiones por rescate anticipado de la inversión.,Inversiones / Fondos Mutuos,Tarjeta de Crédito,EJEC-017,Sucursal,1148000.0,76,Resuelto,False
REC-10096,2026-05-03 13:42:00,18.802.210-K,Aumento no notificado en la prima mensual de la póliza de vida.,Seguros,Seguros,EJEC-003,Sucursal,1523000.0,112,Resuelto,True
REC-10097,2026-03-12 21:18:00,25.699.661-2,El cobro del dividendo no reflejó el abono adicional abonado en ventanilla.,Crédito Hipotecario,Crédito Hipotecario,EJEC-015,Call Center,252000.0,162,Rechazado,True
REC-10098,2026-06-16 18:49:00,11.540.562-1,Se aplicó el cobro del seguro asociado al crédito dos veces en el mismo período.,Crédito Hipotecario,Inversiones / Fondos Mutuos,EJEC-014,Web,785000.0,365,Rechazado,False
REC-10099,2026-03-07 12:46:00,9.803.585-0,No reconozco un cargo recurrente de una suscripción que cancelé hace meses.,Tarjeta de Crédito,Tarjeta de Crédito,EJEC-014,Web,1863000.0,426,Resuelto,True
REC-10100,2026-05-23 02:02:00,23.675.675-2,El seguro de fraude rechazó la cobertura sin dar explicaciones claras.,Seguros,Seguros,EJEC-014,Web,2421000.0,364,En Proceso,True
REC-10101,2026-01-27 19:43:00,21.317.258-K,Cobro injustificado de mantención de cuenta corriente contratada bajo plan coste cero.,Cuenta Corriente,Cuenta Corriente,EJEC-018,Sucursal,292000.0,330,Rechazado,True
REC-10102,2026-02-27 14:38:00,22.885.938-0,No se aplicó la exención tributaria pactada al momento de la inversión.,Inversiones / Fondos Mutuos,Crédito Consumo,EJEC-001,App Móvil,687000.0,361,En Proceso,False
REC-10103,2026-03-31 00:12:00,10.990.246-K,Aparece un consumo no reconocido realizado en el extranjero el fin de semana.,Tarjeta de Crédito,Tarjeta de Crédito,EJEC-001,Web,1867000.0,265,En Proceso,True
REC-10104,2026-04-18 15:29:00,15.261.478-2,No han gestionado el reembolso médico ingresado hace un mes.,Seguros,Seguros,EJEC-019,Web,2209000.0,204,Resuelto,True
REC-10105,2026-07-13 21:05:00,6.790.183-2,Problemas con la renovación de la póliza de seguro contra incendio en el dividendo.,Crédito Hipotecario,Crédito Hipotecario,EJEC-020,Call Center,1038000.0,265,Rechazado,True
REC-10106,2026-01-30 11:46:00,18.213.390-K,No se aplicó la exención tributaria pactada al momento de la inversión.,Inversiones / Fondos Mutuos,Inversiones / Fondos Mutuos,EJEC-008,Call Center,2461000.0,101,Resuelto,True
REC-10107,2026-02-22 10:17:00,11.885.240-2,No han enviado el certificado de prepago que solicité hace más de 15 días.,Crédito Consumo,Crédito Consumo,EJEC-016,Call Center,443000.0,434,Rechazado,True
REC-10108,2026-06-30 07:51:00,21.672.953-2,No me han abonado los puntos ni las millas acumuladas de mi tarjeta.,Tarjeta de Crédito,Cuenta Corriente,EJEC-014,Web,1152000.0,124,En Proceso,False
REC-10109,2026-05-28 14:39:00,23.514.826-K,La cuota cobrada este mes es mayor al dividendo pactado en el contrato inicial.,Crédito Consumo,Crédito Consumo,EJEC-011,App Móvil,2004000.0,516,Rechazado,True
REC-10110,2026-04-03 03:00:00,18.964.208-1,El cobro del dividendo no reflejó el abono adicional abonado en ventanilla.,Crédito Hipotecario,Crédito Hipotecario,EJEC-003,Call Center,2177000.0,392,Resuelto,True
REC-10111,2026-03-27 05:44:00,7.622.748-0,Demora excesiva en la constitución de un Depósito a Plazo desde la banca en línea.,Inversiones / Fondos Mutuos,Inversiones / Fondos Mutuos,EJEC-012,Sucursal,1820000.0,196,Resuelto,True
REC-10112,2026-01-27 04:59:00,13.302.277-1,El seguro de fraude rechazó la cobertura sin dar explicaciones claras.,Seguros,Seguros,EJEC-016,Call Center,1887000.0,504,Rechazado,True
REC-10113,2026-05-25 21:56:00,25.739.430-2,Tengo la cuenta bloqueada sin previo aviso y no puedo realizar giros.,Cuenta Corriente,Cuenta Corriente,EJEC-015,Sucursal,1992000.0,102,En Proceso,True
REC-10114,2026-05-10 02:31:00,14.572.562-0,Solicité el bloqueo de mi tarjeta por clonación y no se procesó a tiempo.,Tarjeta de Crédito,Cuenta Corriente,EJEC-003,Call Center,1159000.0,87,En Proceso,False
REC-10115,2026-05-27 22:14:00,11.429.719-K,Cobro no informado de comisiones por rescate anticipado de la inversión.,Inversiones / Fondos Mutuos,Crédito Hipotecario,EJEC-004,Sucursal,2456000.0,131,Rechazado,False
REC-10116,2026-06-15 05:53:00,6.353.824-K,El cobro del dividendo no reflejó el abono adicional abonado en ventanilla.,Crédito Hipotecario,Crédito Hipotecario,EJEC-006,Sucursal,935000.0,334,En Proceso,True
REC-10117,2026-04-15 11:32:00,24.153.908-2,Solicité el bloqueo de mi tarjeta por clonación y no se procesó a tiempo.,Tarjeta de Crédito,Tarjeta de Crédito,EJEC-013,Sucursal,634000.0,198,En Proceso,True
REC-10118,2026-01-21 19:53:00,9.458.417-K,Inconsistencia en el saldo contable tras realizar una transferencia bancaria.,Cuenta Corriente,Cuenta Corriente,EJEC-003,Sucursal,1400000.0,381,Resuelto,True
REC-10119,2026-06-21 23:59:00,21.195.761-K,Se ejecutó una orden de compra de acciones que no autoricé desde la app.,Inversiones / Fondos Mutuos,Inversiones / Fondos Mutuos,EJEC-010,App Móvil,2378000.0,394,En Proceso,True
REC-10120,2026-02-19 07:43:00,9.258.179-2,Se duplicó el cobro de la última compra efectuada en el supermercado con la tarjeta.,Tarjeta de Crédito,Tarjeta de Crédito,EJEC-017,Web,1657000.0,179,Rechazado,True
REC-10121,2026-04-07 05:15:00,10.285.951-1,Aumento no notificado en la prima mensual de la póliza de vida.,Seguros,Seguros,EJEC-012,App Móvil,2424000.0,336,Rechazado,True
REC-10122,2026-07-20 15:19:00,12.646.344-2,Aún no liberan el certificado de alzamiento de mi propiedad tras saldar la deuda.,Crédito Hipotecario,Crédito Hipotecario,EJEC-019,Call Center,1157000.0,333,En Proceso,True
REC-10123,2026-05-09 18:00:00,18.265.936-1,Cobro no informado de comisiones por rescate anticipado de la inversión.,Inversiones / Fondos Mutuos,Tarjeta de Crédito,EJEC-016,Sucursal,1389000.0,150,Rechazado,False
REC-10124,2026-05-13 04:15:00,14.185.881-1,Me están aplicando intereses moratorios indebidos en mi cuota.,Crédito Consumo,Cuenta Corriente,EJEC-014,Web,2366000.0,272,En Proceso,False
REC-10125,2026-03-31 00:54:00,18.154.505-2,Tengo la cuenta bloqueada sin previo aviso y no puedo realizar giros.,Cuenta Corriente,Crédito Hipotecario,EJEC-008,Web,800000.0,146,Rechazado,False
REC-10126,2026-06-16 11:26:00,9.240.139-2,Problemas con la renovación de la póliza de seguro contra incendio en el dividendo.,Crédito Hipotecario,Inversiones / Fondos Mutuos,EJEC-015,Web,2265000.0,64,En Proceso,False
REC-10127,2026-02-25 05:06:00,22.844.723-K,No reconozco un cargo recurrente de una suscripción que cancelé hace meses.,Tarjeta de Crédito,Tarjeta de Crédito,EJEC-010,Web,124000.0,474,Rechazado,True
REC-10128,2026-06-09 15:36:00,7.213.956-K,Demora excesiva en la constitución de un Depósito a Plazo desde la banca en línea.,Inversiones / Fondos Mutuos,Inversiones / Fondos Mutuos,EJEC-017,App Móvil,1798000.0,343,En Proceso,True
REC-10129,2026-01-01 20:59:00,16.346.684-K,Cierre intempestivo de mi cuenta sin notificación formal por parte del banco.,Cuenta Corriente,Cuenta Corriente,EJEC-017,Sucursal,174000.0,583,Rechazado,True
REC-10130,2026-05-10 17:19:00,22.120.499-K,Me aplicaron intereses de mora a pesar de haber realizado el pago antes del vencimiento.,Tarjeta de Crédito,Tarjeta de Crédito,EJEC-012,Sucursal,1870000.0,410,Resuelto,True
REC-10131,2026-03-30 08:13:00,25.206.890-2,Traté de realizar una transferencia por PAC y el sistema debitó dos veces el monto.,Cuenta Corriente,Cuenta Corriente,EJEC-011,App Móvil,2077000.0,520,Rechazado,True
REC-10132,2026-05-03 21:33:00,10.930.238-0,Aumento no notificado en la prima mensual de la póliza de vida.,Seguros,Seguros,EJEC-007,Web,1979000.0,87,En Proceso,True
REC-10133,2026-03-21 17:35:00,17.934.656-K,La cuota cobrada este mes es mayor al dividendo pactado en el contrato inicial.,Crédito Consumo,Crédito Consumo,EJEC-007,Sucursal,896000.0,93,Rechazado,True
REC-10134,2026-03-26 09:19:00,8.918.476-K,Problemas con la renovación de la póliza de seguro contra incendio en el dividendo.,Crédito Hipotecario,Crédito Hipotecario,EJEC-013,Sucursal,2434000.0,553,Rechazado,True
REC-10135,2026-05-08 12:32:00,21.373.920-0,Aumento no notificado en la prima mensual de la póliza de vida.,Seguros,Seguros,EJEC-020,App Móvil,1366000.0,373,Resuelto,True
REC-10136,2026-01-21 11:11:00,14.413.556-K,Cierre intempestivo de mi cuenta sin notificación formal por parte del banco.,Cuenta Corriente,Cuenta Corriente,EJEC-015,Web,1818000.0,406,Rechazado,True
REC-10137,2026-04-22 09:22:00,25.910.158-0,Demora en la liquidación del siniestro denunciado el mes anterior.,Seguros,Seguros,EJEC-017,App Móvil,2382000.0,191,Rechazado,True
REC-10138,2026-06-23 14:57:00,6.229.168-1,No han gestionado el reembolso médico ingresado hace un mes.,Seguros,Seguros,EJEC-019,Web,1515000.0,505,En Proceso,True
REC-10139,2026-04-06 15:09:00,7.687.240-2,Se aplicó el cobro del seguro asociado al crédito dos veces en el mismo período.,Crédito Hipotecario,Crédito Hipotecario,EJEC-008,Web,70000.0,235,En Proceso,True
REC-10140,2026-05-13 13:12:00,22.220.368-2,Aumento no notificado en la prima mensual de la póliza de vida.,Seguros,Seguros,EJEC-020,Sucursal,1736000.0,547,Resuelto,True
REC-10141,2026-02-01 04:37:00,7.562.276-K,No reconozco un cargo recurrente de una suscripción que cancelé hace meses.,Tarjeta de Crédito,Tarjeta de Crédito,EJEC-011,Sucursal,1775000.0,600,En Proceso,True
REC-10142,2026-03-18 05:22:00,25.278.912-2,Cobro no informado de comisiones por rescate anticipado de la inversión.,Inversiones / Fondos Mutuos,Inversiones / Fondos Mutuos,EJEC-007,App Móvil,596000.0,550,Resuelto,True
REC-10143,2026-04-03 18:54:00,23.477.578-1,Solicité el rescate de mi fondo mutuo y el dinero no ha sido depositado.,Inversiones / Fondos Mutuos,Inversiones / Fondos Mutuos,EJEC-013,Call Center,1317000.0,464,Rechazado,True
REC-10144,2026-01-19 04:16:00,15.757.175-K,Problemas con la renovación de la póliza de seguro contra incendio en el dividendo.,Crédito Hipotecario,Crédito Hipotecario,EJEC-005,App Móvil,1921000.0,177,En Proceso,True
REC-10145,2026-05-09 01:53:00,8.630.256-2,El cajero automático no me entregó el dinero pero descontó el saldo de mi cuenta.,Cuenta Corriente,Cuenta Corriente,EJEC-008,Sucursal,2369000.0,576,En Proceso,True
REC-10146,2026-01-21 08:33:00,11.750.664-2,Cierre intempestivo de mi cuenta sin notificación formal por parte del banco.,Cuenta Corriente,Cuenta Corriente,EJEC-018,Web,1259000.0,217,Rechazado,True
REC-10147,2026-05-29 05:15:00,10.774.739-2,Solicité el rescate de mi fondo mutuo y el dinero no ha sido depositado.,Inversiones / Fondos Mutuos,Tarjeta de Crédito,EJEC-003,Web,2372000.0,316,Rechazado,False
REC-10148,2026-02-23 19:31:00,18.732.754-0,Problemas con la renovación de la póliza de seguro contra incendio en el dividendo.,Crédito Hipotecario,Crédito Hipotecario,EJEC-010,Call Center,616000.0,460,En Proceso,True
REC-10149,2026-04-27 02:29:00,6.261.550-K,Retraso injustificado en el proceso de tasación para el crédito solicitado.,Crédito Hipotecario,Crédito Hipotecario,EJEC-020,App Móvil,785000.0,371,Rechazado,True
REC-10150,2026-03-30 13:36:00,9.878.479-0,Realicé el prepago total de mi crédito de consumo y aún figuro con deuda activa.,Crédito Consumo,Crédito Consumo,EJEC-009,Call Center,624000.0,144,Resuelto,True
REC-10151,2026-03-16 13:06:00,24.528.354-1,Descuento duplicado por planilla de la cuota del crédito automotriz / consumo.,Crédito Consumo,Crédito Consumo,EJEC-007,App Móvil,1248000.0,572,En Proceso,True
REC-10152,2026-05-08 10:31:00,20.123.192-K,La rentabilidad reflejada en el cartola no cuadra con el saldo real.,Inversiones / Fondos Mutuos,Cuenta Corriente,EJEC-019,Sucursal,126000.0,333,En Proceso,False
REC-10153,2026-06-02 22:19:00,20.392.649-0,No me han abonado los puntos ni las millas acumuladas de mi tarjeta.,Tarjeta de Crédito,Tarjeta de Crédito,EJEC-009,Sucursal,1911000.0,419,Resuelto,True
REC-10154,2026-04-13 01:44:00,23.675.299-2,Se ejecutó una orden de compra de acciones que no autoricé desde la app.,Inversiones / Fondos Mutuos,Inversiones / Fondos Mutuos,EJEC-017,Call Center,1912000.0,331,Rechazado,True
REC-10155,2026-06-24 20:51:00,8.231.199-K,No han enviado el certificado de prepago que solicité hace más de 15 días.,Crédito Consumo,Crédito Consumo,EJEC-012,App Móvil,502000.0,566,En Proceso,True
REC-10156,2026-05-09 01:22:00,6.139.240-2,El cobro del dividendo no reflejó el abono adicional abonado en ventanilla.,Crédito Hipotecario,Crédito Hipotecario,EJEC-020,App Móvil,823000.0,371,Resuelto,True
REC-10157,2026-04-11 21:02:00,14.707.444-K,Cobro no autorizado de seguro de protección de tarjeta no contratado.,Seguros,Seguros,EJEC-001,Sucursal,831000.0,157,En Proceso,True
REC-10158,2026-05-30 10:30:00,25.127.711-K,Error en la reprogramación de cuotas solicitada el mes pasado.,Crédito Consumo,Crédito Consumo,EJEC-019,App Móvil,1805000.0,536,Resuelto,True
REC-10159,2026-05-15 21:28:00,24.893.961-K,Cobro injustificado de mantención de cuenta corriente contratada bajo plan coste cero.,Cuenta Corriente,Cuenta Corriente,EJEC-002,Web,481000.0,496,En Proceso,True
REC-10160,2026-04-18 05:10:00,18.807.308-K,Demora excesiva en la constitución de un Depósito a Plazo desde la banca en línea.,Inversiones / Fondos Mutuos,Tarjeta de Crédito,EJEC-005,App Móvil,1404000.0,534,Rechazado,False
REC-10161,2026-04-07 10:42:00,10.570.645-2,Se ejecutó una orden de compra de acciones que no autoricé desde la app.,Inversiones / Fondos Mutuos,Inversiones / Fondos Mutuos,EJEC-009,Call Center,485000.0,297,En Proceso,True
REC-10162,2026-05-23 10:11:00,12.404.889-2,Solicité la cancelación del seguro de desgravamen y lo siguen cobrando.,Seguros,Seguros,EJEC-016,Sucursal,1202000.0,325,En Proceso,True
REC-10163,2026-02-01 19:34:00,22.488.504-2,Me cobraron cobros excesivos por sobregiro cuando tenía saldo a favor.,Cuenta Corriente,Cuenta Corriente,EJEC-003,Sucursal,2310000.0,307,Rechazado,True
REC-10164,2026-05-03 07:18:00,11.947.651-2,No se aplicó la exención tributaria pactada al momento de la inversión.,Inversiones / Fondos Mutuos,Inversiones / Fondos Mutuos,EJEC-004,App Móvil,610000.0,588,Resuelto,True
REC-10165,2026-06-13 07:56:00,6.202.523-2,Aumento no notificado en la prima mensual de la póliza de vida.,Seguros,Seguros,EJEC-005,Web,2411000.0,206,En Proceso,True
REC-10166,2026-06-17 16:14:00,20.766.304-2,No han enviado el certificado de prepago que solicité hace más de 15 días.,Crédito Consumo,Crédito Consumo,EJEC-003,App Móvil,1340000.0,83,Resuelto,True
REC-10167,2026-04-17 06:00:00,6.956.506-K,Cierre intempestivo de mi cuenta sin notificación formal por parte del banco.,Cuenta Corriente,Crédito Hipotecario,EJEC-002,Web,749000.0,154,En Proceso,False
REC-10168,2026-03-14 15:30:00,25.656.636-K,Cobro injustificado de mantención de cuenta corriente contratada bajo plan coste cero.,Cuenta Corriente,Cuenta Corriente,EJEC-009,App Móvil,2023000.0,383,Resuelto,True
REC-10169,2026-07-07 15:39:00,25.363.835-1,Me aplicaron intereses de mora a pesar de haber realizado el pago antes del vencimiento.,Tarjeta de Crédito,Tarjeta de Crédito,EJEC-010,App Móvil,443000.0,460,En Proceso,True
REC-10170,2026-05-12 11:11:00,7.510.785-0,El cajero automático no me entregó el dinero pero descontó el saldo de mi cuenta.,Cuenta Corriente,Cuenta Corriente,EJEC-008,Web,656000.0,286,En Proceso,True
REC-10171,2026-07-12 09:06:00,15.409.696-0,Error en la reprogramación de cuotas solicitada el mes pasado.,Crédito Consumo,Crédito Consumo,EJEC-008,Web,1671000.0,521,En Proceso,True
REC-10172,2026-02-10 13:50:00,21.820.888-2,El seguro de fraude rechazó la cobertura sin dar explicaciones claras.,Seguros,Seguros,EJEC-010,Sucursal,1538000.0,269,Resuelto,True
REC-10173,2026-05-03 05:13:00,19.865.720-2,Problemas con la renovación de la póliza de seguro contra incendio en el dividendo.,Crédito Hipotecario,Crédito Hipotecario,EJEC-016,App Móvil,1906000.0,128,Rechazado,True
REC-10174,2026-04-25 18:01:00,16.179.677-0,No reconozco un cargo recurrente de una suscripción que cancelé hace meses.,Tarjeta de Crédito,Tarjeta de Crédito,EJEC-017,App Móvil,1434000.0,198,Resuelto,True
REC-10175,2026-03-25 17:45:00,19.219.796-1,Cobro no autorizado de seguro de protección de tarjeta no contratado.,Seguros,Seguros,EJEC-017,Call Center,2023000.0,509,Resuelto,True
REC-10176,2026-05-12 14:10:00,19.677.159-K,No han gestionado el reembolso médico ingresado hace un mes.,Seguros,Seguros,EJEC-013,Sucursal,2042000.0,268,Rechazado,True
REC-10177,2026-01-19 01:32:00,18.452.817-0,Solicité el rescate de mi fondo mutuo y el dinero no ha sido depositado.,Inversiones / Fondos Mutuos,Tarjeta de Crédito,EJEC-016,Web,721000.0,229,Resuelto,False
REC-10178,2026-07-16 21:53:00,25.530.483-K,Retraso injustificado en el proceso de tasación para el crédito solicitado.,Crédito Hipotecario,Crédito Hipotecario,EJEC-018,App Móvil,1636000.0,401,Resuelto,True
REC-10179,2026-02-15 18:20:00,17.641.230-1,No reconozco un cargo recurrente de una suscripción que cancelé hace meses.,Tarjeta de Crédito,Tarjeta de Crédito,EJEC-010,Call Center,1685000.0,479,Rechazado,True
REC-10180,2026-04-08 07:50:00,12.571.454-1,Realicé el prepago total de mi crédito de consumo y aún figuro con deuda activa.,Crédito Consumo,Tarjeta de Crédito,EJEC-002,Call Center,1539000.0,61,Resuelto,False
REC-10181,2026-02-22 02:17:00,8.708.134-K,No se aplicó la exención tributaria pactada al momento de la inversión.,Inversiones / Fondos Mutuos,Inversiones / Fondos Mutuos,EJEC-002,App Móvil,1853000.0,456,En Proceso,True
REC-10182,2026-03-01 18:25:00,11.872.984-0,Inconsistencia en el saldo contable tras realizar una transferencia bancaria.,Cuenta Corriente,Crédito Consumo,EJEC-019,Sucursal,1446000.0,373,Resuelto,False
REC-10183,2026-03-19 04:53:00,21.326.523-2,La cuota cobrada este mes es mayor al dividendo pactado en el contrato inicial.,Crédito Consumo,Crédito Consumo,EJEC-019,App Móvil,1567000.0,482,Rechazado,True
REC-10184,2026-05-07 01:36:00,16.758.787-K,Se ejecutó una orden de compra de acciones que no autoricé desde la app.,Inversiones / Fondos Mutuos,Inversiones / Fondos Mutuos,EJEC-014,App Móvil,753000.0,233,Rechazado,True
REC-10185,2026-05-02 08:13:00,12.407.978-1,La tasa de interés aplicada en el dividendo no coincide con la firma de la escritura.,Crédito Hipotecario,Crédito Hipotecario,EJEC-014,App Móvil,974000.0,306,Resuelto,True
REC-10186,2026-03-26 22:04:00,7.560.967-2,Se duplicó el cobro de la última compra efectuada en el supermercado con la tarjeta.,Tarjeta de Crédito,Tarjeta de Crédito,EJEC-007,Web,675000.0,85,Resuelto,True
REC-10187,2026-02-18 20:03:00,22.322.590-1,No han enviado el certificado de prepago que solicité hace más de 15 días.,Crédito Consumo,Tarjeta de Crédito,EJEC-007,App Móvil,2405000.0,165,Rechazado,False
REC-10188,2026-07-13 16:20:00,12.812.718-1,Aún no liberan el certificado de alzamiento de mi propiedad tras saldar la deuda.,Crédito Hipotecario,Crédito Hipotecario,EJEC-010,Call Center,1168000.0,412,En Proceso,True
REC-10189,2026-03-08 12:16:00,21.609.577-0,Aumento no notificado en la prima mensual de la póliza de vida.,Seguros,Seguros,EJEC-011,App Móvil,930000.0,468,Resuelto,True
REC-10190,2026-05-25 07:33:00,9.116.367-K,Realicé el prepago total de mi crédito de consumo y aún figuro con deuda activa.,Crédito Consumo,Crédito Consumo,EJEC-008,Call Center,1427000.0,296,En Proceso,True
REC-10191,2026-05-21 22:20:00,15.363.881-K,Demora en la liquidación del siniestro denunciado el mes anterior.,Seguros,Seguros,EJEC-015,App Móvil,1833000.0,405,Resuelto,True
REC-10192,2026-02-05 18:39:00,20.288.655-0,Solicité el rescate de mi fondo mutuo y el dinero no ha sido depositado.,Inversiones / Fondos Mutuos,Tarjeta de Crédito,EJEC-002,Web,1034000.0,281,Resuelto,False
REC-10193,2026-07-01 05:09:00,5.323.617-K,La cuota cobrada este mes es mayor al dividendo pactado en el contrato inicial.,Crédito Consumo,Crédito Consumo,EJEC-020,Call Center,1650000.0,61,Resuelto,True
REC-10194,2026-05-17 18:49:00,18.112.117-2,Se ejecutó una orden de compra de acciones que no autoricé desde la app.,Inversiones / Fondos Mutuos,Inversiones / Fondos Mutuos,EJEC-014,App Móvil,272000.0,143,Rechazado,True
REC-10195,2026-02-08 08:13:00,11.734.639-2,No han enviado el certificado de prepago que solicité hace más de 15 días.,Crédito Consumo,Crédito Consumo,EJEC-003,Sucursal,2398000.0,515,Rechazado,True
REC-10196,2026-03-04 23:47:00,12.407.800-0,Demora en la liquidación del siniestro denunciado el mes anterior.,Seguros,Seguros,EJEC-003,Call Center,951000.0,532,Resuelto,True
REC-10197,2026-06-13 00:19:00,10.184.611-K,No han gestionado el reembolso médico ingresado hace un mes.,Seguros,Seguros,EJEC-004,Web,578000.0,531,En Proceso,True
REC-10198,2026-01-12 02:32:00,13.656.677-0,Cobro injustificado de mantención de cuenta corriente contratada bajo plan coste cero.,Cuenta Corriente,Cuenta Corriente,EJEC-007,App Móvil,1882000.0,452,Resuelto,True
REC-10199,2026-03-18 05:32:00,23.346.680-K,Cobro no autorizado de seguro de protección de tarjeta no contratado.,Seguros,Seguros,EJEC-005,Web,1254000.0,399,Resuelto,True
REC-10200,2026-01-26 14:55:00,12.958.177-2,Demora excesiva en la constitución de un Depósito a Plazo desde la banca en línea.,Inversiones / Fondos Mutuos,Crédito Hipotecario,EJEC-011,Web,1587000.0,506,En Proceso,False
REC-10201,2026-02-28 12:08:00,22.484.542-1,Cobro no autorizado de seguro de protección de tarjeta no contratado.,Seguros,Seguros,EJEC-003,Sucursal,1996000.0,120,Resuelto,True
REC-10202,2026-03-10 05:15:00,17.828.902-1,Aumento no notificado en la prima mensual de la póliza de vida.,Seguros,Seguros,EJEC-004,Web,18000.0,360,En Proceso,True
REC-10203,2026-04-03 09:12:00,8.235.189-1,Retraso injustificado en el proceso de tasación para el crédito solicitado.,Crédito Hipotecario,Crédito Hipotecario,EJEC-017,Call Center,263000.0,136,En Proceso,True
REC-10204,2026-05-22 03:10:00,24.712.903-2,La tasa de interés aplicada en el dividendo no coincide con la firma de la escritura.,Crédito Hipotecario,Crédito Hipotecario,EJEC-013,Web,1813000.0,293,Rechazado,True
REC-10205,2026-05-14 05:47:00,17.273.242-2,No han enviado el certificado de prepago que solicité hace más de 15 días.,Crédito Consumo,Crédito Consumo,EJEC-003,App Móvil,1090000.0,476,En Proceso,True
REC-10206,2026-05-04 02:37:00,16.357.352-K,Demora excesiva en la constitución de un Depósito a Plazo desde la banca en línea.,Inversiones / Fondos Mutuos,Inversiones / Fondos Mutuos,EJEC-004,App Móvil,765000.0,450,En Proceso,True
REC-10207,2026-06-08 12:58:00,15.550.442-K,Cobro no autorizado de seguro de protección de tarjeta no contratado.,Seguros,Seguros,EJEC-011,App Móvil,1200000.0,226,En Proceso,True
REC-10208,2026-03-23 09:56:00,25.602.689-1,Me están aplicando intereses moratorios indebidos en mi cuota.,Crédito Consumo,Crédito Consumo,EJEC-013,Sucursal,289000.0,249,Rechazado,True
REC-10209,2026-05-20 06:08:00,22.127.844-K,Solicité la cancelación del seguro de desgravamen y lo siguen cobrando.,Seguros,Seguros,EJEC-010,Web,2048000.0,463,Rechazado,True
REC-10210,2026-05-08 04:45:00,25.410.347-2,Solicité la cancelación del seguro de desgravamen y lo siguen cobrando.,Seguros,Seguros,EJEC-013,Web,1125000.0,535,Rechazado,True
REC-10211,2026-04-13 18:14:00,21.990.808-K,Solicité el rescate de mi fondo mutuo y el dinero no ha sido depositado.,Inversiones / Fondos Mutuos,Inversiones / Fondos Mutuos,EJEC-012,Web,278000.0,299,Rechazado,True
REC-10212,2026-06-20 12:07:00,10.762.727-0,No se aplicó la exención tributaria pactada al momento de la inversión.,Inversiones / Fondos Mutuos,Inversiones / Fondos Mutuos,EJEC-013,Sucursal,2414000.0,485,Resuelto,True
REC-10213,2026-01-03 03:21:00,13.327.622-1,Se aplicó el cobro del seguro asociado al crédito dos veces en el mismo período.,Crédito Hipotecario,Crédito Hipotecario,EJEC-019,App Móvil,866000.0,70,En Proceso,True
REC-10214,2026-01-27 10:05:00,18.187.218-1,No han enviado el certificado de prepago que solicité hace más de 15 días.,Crédito Consumo,Crédito Consumo,EJEC-007,Call Center,874000.0,144,En Proceso,True
REC-10215,2026-07-04 23:46:00,19.426.168-2,No reconozco un cargo recurrente de una suscripción que cancelé hace meses.,Tarjeta de Crédito,Tarjeta de Crédito,EJEC-001,Sucursal,1622000.0,213,Rechazado,True
REC-10216,2026-03-04 17:36:00,10.665.263-2,La rentabilidad reflejada en el cartola no cuadra con el saldo real.,Inversiones / Fondos Mutuos,Cuenta Corriente,EJEC-013,App Móvil,470000.0,487,En Proceso,False
REC-10217,2026-01-08 20:57:00,11.560.706-K,La tasa de interés aplicada en el dividendo no coincide con la firma de la escritura.,Crédito Hipotecario,Crédito Hipotecario,EJEC-007,Sucursal,1882000.0,109,Rechazado,True
REC-10218,2026-01-27 18:19:00,10.474.433-1,La tasa de interés aplicada en el dividendo no coincide con la firma de la escritura.,Crédito Hipotecario,Crédito Hipotecario,EJEC-016,Sucursal,1494000.0,446,Rechazado,True
REC-10219,2026-01-30 11:52:00,16.965.568-1,Demora en la liquidación del siniestro denunciado el mes anterior.,Seguros,Seguros,EJEC-020,Web,1682000.0,365,Resuelto,True
REC-10220,2026-03-03 10:25:00,8.287.482-1,La rentabilidad reflejada en el cartola no cuadra con el saldo real.,Inversiones / Fondos Mutuos,Inversiones / Fondos Mutuos,EJEC-005,Call Center,1060000.0,543,Rechazado,True
REC-10221,2026-05-18 23:40:00,25.277.668-1,Se aplicó el cobro del seguro asociado al crédito dos veces en el mismo período.,Crédito Hipotecario,Crédito Hipotecario,EJEC-011,Call Center,1550000.0,412,Resuelto,True
REC-10222,2026-05-05 04:39:00,11.934.493-K,Problemas con la renovación de la póliza de seguro contra incendio en el dividendo.,Crédito Hipotecario,Crédito Hipotecario,EJEC-015,Call Center,422000.0,76,Resuelto,True
REC-10223,2026-03-16 01:06:00,13.330.650-2,Cobro injustificado de mantención de cuenta corriente contratada bajo plan coste cero.,Cuenta Corriente,Cuenta Corriente,EJEC-016,Web,1434000.0,319,Rechazado,True
REC-10224,2026-04-04 18:30:00,6.878.836-K,Cobro no informado de comisiones por rescate anticipado de la inversión.,Inversiones / Fondos Mutuos,Tarjeta de Crédito,EJEC-008,Sucursal,2188000.0,78,En Proceso,False
REC-10225,2026-03-09 11:53:00,7.549.986-0,El cajero automático no me entregó el dinero pero descontó el saldo de mi cuenta.,Cuenta Corriente,Cuenta Corriente,EJEC-019,Sucursal,2153000.0,483,Resuelto,True
REC-10226,2026-06-07 04:45:00,11.933.311-0,Se ejecutó una orden de compra de acciones que no autoricé desde la app.,Inversiones / Fondos Mutuos,Inversiones / Fondos Mutuos,EJEC-020,App Móvil,813000.0,344,En Proceso,True
REC-10227,2026-05-27 09:07:00,21.795.934-0,Cobro injustificado de mantención de cuenta corriente contratada bajo plan coste cero.,Cuenta Corriente,Cuenta Corriente,EJEC-002,Sucursal,2168000.0,174,Rechazado,True
REC-10228,2026-02-03 08:31:00,9.828.429-1,Aumento no notificado en la prima mensual de la póliza de vida.,Seguros,Seguros,EJEC-019,Sucursal,1571000.0,429,En Proceso,True
REC-10229,2026-01-20 21:37:00,7.512.627-2,No han gestionado el reembolso médico ingresado hace un mes.,Seguros,Seguros,EJEC-016,Sucursal,1457000.0,140,Rechazado,True
REC-10230,2026-04-28 21:40:00,16.970.164-K,Tengo la cuenta bloqueada sin previo aviso y no puedo realizar giros.,Cuenta Corriente,Inversiones / Fondos Mutuos,EJEC-009,Sucursal,2072000.0,390,Rechazado,False
REC-10231,2026-05-28 04:27:00,23.972.596-2,El seguro de fraude rechazó la cobertura sin dar explicaciones claras.,Seguros,Seguros,EJEC-015,Web,315000.0,206,En Proceso,True
REC-10232,2026-04-27 00:01:00,18.307.805-1,No han gestionado el reembolso médico ingresado hace un mes.,Seguros,Seguros,EJEC-009,Web,1638000.0,301,Resuelto,True
REC-10233,2026-04-06 22:40:00,25.269.153-K,No han gestionado el reembolso médico ingresado hace un mes.,Seguros,Seguros,EJEC-008,Call Center,1640000.0,142,Resuelto,True
REC-10234,2026-02-24 16:16:00,7.235.707-1,No se aplicó la exención tributaria pactada al momento de la inversión.,Inversiones / Fondos Mutuos,Inversiones / Fondos Mutuos,EJEC-001,Sucursal,2044000.0,477,Rechazado,True
REC-10235,2026-02-03 16:18:00,7.334.492-0,El seguro de fraude rechazó la cobertura sin dar explicaciones claras.,Seguros,Seguros,EJEC-012,Sucursal,347000.0,181,Rechazado,True
REC-10236,2026-06-23 04:52:00,7.643.676-0,No se aplicó la exención tributaria pactada al momento de la inversión.,Inversiones / Fondos Mutuos,Inversiones / Fondos Mutuos,EJEC-012,App Móvil,1572000.0,200,En Proceso,True
REC-10237,2026-06-07 23:26:00,19.980.322-0,Aparece un consumo no reconocido realizado en el extranjero el fin de semana.,Tarjeta de Crédito,Tarjeta de Crédito,EJEC-019,Call Center,882000.0,484,En Proceso,True
REC-10238,2026-02-05 08:27:00,13.760.186-1,Demora excesiva en la constitución de un Depósito a Plazo desde la banca en línea.,Inversiones / Fondos Mutuos,Inversiones / Fondos Mutuos,EJEC-020,Sucursal,1949000.0,72,Rechazado,True
REC-10239,2026-03-19 07:00:00,21.721.621-1,Aumento no notificado en la prima mensual de la póliza de vida.,Seguros,Seguros,EJEC-002,App Móvil,1240000.0,160,Resuelto,True
REC-10240,2026-05-08 21:46:00,24.172.640-0,No han enviado el certificado de prepago que solicité hace más de 15 días.,Crédito Consumo,Crédito Consumo,EJEC-019,Call Center,917000.0,221,En Proceso,True
REC-10241,2026-07-17 02:29:00,5.701.169-0,Realicé el prepago total de mi crédito de consumo y aún figuro con deuda activa.,Crédito Consumo,Crédito Consumo,EJEC-002,Call Center,1269000.0,558,En Proceso,True
REC-10242,2026-04-19 23:57:00,17.184.755-1,La cuota cobrada este mes es mayor al dividendo pactado en el contrato inicial.,Crédito Consumo,Crédito Consumo,EJEC-017,App Móvil,2436000.0,204,Rechazado,True
REC-10243,2026-03-25 13:20:00,23.749.881-0,Error en la reprogramación de cuotas solicitada el mes pasado.,Crédito Consumo,Crédito Consumo,EJEC-008,Web,615000.0,489,Resuelto,True
REC-10244,2026-04-27 20:53:00,24.156.416-1,Me cobraron una comisión por mantención que no corresponde a mi tarjeta.,Tarjeta de Crédito,Tarjeta de Crédito,EJEC-001,App Móvil,1244000.0,400,Rechazado,True
REC-10245,2026-05-13 08:50:00,10.480.229-2,El seguro de fraude rechazó la cobertura sin dar explicaciones claras.,Seguros,Seguros,EJEC-001,Sucursal,2019000.0,323,Rechazado,True
REC-10246,2026-01-17 08:58:00,23.742.178-K,El cobro del dividendo no reflejó el abono adicional abonado en ventanilla.,Crédito Hipotecario,Crédito Hipotecario,EJEC-016,App Móvil,922000.0,306,Resuelto,True
REC-10247,2026-05-27 23:00:00,8.333.858-0,No reconozco un cargo recurrente de una suscripción que cancelé hace meses.,Tarjeta de Crédito,Crédito Consumo,EJEC-002,Call Center,913000.0,198,Resuelto,False
REC-10248,2026-01-10 18:52:00,25.529.329-2,Tengo la cuenta bloqueada sin previo aviso y no puedo realizar giros.,Cuenta Corriente,Crédito Hipotecario,EJEC-009,Web,1431000.0,167,Rechazado,False
REC-10249,2026-06-22 01:47:00,10.328.923-0,La tasa de interés aplicada en el dividendo no coincide con la firma de la escritura.,Crédito Hipotecario,Crédito Consumo,EJEC-010,Sucursal,221000.0,512,Resuelto,False
REC-10250,2026-04-05 06:50:00,14.677.903-2,Cobro no autorizado de seguro de protección de tarjeta no contratado.,Seguros,Seguros,EJEC-012,Call Center,2494000.0,245,Rechazado,True
REC-10251,2026-05-20 08:22:00,9.106.519-0,Inconsistencia en el saldo contable tras realizar una transferencia bancaria.,Cuenta Corriente,Cuenta Corriente,EJEC-001,Sucursal,9000.0,430,Rechazado,True
REC-10252,2026-07-06 10:29:00,8.310.642-1,Retraso injustificado en el proceso de tasación para el crédito solicitado.,Crédito Hipotecario,Cuenta Corriente,EJEC-009,Web,115000.0,282,Rechazado,False
REC-10253,2026-04-16 23:55:00,16.569.865-0,Solicité el rescate de mi fondo mutuo y el dinero no ha sido depositado.,Inversiones / Fondos Mutuos,Inversiones / Fondos Mutuos,EJEC-013,Web,1482000.0,108,En Proceso,True
REC-10254,2026-06-19 04:27:00,12.398.367-2,Problemas con la renovación de la póliza de seguro contra incendio en el dividendo.,Crédito Hipotecario,Crédito Consumo,EJEC-011,Call Center,684000.0,121,Resuelto,False
REC-10255,2026-02-04 19:57:00,8.259.208-1,Retraso injustificado en el proceso de tasación para el crédito solicitado.,Crédito Hipotecario,Crédito Hipotecario,EJEC-004,Sucursal,2412000.0,257,En Proceso,True
REC-10256,2026-03-20 15:48:00,13.972.222-0,Cobro injustificado de mantención de cuenta corriente contratada bajo plan coste cero.,Cuenta Corriente,Cuenta Corriente,EJEC-020,Web,541000.0,380,Resuelto,True
REC-10257,2026-01-24 08:28:00,16.505.625-0,No han gestionado el reembolso médico ingresado hace un mes.,Seguros,Seguros,EJEC-006,Web,2380000.0,508,Rechazado,True
REC-10258,2026-07-11 18:46:00,12.196.573-0,Traté de realizar una transferencia por PAC y el sistema debitó dos veces el monto.,Cuenta Corriente,Cuenta Corriente,EJEC-008,App Móvil,499000.0,455,En Proceso,True
REC-10259,2026-06-25 21:30:00,25.186.696-2,Me cobraron una comisión por mantención que no corresponde a mi tarjeta.,Tarjeta de Crédito,Crédito Consumo,EJEC-015,App Móvil,234000.0,384,Resuelto,False
REC-10260,2026-01-11 15:44:00,6.272.687-K,Aumento no notificado en la prima mensual de la póliza de vida.,Seguros,Seguros,EJEC-013,Call Center,436000.0,264,Resuelto,True
REC-10261,2026-03-12 09:33:00,19.252.135-1,No han gestionado el reembolso médico ingresado hace un mes.,Seguros,Seguros,EJEC-018,Call Center,157000.0,331,En Proceso,True
REC-10262,2026-02-05 14:18:00,11.758.916-1,Cobro no autorizado de seguro de protección de tarjeta no contratado.,Seguros,Seguros,EJEC-013,Sucursal,1202000.0,541,En Proceso,True
REC-10263,2026-05-25 17:08:00,15.497.376-1,Solicité el bloqueo de mi tarjeta por clonación y no se procesó a tiempo.,Tarjeta de Crédito,Tarjeta de Crédito,EJEC-001,Sucursal,151000.0,528,Rechazado,True
REC-10264,2026-04-02 19:56:00,12.263.202-1,Solicité la cancelación del seguro de desgravamen y lo siguen cobrando.,Seguros,Seguros,EJEC-002,App Móvil,1441000.0,442,En Proceso,True
REC-10265,2026-02-14 06:00:00,12.706.425-2,Solicité el rescate de mi fondo mutuo y el dinero no ha sido depositado.,Inversiones / Fondos Mutuos,Inversiones / Fondos Mutuos,EJEC-012,App Móvil,1410000.0,237,En Proceso,True
REC-10266,2026-05-19 10:32:00,10.602.138-0,Aparece un consumo no reconocido realizado en el extranjero el fin de semana.,Tarjeta de Crédito,Tarjeta de Crédito,EJEC-001,Call Center,7000.0,251,Resuelto,True
REC-10267,2026-03-29 06:03:00,15.160.122-1,No se aplicó la exención tributaria pactada al momento de la inversión.,Inversiones / Fondos Mutuos,Tarjeta de Crédito,EJEC-017,Sucursal,2402000.0,427,Rechazado,False
REC-10268,2026-06-19 13:30:00,23.203.444-2,Realicé el prepago total de mi crédito de consumo y aún figuro con deuda activa.,Crédito Consumo,Inversiones / Fondos Mutuos,EJEC-016,Sucursal,440000.0,410,Resuelto,False
REC-10269,2026-06-20 20:06:00,10.487.414-2,El cajero automático no me entregó el dinero pero descontó el saldo de mi cuenta.,Cuenta Corriente,Cuenta Corriente,EJEC-019,Call Center,2128000.0,78,Resuelto,True
REC-10270,2026-06-04 10:51:00,24.326.754-0,Aún no liberan el certificado de alzamiento de mi propiedad tras saldar la deuda.,Crédito Hipotecario,Crédito Hipotecario,EJEC-003,App Móvil,870000.0,372,Resuelto,True
REC-10271,2026-06-12 03:01:00,25.846.443-K,Solicité el bloqueo de mi tarjeta por clonación y no se procesó a tiempo.,Tarjeta de Crédito,Tarjeta de Crédito,EJEC-003,Sucursal,645000.0,155,Rechazado,True
REC-10272,2026-01-01 01:38:00,17.548.850-K,Tengo la cuenta bloqueada sin previo aviso y no puedo realizar giros.,Cuenta Corriente,Cuenta Corriente,EJEC-013,Sucursal,1367000.0,148,En Proceso,True
REC-10273,2026-05-28 22:13:00,12.266.562-0,Solicité el bloqueo de mi tarjeta por clonación y no se procesó a tiempo.,Tarjeta de Crédito,Tarjeta de Crédito,EJEC-009,Web,190000.0,219,En Proceso,True
REC-10274,2026-02-11 02:33:00,22.195.446-K,El seguro de fraude rechazó la cobertura sin dar explicaciones claras.,Seguros,Seguros,EJEC-006,Call Center,397000.0,148,En Proceso,True
REC-10275,2026-02-22 06:29:00,18.813.667-2,No han gestionado el reembolso médico ingresado hace un mes.,Seguros,Seguros,EJEC-004,Web,985000.0,547,Resuelto,True
REC-10276,2026-01-14 12:18:00,5.537.189-2,Demora en la liquidación del siniestro denunciado el mes anterior.,Seguros,Seguros,EJEC-007,Web,69000.0,219,Rechazado,True
REC-10277,2026-03-16 02:47:00,20.964.218-2,Retraso injustificado en el proceso de tasación para el crédito solicitado.,Crédito Hipotecario,Crédito Hipotecario,EJEC-009,Web,1606000.0,441,Resuelto,True
REC-10278,2026-04-05 13:01:00,16.291.556-0,Me están aplicando intereses moratorios indebidos en mi cuota.,Crédito Consumo,Crédito Consumo,EJEC-008,Sucursal,1413000.0,199,Rechazado,True
REC-10279,2026-06-20 03:18:00,7.784.452-K,Cobro no informado de comisiones por rescate anticipado de la inversión.,Inversiones / Fondos Mutuos,Inversiones / Fondos Mutuos,EJEC-013,Call Center,2414000.0,531,Rechazado,True
REC-10280,2026-03-02 16:15:00,14.180.504-0,Demora excesiva en la constitución de un Depósito a Plazo desde la banca en línea.,Inversiones / Fondos Mutuos,Seguros,EJEC-020,App Móvil,305000.0,504,Resuelto,False
REC-10281,2026-02-12 07:13:00,11.229.143-K,Me aplicaron intereses de mora a pesar de haber realizado el pago antes del vencimiento.,Tarjeta de Crédito,Tarjeta de Crédito,EJEC-005,Sucursal,803000.0,113,Resuelto,True
REC-10282,2026-04-10 18:59:00,17.665.433-2,La rentabilidad reflejada en el cartola no cuadra con el saldo real.,Inversiones / Fondos Mutuos,Tarjeta de Crédito,EJEC-020,Call Center,286000.0,198,Resuelto,False
REC-10283,2026-05-26 20:04:00,23.876.202-0,Solicité el rescate de mi fondo mutuo y el dinero no ha sido depositado.,Inversiones / Fondos Mutuos,Inversiones / Fondos Mutuos,EJEC-018,Sucursal,2195000.0,315,En Proceso,True
REC-10284,2026-06-17 16:34:00,23.723.584-0,Me cobraron cobros excesivos por sobregiro cuando tenía saldo a favor.,Cuenta Corriente,Cuenta Corriente,EJEC-020,Call Center,102000.0,384,Rechazado,True
REC-10285,2026-03-02 01:40:00,20.375.481-0,No han enviado el certificado de prepago que solicité hace más de 15 días.,Crédito Consumo,Crédito Consumo,EJEC-016,Web,2431000.0,278,Resuelto,True
REC-10286,2026-03-18 15:07:00,15.375.846-K,No se aplicó la exención tributaria pactada al momento de la inversión.,Inversiones / Fondos Mutuos,Inversiones / Fondos Mutuos,EJEC-015,App Móvil,2284000.0,461,Rechazado,True
REC-10287,2026-05-05 17:37:00,16.940.157-1,Solicité el bloqueo de mi tarjeta por clonación y no se procesó a tiempo.,Tarjeta de Crédito,Tarjeta de Crédito,EJEC-013,App Móvil,1952000.0,581,Rechazado,True
REC-10288,2026-01-08 05:55:00,11.996.952-1,Aparece un consumo no reconocido realizado en el extranjero el fin de semana.,Tarjeta de Crédito,Tarjeta de Crédito,EJEC-002,Sucursal,1763000.0,325,En Proceso,True
REC-10289,2026-04-29 17:14:00,17.750.226-0,Me cobraron cobros excesivos por sobregiro cuando tenía saldo a favor.,Cuenta Corriente,Cuenta Corriente,EJEC-015,App Móvil,2401000.0,530,Rechazado,True
REC-10290,2026-05-22 11:56:00,16.267.957-2,Demora en la liquidación del siniestro denunciado el mes anterior.,Seguros,Seguros,EJEC-001,Call Center,129000.0,264,Resuelto,True
REC-10291,2026-06-15 07:41:00,11.375.767-K,Solicité el rescate de mi fondo mutuo y el dinero no ha sido depositado.,Inversiones / Fondos Mutuos,Tarjeta de Crédito,EJEC-016,App Móvil,1620000.0,53,Resuelto,False
REC-10292,2026-03-06 20:45:00,14.829.826-2,Retraso injustificado en el proceso de tasación para el crédito solicitado.,Crédito Hipotecario,Inversiones / Fondos Mutuos,EJEC-009,App Móvil,1169000.0,578,Rechazado,False
REC-10293,2026-04-12 19:57:00,8.107.623-2,No se aplicó la exención tributaria pactada al momento de la inversión.,Inversiones / Fondos Mutuos,Inversiones / Fondos Mutuos,EJEC-010,Sucursal,1713000.0,538,Resuelto,True
REC-10294,2026-03-28 09:26:00,25.432.982-2,Error en la reprogramación de cuotas solicitada el mes pasado.,Crédito Consumo,Crédito Consumo,EJEC-010,App Móvil,379000.0,291,Resuelto,True
REC-10295,2026-06-03 13:47:00,15.797.243-0,Aumento no notificado en la prima mensual de la póliza de vida.,Seguros,Crédito Consumo,EJEC-014,Call Center,974000.0,81,Rechazado,False
REC-10296,2026-07-01 19:31:00,11.451.843-1,Cobro no autorizado de seguro de protección de tarjeta no contratado.,Seguros,Seguros,EJEC-016,Sucursal,1271000.0,219,Rechazado,True
REC-10297,2026-05-23 06:10:00,14.199.582-1,No han gestionado el reembolso médico ingresado hace un mes.,Seguros,Seguros,EJEC-018,App Móvil,2368000.0,388,Rechazado,True
REC-10298,2026-01-23 07:35:00,16.328.862-2,Se aplicó el cobro del seguro asociado al crédito dos veces en el mismo período.,Crédito Hipotecario,Crédito Hipotecario,EJEC-019,Sucursal,1162000.0,165,En Proceso,True
REC-10299,2026-01-14 21:39:00,23.694.735-0,Aún no liberan el certificado de alzamiento de mi propiedad tras saldar la deuda.,Crédito Hipotecario,Crédito Hipotecario,EJEC-013,Sucursal,1036000.0,199,Resuelto,True
REC-10300,2026-02-21 11:41:00,18.683.568-1,Error en la reprogramación de cuotas solicitada el mes pasado.,Crédito Consumo,Crédito Consumo,EJEC-003,Call Center,835000.0,226,En Proceso,True
REC-10301,2026-06-12 01:58:00,5.562.380-1,Inconsistencia en el saldo contable tras realizar una transferencia bancaria.,Cuenta Corriente,Cuenta Corriente,EJEC-016,Web,328000.0,489,Rechazado,True
REC-10302,2026-04-20 13:46:00,18.588.492-0,Se duplicó el cobro de la última compra efectuada en el supermercado con la tarjeta.,Tarjeta de Crédito,Tarjeta de Crédito,EJEC-012,Web,2231000.0,588,Resuelto,True
REC-10303,2026-01-05 23:05:00,5.741.851-1,Cierre intempestivo de mi cuenta sin notificación formal por parte del banco.,Cuenta Corriente,Crédito Hipotecario,EJEC-005,Web,962000.0,358,Resuelto,False
REC-10304,2026-01-17 01:33:00,14.397.566-2,Problemas con la renovación de la póliza de seguro contra incendio en el dividendo.,Crédito Hipotecario,Crédito Consumo,EJEC-016,Sucursal,1877000.0,213,En Proceso,False
REC-10305,2026-01-05 07:47:00,12.844.234-1,El seguro de fraude rechazó la cobertura sin dar explicaciones claras.,Seguros,Seguros,EJEC-006,Web,920000.0,83,En Proceso,True
REC-10306,2026-06-13 08:43:00,22.738.149-0,El seguro de fraude rechazó la cobertura sin dar explicaciones claras.,Seguros,Seguros,EJEC-001,Web,1726000.0,471,En Proceso,True
REC-10307,2026-04-08 04:13:00,22.358.585-1,Cierre intempestivo de mi cuenta sin notificación formal por parte del banco.,Cuenta Corriente,Cuenta Corriente,EJEC-001,Sucursal,1055000.0,148,Rechazado,True
REC-10308,2026-05-14 09:12:00,24.720.817-1,La tasa de interés aplicada en el dividendo no coincide con la firma de la escritura.,Crédito Hipotecario,Crédito Hipotecario,EJEC-020,Web,710000.0,153,En Proceso,True
REC-10309,2026-02-20 20:47:00,11.896.369-1,Error en la reprogramación de cuotas solicitada el mes pasado.,Crédito Consumo,Crédito Consumo,EJEC-006,Web,1373000.0,257,Rechazado,True
REC-10310,2026-05-04 11:17:00,12.102.113-0,No reconozco un cargo recurrente de una suscripción que cancelé hace meses.,Tarjeta de Crédito,Tarjeta de Crédito,EJEC-016,App Móvil,2374000.0,568,Resuelto,True
REC-10311,2026-07-05 03:27:00,13.759.336-K,No han enviado el certificado de prepago que solicité hace más de 15 días.,Crédito Consumo,Crédito Consumo,EJEC-004,App Móvil,2186000.0,342,En Proceso,True
REC-10312,2026-06-23 10:40:00,18.856.218-0,Me cobraron una comisión por mantención que no corresponde a mi tarjeta.,Tarjeta de Crédito,Crédito Consumo,EJEC-011,Sucursal,2237000.0,319,Rechazado,False
REC-10313,2026-01-24 12:43:00,15.287.216-K,Retraso injustificado en el proceso de tasación para el crédito solicitado.,Crédito Hipotecario,Crédito Hipotecario,EJEC-013,Call Center,2001000.0,215,Resuelto,True
REC-10314,2026-02-03 23:45:00,6.964.263-0,El cobro del dividendo no reflejó el abono adicional abonado en ventanilla.,Crédito Hipotecario,Crédito Hipotecario,EJEC-019,Call Center,457000.0,433,En Proceso,True
REC-10315,2026-06-06 00:59:00,9.594.599-0,Retraso injustificado en el proceso de tasación para el crédito solicitado.,Crédito Hipotecario,Crédito Hipotecario,EJEC-009,Sucursal,36000.0,582,Rechazado,True
REC-10316,2026-05-28 19:17:00,12.785.994-2,Demora excesiva en la constitución de un Depósito a Plazo desde la banca en línea.,Inversiones / Fondos Mutuos,Inversiones / Fondos Mutuos,EJEC-020,Web,1085000.0,299,En Proceso,True
REC-10317,2026-03-30 22:39:00,25.494.252-0,Me aplicaron intereses de mora a pesar de haber realizado el pago antes del vencimiento.,Tarjeta de Crédito,Seguros,EJEC-016,Call Center,2174000.0,121,En Proceso,False
REC-10318,2026-03-24 08:13:00,15.384.151-1,No se aplicó la exención tributaria pactada al momento de la inversión.,Inversiones / Fondos Mutuos,Inversiones / Fondos Mutuos,EJEC-008,Web,1150000.0,503,Resuelto,True
REC-10319,2026-05-08 15:15:00,15.221.609-0,No me han abonado los puntos ni las millas acumuladas de mi tarjeta.,Tarjeta de Crédito,Tarjeta de Crédito,EJEC-018,Web,2066000.0,356,Rechazado,True
REC-10320,2026-05-24 07:03:00,25.787.567-2,La cuota cobrada este mes es mayor al dividendo pactado en el contrato inicial.,Crédito Consumo,Crédito Consumo,EJEC-015,Sucursal,1403000.0,529,Rechazado,True
REC-10321,2026-06-18 12:24:00,19.216.199-1,Solicité el bloqueo de mi tarjeta por clonación y no se procesó a tiempo.,Tarjeta de Crédito,Tarjeta de Crédito,EJEC-010,Sucursal,1757000.0,91,Resuelto,True
REC-10322,2026-05-07 04:47:00,18.209.360-1,Traté de realizar una transferencia por PAC y el sistema debitó dos veces el monto.,Cuenta Corriente,Inversiones / Fondos Mutuos,EJEC-007,Call Center,2062000.0,240,Rechazado,False
REC-10323,2026-03-28 03:40:00,18.147.748-0,Retraso injustificado en el proceso de tasación para el crédito solicitado.,Crédito Hipotecario,Crédito Hipotecario,EJEC-017,App Móvil,2410000.0,49,Rechazado,True
REC-10324,2026-07-08 01:39:00,22.543.958-K,Cobro no informado de comisiones por rescate anticipado de la inversión.,Inversiones / Fondos Mutuos,Inversiones / Fondos Mutuos,EJEC-006,App Móvil,263000.0,374,Rechazado,True
REC-10325,2026-04-09 14:17:00,24.809.880-1,Me están aplicando intereses moratorios indebidos en mi cuota.,Crédito Consumo,Crédito Hipotecario,EJEC-015,App Móvil,350000.0,569,En Proceso,False
REC-10326,2026-06-29 18:41:00,15.828.854-1,El cajero automático no me entregó el dinero pero descontó el saldo de mi cuenta.,Cuenta Corriente,Cuenta Corriente,EJEC-010,Sucursal,2303000.0,180,Rechazado,True
REC-10327,2026-06-16 06:04:00,21.655.810-2,El seguro de fraude rechazó la cobertura sin dar explicaciones claras.,Seguros,Seguros,EJEC-018,Call Center,1459000.0,472,Rechazado,True
REC-10328,2026-07-11 18:13:00,14.998.967-K,Se duplicó el cobro de la última compra efectuada en el supermercado con la tarjeta.,Tarjeta de Crédito,Tarjeta de Crédito,EJEC-013,App Móvil,137000.0,102,Resuelto,True
REC-10329,2026-03-10 05:29:00,14.799.356-1,Me aplicaron intereses de mora a pesar de haber realizado el pago antes del vencimiento.,Tarjeta de Crédito,Tarjeta de Crédito,EJEC-007,Web,900000.0,508,Resuelto,True
REC-10330,2026-06-07 23:03:00,22.985.329-K,Inconsistencia en el saldo contable tras realizar una transferencia bancaria.,Cuenta Corriente,Cuenta Corriente,EJEC-010,Web,2317000.0,441,En Proceso,True
REC-10331,2026-06-25 10:40:00,22.155.113-2,Inconsistencia en el saldo contable tras realizar una transferencia bancaria.,Cuenta Corriente,Inversiones / Fondos Mutuos,EJEC-008,Sucursal,1889000.0,246,Rechazado,False
REC-10332,2026-02-19 10:02:00,19.281.799-0,El cajero automático no me entregó el dinero pero descontó el saldo de mi cuenta.,Cuenta Corriente,Cuenta Corriente,EJEC-004,Call Center,106000.0,330,Rechazado,True
REC-10333,2026-03-09 04:26:00,10.698.966-2,Solicité el bloqueo de mi tarjeta por clonación y no se procesó a tiempo.,Tarjeta de Crédito,Tarjeta de Crédito,EJEC-005,Web,388000.0,375,Rechazado,True
REC-10334,2026-01-14 21:20:00,24.963.777-2,El cobro del dividendo no reflejó el abono adicional abonado en ventanilla.,Crédito Hipotecario,Crédito Hipotecario,EJEC-003,Sucursal,1316000.0,233,Rechazado,True
REC-10335,2026-01-18 17:14:00,10.525.656-K,Solicité el bloqueo de mi tarjeta por clonación y no se procesó a tiempo.,Tarjeta de Crédito,Tarjeta de Crédito,EJEC-007,Sucursal,831000.0,345,Resuelto,True
REC-10336,2026-07-12 21:06:00,21.586.674-0,Me aplicaron intereses de mora a pesar de haber realizado el pago antes del vencimiento.,Tarjeta de Crédito,Tarjeta de Crédito,EJEC-008,App Móvil,2397000.0,373,En Proceso,True
REC-10337,2026-01-30 13:10:00,13.653.841-2,Se duplicó el cobro de la última compra efectuada en el supermercado con la tarjeta.,Tarjeta de Crédito,Crédito Hipotecario,EJEC-017,Call Center,1220000.0,348,Rechazado,False
REC-10338,2026-02-19 10:56:00,21.184.198-1,Demora excesiva en la constitución de un Depósito a Plazo desde la banca en línea.,Inversiones / Fondos Mutuos,Inversiones / Fondos Mutuos,EJEC-003,App Móvil,1677000.0,263,Rechazado,True
REC-10339,2026-04-19 03:32:00,11.650.948-K,El seguro de fraude rechazó la cobertura sin dar explicaciones claras.,Seguros,Seguros,EJEC-005,Web,1151000.0,384,Resuelto,True
REC-10340,2026-01-23 02:30:00,6.282.913-2,Solicité el rescate de mi fondo mutuo y el dinero no ha sido depositado.,Inversiones / Fondos Mutuos,Inversiones / Fondos Mutuos,EJEC-008,Sucursal,1022000.0,506,Rechazado,True
REC-10341,2026-04-14 14:46:00,15.117.498-0,Solicité el rescate de mi fondo mutuo y el dinero no ha sido depositado.,Inversiones / Fondos Mutuos,Inversiones / Fondos Mutuos,EJEC-020,Web,1891000.0,91,Rechazado,True
REC-10342,2026-01-19 12:12:00,21.208.396-2,Solicité el rescate de mi fondo mutuo y el dinero no ha sido depositado.,Inversiones / Fondos Mutuos,Inversiones / Fondos Mutuos,EJEC-015,Call Center,991000.0,76,En Proceso,True
REC-10343,2026-02-10 18:12:00,12.239.864-K,Se ejecutó una orden de compra de acciones que no autoricé desde la app.,Inversiones / Fondos Mutuos,Cuenta Corriente,EJEC-010,Sucursal,2394000.0,56,Rechazado,False
REC-10344,2026-05-23 04:49:00,8.142.105-K,Demora excesiva en la constitución de un Depósito a Plazo desde la banca en línea.,Inversiones / Fondos Mutuos,Crédito Consumo,EJEC-007,Sucursal,533000.0,569,Resuelto,False
REC-10345,2026-02-11 06:16:00,12.731.954-2,Traté de realizar una transferencia por PAC y el sistema debitó dos veces el monto.,Cuenta Corriente,Cuenta Corriente,EJEC-019,Web,2129000.0,517,Rechazado,True
REC-10346,2026-05-21 02:29:00,14.787.168-2,Aparece un consumo no reconocido realizado en el extranjero el fin de semana.,Tarjeta de Crédito,Tarjeta de Crédito,EJEC-016,Sucursal,896000.0,285,Resuelto,True
REC-10347,2026-03-14 21:08:00,7.298.425-K,Se aplicó el cobro del seguro asociado al crédito dos veces en el mismo período.,Crédito Hipotecario,Crédito Hipotecario,EJEC-010,App Móvil,1416000.0,418,En Proceso,True
REC-10348,2026-04-20 05:45:00,5.420.352-1,Demora en la liquidación del siniestro denunciado el mes anterior.,Seguros,Seguros,EJEC-009,Sucursal,340000.0,384,En Proceso,True
REC-10349,2026-04-29 15:12:00,16.893.412-K,Solicité el rescate de mi fondo mutuo y el dinero no ha sido depositado.,Inversiones / Fondos Mutuos,Inversiones / Fondos Mutuos,EJEC-020,Web,2105000.0,188,Rechazado,True
REC-10350,2026-02-20 08:59:00,25.178.844-0,No reconozco un cargo recurrente de una suscripción que cancelé hace meses.,Tarjeta de Crédito,Tarjeta de Crédito,EJEC-001,Call Center,1924000.0,262,Resuelto,True
REC-10351,2026-05-22 08:53:00,22.652.583-1,Me están aplicando intereses moratorios indebidos en mi cuota.,Crédito Consumo,Crédito Consumo,EJEC-019,Sucursal,339000.0,558,Rechazado,True
REC-10352,2026-01-24 13:32:00,16.614.110-1,No se aplicó la exención tributaria pactada al momento de la inversión.,Inversiones / Fondos Mutuos,Inversiones / Fondos Mutuos,EJEC-017,App Móvil,1118000.0,228,Rechazado,True
REC-10353,2026-05-25 22:30:00,9.853.849-K,La cuota cobrada este mes es mayor al dividendo pactado en el contrato inicial.,Crédito Consumo,Crédito Consumo,EJEC-016,App Móvil,162000.0,423,Resuelto,True
REC-10354,2026-01-11 22:49:00,11.630.910-2,Retraso injustificado en el proceso de tasación para el crédito solicitado.,Crédito Hipotecario,Tarjeta de Crédito,EJEC-002,Sucursal,263000.0,578,Rechazado,False
REC-10355,2026-03-12 08:59:00,23.657.683-1,Problemas con la renovación de la póliza de seguro contra incendio en el dividendo.,Crédito Hipotecario,Crédito Hipotecario,EJEC-019,Web,1294000.0,430,Resuelto,True
REC-10356,2026-05-13 13:51:00,16.936.988-2,Retraso injustificado en el proceso de tasación para el crédito solicitado.,Crédito Hipotecario,Tarjeta de Crédito,EJEC-017,App Móvil,1103000.0,280,Resuelto,False
REC-10357,2026-05-12 21:57:00,13.316.253-1,Me cobraron cobros excesivos por sobregiro cuando tenía saldo a favor.,Cuenta Corriente,Cuenta Corriente,EJEC-004,App Móvil,1039000.0,383,Rechazado,True
REC-10358,2026-01-30 16:26:00,20.590.315-1,Aumento no notificado en la prima mensual de la póliza de vida.,Seguros,Seguros,EJEC-002,App Móvil,1436000.0,209,Resuelto,True
REC-10359,2026-06-11 17:29:00,6.686.250-0,Me cobraron cobros excesivos por sobregiro cuando tenía saldo a favor.,Cuenta Corriente,Seguros,EJEC-013,Web,2197000.0,335,Resuelto,False
REC-10360,2026-02-25 15:19:00,24.582.988-K,El cajero automático no me entregó el dinero pero descontó el saldo de mi cuenta.,Cuenta Corriente,Seguros,EJEC-005,App Móvil,1560000.0,568,En Proceso,False
REC-10361,2026-02-12 23:24:00,15.564.710-0,Tengo la cuenta bloqueada sin previo aviso y no puedo realizar giros.,Cuenta Corriente,Cuenta Corriente,EJEC-004,Web,510000.0,561,Rechazado,True
REC-10362,2026-04-18 05:06:00,24.198.281-K,Demora excesiva en la constitución de un Depósito a Plazo desde la banca en línea.,Inversiones / Fondos Mutuos,Inversiones / Fondos Mutuos,EJEC-018,Web,238000.0,178,Rechazado,True
REC-10363,2026-05-19 00:02:00,25.541.634-K,La cuota cobrada este mes es mayor al dividendo pactado en el contrato inicial.,Crédito Consumo,Crédito Consumo,EJEC-014,App Móvil,2346000.0,538,En Proceso,True
REC-10364,2026-03-31 20:06:00,23.200.535-1,Me están aplicando intereses moratorios indebidos en mi cuota.,Crédito Consumo,Crédito Consumo,EJEC-003,Sucursal,1498000.0,463,En Proceso,True
REC-10365,2026-02-18 00:11:00,5.691.635-0,Solicité el rescate de mi fondo mutuo y el dinero no ha sido depositado.,Inversiones / Fondos Mutuos,Inversiones / Fondos Mutuos,EJEC-007,Sucursal,1025000.0,154,Resuelto,True
REC-10366,2026-04-20 22:14:00,23.359.367-K,Se ejecutó una orden de compra de acciones que no autoricé desde la app.,Inversiones / Fondos Mutuos,Inversiones / Fondos Mutuos,EJEC-013,App Móvil,1036000.0,539,Resuelto,True
REC-10367,2026-04-05 19:05:00,22.595.359-2,Se ejecutó una orden de compra de acciones que no autoricé desde la app.,Inversiones / Fondos Mutuos,Inversiones / Fondos Mutuos,EJEC-013,App Móvil,2138000.0,166,Rechazado,True
REC-10368,2026-02-28 15:14:00,10.202.319-K,Descuento duplicado por planilla de la cuota del crédito automotriz / consumo.,Crédito Consumo,Crédito Consumo,EJEC-002,App Móvil,976000.0,50,Resuelto,True
REC-10369,2026-02-07 16:05:00,24.545.190-0,Realicé el prepago total de mi crédito de consumo y aún figuro con deuda activa.,Crédito Consumo,Crédito Consumo,EJEC-020,Web,1813000.0,455,Rechazado,True
REC-10370,2026-06-17 17:47:00,14.828.711-0,Cierre intempestivo de mi cuenta sin notificación formal por parte del banco.,Cuenta Corriente,Cuenta Corriente,EJEC-001,App Móvil,2127000.0,575,En Proceso,True
REC-10371,2026-02-19 01:08:00,24.622.628-1,Cobro no informado de comisiones por rescate anticipado de la inversión.,Inversiones / Fondos Mutuos,Inversiones / Fondos Mutuos,EJEC-012,App Móvil,1639000.0,206,Resuelto,True
REC-10372,2026-03-12 13:38:00,16.785.504-K,Cobro no informado de comisiones por rescate anticipado de la inversión.,Inversiones / Fondos Mutuos,Inversiones / Fondos Mutuos,EJEC-003,Web,1376000.0,401,En Proceso,True
REC-10373,2026-03-12 07:43:00,24.299.565-K,Solicité el rescate de mi fondo mutuo y el dinero no ha sido depositado.,Inversiones / Fondos Mutuos,Inversiones / Fondos Mutuos,EJEC-014,Web,1399000.0,560,En Proceso,True
REC-10374,2026-03-29 03:59:00,21.363.997-2,Aumento no notificado en la prima mensual de la póliza de vida.,Seguros,Inversiones / Fondos Mutuos,EJEC-016,App Móvil,1895000.0,514,Rechazado,False
REC-10375,2026-04-28 20:01:00,5.593.219-2,No me han abonado los puntos ni las millas acumuladas de mi tarjeta.,Tarjeta de Crédito,Tarjeta de Crédito,EJEC-008,App Móvil,2001000.0,467,En Proceso,True
REC-10376,2026-05-13 18:17:00,5.817.952-2,Me cobraron cobros excesivos por sobregiro cuando tenía saldo a favor.,Cuenta Corriente,Cuenta Corriente,EJEC-011,Web,1389000.0,227,En Proceso,True
REC-10377,2026-03-22 12:04:00,11.687.375-1,Demora en la liquidación del siniestro denunciado el mes anterior.,Seguros,Cuenta Corriente,EJEC-016,App Móvil,591000.0,292,En Proceso,False
REC-10378,2026-02-22 07:49:00,11.954.355-2,Cobro injustificado de mantención de cuenta corriente contratada bajo plan coste cero.,Cuenta Corriente,Cuenta Corriente,EJEC-003,Call Center,1536000.0,599,Resuelto,True
REC-10379,2026-05-04 12:40:00,24.422.604-2,Aún no liberan el certificado de alzamiento de mi propiedad tras saldar la deuda.,Crédito Hipotecario,Seguros,EJEC-009,Call Center,559000.0,176,Resuelto,False
REC-10380,2026-05-15 14:26:00,20.653.133-2,Problemas con la renovación de la póliza de seguro contra incendio en el dividendo.,Crédito Hipotecario,Crédito Hipotecario,EJEC-015,Web,1747000.0,516,En Proceso,True
REC-10381,2026-06-26 00:17:00,5.790.315-K,Solicité el rescate de mi fondo mutuo y el dinero no ha sido depositado.,Inversiones / Fondos Mutuos,Inversiones / Fondos Mutuos,EJEC-020,Sucursal,472000.0,314,Resuelto,True
REC-10382,2026-03-10 16:05:00,24.451.474-1,Retraso injustificado en el proceso de tasación para el crédito solicitado.,Crédito Hipotecario,Crédito Hipotecario,EJEC-012,Sucursal,2137000.0,331,En Proceso,True
REC-10383,2026-02-16 19:30:00,9.689.802-1,Me aplicaron intereses de mora a pesar de haber realizado el pago antes del vencimiento.,Tarjeta de Crédito,Tarjeta de Crédito,EJEC-008,Call Center,2141000.0,245,Resuelto,True
REC-10384,2026-07-09 05:06:00,20.925.109-1,Retraso injustificado en el proceso de tasación para el crédito solicitado.,Crédito Hipotecario,Crédito Hipotecario,EJEC-017,Sucursal,1964000.0,352,En Proceso,True
REC-10385,2026-05-24 19:22:00,6.507.201-1,Aparece un consumo no reconocido realizado en el extranjero el fin de semana.,Tarjeta de Crédito,Tarjeta de Crédito,EJEC-016,Web,1127000.0,387,En Proceso,True
REC-10386,2026-04-03 12:17:00,22.670.929-2,La cuota cobrada este mes es mayor al dividendo pactado en el contrato inicial.,Crédito Consumo,Crédito Consumo,EJEC-012,App Móvil,1444000.0,596,Resuelto,True
REC-10387,2026-07-19 09:42:00,16.432.789-K,Aumento no notificado en la prima mensual de la póliza de vida.,Seguros,Crédito Hipotecario,EJEC-020,Sucursal,1162000.0,193,Resuelto,False
REC-10388,2026-06-13 11:30:00,18.746.727-K,Me cobraron una comisión por mantención que no corresponde a mi tarjeta.,Tarjeta de Crédito,Tarjeta de Crédito,EJEC-008,Sucursal,796000.0,343,Rechazado,True
REC-10389,2026-03-10 20:39:00,25.504.377-K,Error en la reprogramación de cuotas solicitada el mes pasado.,Crédito Consumo,Crédito Consumo,EJEC-015,Call Center,422000.0,68,Resuelto,True
REC-10390,2026-07-06 08:00:00,13.861.817-0,El cajero automático no me entregó el dinero pero descontó el saldo de mi cuenta.,Cuenta Corriente,Cuenta Corriente,EJEC-004,Web,2342000.0,529,Rechazado,True
REC-10391,2026-01-14 00:53:00,17.636.883-0,Solicité el bloqueo de mi tarjeta por clonación y no se procesó a tiempo.,Tarjeta de Crédito,Tarjeta de Crédito,EJEC-003,Call Center,777000.0,298,Rechazado,True
REC-10392,2026-03-14 15:07:00,25.229.234-1,Me cobraron una comisión por mantención que no corresponde a mi tarjeta.,Tarjeta de Crédito,Tarjeta de Crédito,EJEC-011,Call Center,1171000.0,598,En Proceso,True
REC-10393,2026-05-21 15:11:00,9.814.652-1,Demora excesiva en la constitución de un Depósito a Plazo desde la banca en línea.,Inversiones / Fondos Mutuos,Inversiones / Fondos Mutuos,EJEC-019,Call Center,1311000.0,591,En Proceso,True
REC-10394,2026-03-30 16:26:00,22.332.924-0,Se aplicó el cobro del seguro asociado al crédito dos veces en el mismo período.,Crédito Hipotecario,Crédito Hipotecario,EJEC-009,App Móvil,762000.0,45,Rechazado,True
REC-10395,2026-07-14 04:39:00,16.393.580-0,Aumento no notificado en la prima mensual de la póliza de vida.,Seguros,Crédito Hipotecario,EJEC-010,Web,1916000.0,344,Rechazado,False
REC-10396,2026-03-01 00:14:00,22.482.293-K,La rentabilidad reflejada en el cartola no cuadra con el saldo real.,Inversiones / Fondos Mutuos,Inversiones / Fondos Mutuos,EJEC-006,Call Center,2072000.0,270,En Proceso,True
REC-10397,2026-01-21 14:24:00,25.345.629-2,Error en la reprogramación de cuotas solicitada el mes pasado.,Crédito Consumo,Crédito Consumo,EJEC-009,Call Center,474000.0,115,Resuelto,True
REC-10398,2026-02-04 09:53:00,8.752.566-K,Error en la reprogramación de cuotas solicitada el mes pasado.,Crédito Consumo,Crédito Consumo,EJEC-007,Sucursal,53000.0,95,Rechazado,True
REC-10399,2026-01-06 06:20:00,8.388.375-1,Aumento no notificado en la prima mensual de la póliza de vida.,Seguros,Seguros,EJEC-008,Web,381000.0,550,Resuelto,True
REC-10400,2026-03-29 14:20:00,14.904.918-K,Me están aplicando intereses moratorios indebidos en mi cuota.,Crédito Consumo,Crédito Consumo,EJEC-002,Sucursal,205000.0,194,Resuelto,True
REC-10401,2026-03-10 13:23:00,7.656.581-1,Cobro injustificado de mantención de cuenta corriente contratada bajo plan coste cero.,Cuenta Corriente,Cuenta Corriente,EJEC-013,Web,309000.0,299,En Proceso,True
REC-10402,2026-07-17 15:07:00,12.855.134-1,Problemas con la renovación de la póliza de seguro contra incendio en el dividendo.,Crédito Hipotecario,Crédito Hipotecario,EJEC-017,App Móvil,1185000.0,364,En Proceso,True
REC-10403,2026-02-10 21:28:00,6.862.662-0,Me están aplicando intereses moratorios indebidos en mi cuota.,Crédito Consumo,Crédito Consumo,EJEC-007,Sucursal,2219000.0,268,Resuelto,True
REC-10404,2026-03-02 21:36:00,18.432.115-1,Descuento duplicado por planilla de la cuota del crédito automotriz / consumo.,Crédito Consumo,Crédito Consumo,EJEC-008,Web,2422000.0,531,Rechazado,True
REC-10405,2026-06-02 05:17:00,16.889.191-1,Tengo la cuenta bloqueada sin previo aviso y no puedo realizar giros.,Cuenta Corriente,Cuenta Corriente,EJEC-020,Sucursal,2327000.0,106,Resuelto,True
REC-10406,2026-04-02 22:00:00,9.818.649-0,Tengo la cuenta bloqueada sin previo aviso y no puedo realizar giros.,Cuenta Corriente,Cuenta Corriente,EJEC-018,Sucursal,2015000.0,494,Rechazado,True
REC-10407,2026-02-19 00:43:00,17.466.841-1,La cuota cobrada este mes es mayor al dividendo pactado en el contrato inicial.,Crédito Consumo,Crédito Consumo,EJEC-015,Sucursal,1359000.0,546,Resuelto,True
REC-10408,2026-05-26 06:22:00,22.456.431-K,Descuento duplicado por planilla de la cuota del crédito automotriz / consumo.,Crédito Consumo,Seguros,EJEC-006,Web,1330000.0,505,En Proceso,False
REC-10409,2026-03-09 18:29:00,16.564.100-K,Solicité la cancelación del seguro de desgravamen y lo siguen cobrando.,Seguros,Inversiones / Fondos Mutuos,EJEC-012,App Móvil,805000.0,109,Rechazado,False
REC-10410,2026-05-18 13:13:00,11.636.799-K,Cobro no informado de comisiones por rescate anticipado de la inversión.,Inversiones / Fondos Mutuos,Inversiones / Fondos Mutuos,EJEC-011,Call Center,1604000.0,158,Resuelto,True
REC-10411,2026-05-14 22:29:00,7.144.955-1,Cobro injustificado de mantención de cuenta corriente contratada bajo plan coste cero.,Cuenta Corriente,Cuenta Corriente,EJEC-004,Call Center,483000.0,77,Rechazado,True
REC-10412,2026-06-14 13:15:00,20.638.738-2,Solicité el bloqueo de mi tarjeta por clonación y no se procesó a tiempo.,Tarjeta de Crédito,Tarjeta de Crédito,EJEC-003,Web,2326000.0,258,Rechazado,True
REC-10413,2026-05-06 02:43:00,19.920.754-0,Descuento duplicado por planilla de la cuota del crédito automotriz / consumo.,Crédito Consumo,Crédito Consumo,EJEC-014,Sucursal,1987000.0,104,Rechazado,True
REC-10414,2026-03-10 18:03:00,6.851.172-2,Aparece un consumo no reconocido realizado en el extranjero el fin de semana.,Tarjeta de Crédito,Cuenta Corriente,EJEC-004,App Móvil,1331000.0,239,Resuelto,False
REC-10415,2026-05-15 22:25:00,12.683.740-1,No se aplicó la exención tributaria pactada al momento de la inversión.,Inversiones / Fondos Mutuos,Inversiones / Fondos Mutuos,EJEC-004,Sucursal,1688000.0,482,Resuelto,True
REC-10416,2026-02-12 06:09:00,22.511.616-2,Solicité la cancelación del seguro de desgravamen y lo siguen cobrando.,Seguros,Seguros,EJEC-020,Call Center,2334000.0,367,Rechazado,True
REC-10417,2026-03-25 12:41:00,18.882.748-K,No han gestionado el reembolso médico ingresado hace un mes.,Seguros,Seguros,EJEC-019,App Móvil,941000.0,305,En Proceso,True
REC-10418,2026-04-26 15:16:00,17.100.843-0,Descuento duplicado por planilla de la cuota del crédito automotriz / consumo.,Crédito Consumo,Crédito Consumo,EJEC-005,Sucursal,21000.0,272,Resuelto,True
REC-10419,2026-03-22 00:44:00,13.666.623-1,Me cobraron una comisión por mantención que no corresponde a mi tarjeta.,Tarjeta de Crédito,Tarjeta de Crédito,EJEC-005,App Móvil,666000.0,300,Resuelto,True
REC-10420,2026-03-07 10:15:00,7.684.509-1,El seguro de fraude rechazó la cobertura sin dar explicaciones claras.,Seguros,Seguros,EJEC-016,App Móvil,1223000.0,142,Rechazado,True
REC-10421,2026-06-14 10:15:00,6.848.927-K,No reconozco un cargo recurrente de una suscripción que cancelé hace meses.,Tarjeta de Crédito,Tarjeta de Crédito,EJEC-011,Sucursal,2200000.0,489,En Proceso,True
REC-10422,2026-01-31 07:44:00,25.969.716-0,Demora en la liquidación del siniestro denunciado el mes anterior.,Seguros,Seguros,EJEC-010,Web,802000.0,198,En Proceso,True
REC-10423,2026-05-09 23:49:00,12.256.151-K,El cobro del dividendo no reflejó el abono adicional abonado en ventanilla.,Crédito Hipotecario,Crédito Hipotecario,EJEC-003,App Móvil,1083000.0,448,Resuelto,True
REC-10424,2026-02-03 11:28:00,7.587.685-0,La rentabilidad reflejada en el cartola no cuadra con el saldo real.,Inversiones / Fondos Mutuos,Inversiones / Fondos Mutuos,EJEC-013,Call Center,1936000.0,178,Resuelto,True
REC-10425,2026-05-04 19:05:00,11.599.504-1,Demora excesiva en la constitución de un Depósito a Plazo desde la banca en línea.,Inversiones / Fondos Mutuos,Seguros,EJEC-008,App Móvil,184000.0,485,En Proceso,False
REC-10426,2026-06-25 19:39:00,7.215.787-K,Se aplicó el cobro del seguro asociado al crédito dos veces en el mismo período.,Crédito Hipotecario,Crédito Hipotecario,EJEC-011,Sucursal,1487000.0,69,En Proceso,True
REC-10427,2026-02-13 11:56:00,24.941.922-K,Cobro no informado de comisiones por rescate anticipado de la inversión.,Inversiones / Fondos Mutuos,Inversiones / Fondos Mutuos,EJEC-008,App Móvil,1715000.0,204,Rechazado,True
REC-10428,2026-01-22 03:50:00,6.348.735-1,La cuota cobrada este mes es mayor al dividendo pactado en el contrato inicial.,Crédito Consumo,Crédito Consumo,EJEC-004,Sucursal,1128000.0,68,En Proceso,True
REC-10429,2026-02-23 18:21:00,11.308.659-2,La rentabilidad reflejada en el cartola no cuadra con el saldo real.,Inversiones / Fondos Mutuos,Inversiones / Fondos Mutuos,EJEC-005,Web,945000.0,584,Resuelto,True
REC-10430,2026-03-07 05:48:00,6.390.305-2,No me han abonado los puntos ni las millas acumuladas de mi tarjeta.,Tarjeta de Crédito,Tarjeta de Crédito,EJEC-001,Web,975000.0,322,Rechazado,True
REC-10431,2026-06-18 12:17:00,8.119.399-K,Tengo la cuenta bloqueada sin previo aviso y no puedo realizar giros.,Cuenta Corriente,Cuenta Corriente,EJEC-004,Sucursal,1214000.0,589,Resuelto,True
REC-10432,2026-02-17 06:47:00,21.568.674-0,Aparece un consumo no reconocido realizado en el extranjero el fin de semana.,Tarjeta de Crédito,Crédito Hipotecario,EJEC-011,Call Center,987000.0,205,Resuelto,False
REC-10433,2026-03-30 23:21:00,16.463.740-2,Inconsistencia en el saldo contable tras realizar una transferencia bancaria.,Cuenta Corriente,Cuenta Corriente,EJEC-002,Sucursal,2197000.0,75,Rechazado,True
REC-10434,2026-03-13 07:41:00,9.449.502-1,Me aplicaron intereses de mora a pesar de haber realizado el pago antes del vencimiento.,Tarjeta de Crédito,Tarjeta de Crédito,EJEC-020,App Móvil,1046000.0,201,En Proceso,True
REC-10435,2026-03-21 20:39:00,15.559.655-1,Cierre intempestivo de mi cuenta sin notificación formal por parte del banco.,Cuenta Corriente,Cuenta Corriente,EJEC-018,App Móvil,2157000.0,361,Rechazado,True
REC-10436,2026-06-30 17:52:00,9.540.888-1,Cobro no autorizado de seguro de protección de tarjeta no contratado.,Seguros,Crédito Consumo,EJEC-003,Web,464000.0,194,Rechazado,False
REC-10437,2026-01-08 10:52:00,18.521.410-K,Demora en la liquidación del siniestro denunciado el mes anterior.,Seguros,Crédito Consumo,EJEC-005,App Móvil,271000.0,234,Resuelto,False
REC-10438,2026-07-15 20:53:00,24.373.720-1,Cobro no informado de comisiones por rescate anticipado de la inversión.,Inversiones / Fondos Mutuos,Inversiones / Fondos Mutuos,EJEC-001,Sucursal,203000.0,533,Resuelto,True
REC-10439,2026-05-09 20:38:00,20.829.765-2,Cobro injustificado de mantención de cuenta corriente contratada bajo plan coste cero.,Cuenta Corriente,Cuenta Corriente,EJEC-016,App Móvil,414000.0,276,Resuelto,True
REC-10440,2026-04-15 00:30:00,13.522.327-1,Traté de realizar una transferencia por PAC y el sistema debitó dos veces el monto.,Cuenta Corriente,Cuenta Corriente,EJEC-015,Call Center,1721000.0,513,Resuelto,True
REC-10441,2026-04-20 13:49:00,6.722.852-K,No han gestionado el reembolso médico ingresado hace un mes.,Seguros,Seguros,EJEC-019,Web,1304000.0,507,En Proceso,True
REC-10442,2026-01-11 08:23:00,21.650.505-0,La rentabilidad reflejada en el cartola no cuadra con el saldo real.,Inversiones / Fondos Mutuos,Inversiones / Fondos Mutuos,EJEC-002,App Móvil,731000.0,452,En Proceso,True
REC-10443,2026-07-18 09:45:00,19.270.532-2,Solicité el rescate de mi fondo mutuo y el dinero no ha sido depositado.,Inversiones / Fondos Mutuos,Inversiones / Fondos Mutuos,EJEC-005,Call Center,2076000.0,507,Resuelto,True
REC-10444,2026-07-04 17:05:00,8.284.897-1,Retraso injustificado en el proceso de tasación para el crédito solicitado.,Crédito Hipotecario,Crédito Hipotecario,EJEC-001,App Móvil,1137000.0,251,En Proceso,True
REC-10445,2026-01-24 08:32:00,15.808.764-1,Demora en la liquidación del siniestro denunciado el mes anterior.,Seguros,Seguros,EJEC-004,Call Center,1587000.0,132,Rechazado,True
REC-10446,2026-07-01 13:06:00,21.726.263-K,La rentabilidad reflejada en el cartola no cuadra con el saldo real.,Inversiones / Fondos Mutuos,Inversiones / Fondos Mutuos,EJEC-006,Sucursal,1416000.0,198,Resuelto,True
REC-10447,2026-02-07 06:06:00,6.529.415-2,Aumento no notificado en la prima mensual de la póliza de vida.,Seguros,Seguros,EJEC-006,Web,2247000.0,252,Resuelto,True
REC-10448,2026-06-09 08:38:00,5.569.609-K,Solicité el rescate de mi fondo mutuo y el dinero no ha sido depositado.,Inversiones / Fondos Mutuos,Inversiones / Fondos Mutuos,EJEC-016,App Móvil,546000.0,532,En Proceso,True
REC-10449,2026-04-15 15:04:00,7.715.714-0,Inconsistencia en el saldo contable tras realizar una transferencia bancaria.,Cuenta Corriente,Cuenta Corriente,EJEC-018,App Móvil,127000.0,196,Resuelto,True
REC-10450,2026-06-17 11:54:00,6.248.974-0,Cobro no autorizado de seguro de protección de tarjeta no contratado.,Seguros,Crédito Consumo,EJEC-011,Web,127000.0,471,Resuelto,False
REC-10451,2026-02-11 22:56:00,14.725.776-1,Problemas con la renovación de la póliza de seguro contra incendio en el dividendo.,Crédito Hipotecario,Crédito Hipotecario,EJEC-002,Web,1922000.0,375,En Proceso,True
REC-10452,2026-04-08 02:18:00,18.963.663-0,Me están aplicando intereses moratorios indebidos en mi cuota.,Crédito Consumo,Crédito Consumo,EJEC-009,Sucursal,1320000.0,582,Resuelto,True
REC-10453,2026-06-28 07:08:00,24.159.211-0,Problemas con la renovación de la póliza de seguro contra incendio en el dividendo.,Crédito Hipotecario,Crédito Hipotecario,EJEC-010,Call Center,1524000.0,369,En Proceso,True
REC-10454,2026-05-15 19:37:00,24.462.232-K,No se aplicó la exención tributaria pactada al momento de la inversión.,Inversiones / Fondos Mutuos,Inversiones / Fondos Mutuos,EJEC-016,App Móvil,2210000.0,283,Rechazado,True
REC-10455,2026-03-16 06:36:00,5.221.124-K,El seguro de fraude rechazó la cobertura sin dar explicaciones claras.,Seguros,Seguros,EJEC-007,Call Center,1038000.0,386,En Proceso,True
REC-10456,2026-05-24 21:45:00,11.111.755-1,No han gestionado el reembolso médico ingresado hace un mes.,Seguros,Seguros,EJEC-003,Sucursal,754000.0,376,Resuelto,True
REC-10457,2026-01-30 23:24:00,15.449.505-0,El cajero automático no me entregó el dinero pero descontó el saldo de mi cuenta.,Cuenta Corriente,Cuenta Corriente,EJEC-011,Call Center,2291000.0,81,Rechazado,True
REC-10458,2026-02-04 16:26:00,9.742.571-2,Retraso injustificado en el proceso de tasación para el crédito solicitado.,Crédito Hipotecario,Tarjeta de Crédito,EJEC-017,Sucursal,1415000.0,368,Rechazado,False
REC-10459,2026-05-18 00:38:00,11.691.801-2,La cuota cobrada este mes es mayor al dividendo pactado en el contrato inicial.,Crédito Consumo,Crédito Hipotecario,EJEC-001,Sucursal,2459000.0,592,Resuelto,False
REC-10460,2026-05-27 20:40:00,17.291.709-0,Error en la reprogramación de cuotas solicitada el mes pasado.,Crédito Consumo,Tarjeta de Crédito,EJEC-009,Call Center,222000.0,288,En Proceso,False
REC-10461,2026-04-26 10:19:00,11.637.409-1,Solicité el bloqueo de mi tarjeta por clonación y no se procesó a tiempo.,Tarjeta de Crédito,Tarjeta de Crédito,EJEC-007,Web,1112000.0,70,En Proceso,True
REC-10462,2026-05-09 05:15:00,11.448.595-2,Realicé el prepago total de mi crédito de consumo y aún figuro con deuda activa.,Crédito Consumo,Crédito Consumo,EJEC-004,App Móvil,517000.0,82,En Proceso,True
REC-10463,2026-04-10 17:49:00,8.104.418-0,Cobro no autorizado de seguro de protección de tarjeta no contratado.,Seguros,Crédito Consumo,EJEC-015,Web,262000.0,364,Resuelto,False
REC-10464,2026-05-28 10:39:00,25.314.428-1,Me cobraron cobros excesivos por sobregiro cuando tenía saldo a favor.,Cuenta Corriente,Cuenta Corriente,EJEC-011,Call Center,1679000.0,324,Resuelto,True
REC-10465,2026-02-10 09:20:00,8.115.737-0,Inconsistencia en el saldo contable tras realizar una transferencia bancaria.,Cuenta Corriente,Cuenta Corriente,EJEC-011,Sucursal,358000.0,335,Rechazado,True
REC-10466,2026-03-04 05:50:00,7.418.727-2,La rentabilidad reflejada en el cartola no cuadra con el saldo real.,Inversiones / Fondos Mutuos,Inversiones / Fondos Mutuos,EJEC-001,Call Center,2259000.0,96,Resuelto,True
REC-10467,2026-04-09 01:50:00,7.536.501-1,Cobro no autorizado de seguro de protección de tarjeta no contratado.,Seguros,Crédito Hipotecario,EJEC-020,Sucursal,785000.0,247,Rechazado,False
REC-10468,2026-07-14 22:53:00,22.180.873-K,Cobro no informado de comisiones por rescate anticipado de la inversión.,Inversiones / Fondos Mutuos,Inversiones / Fondos Mutuos,EJEC-015,Web,1142000.0,521,En Proceso,True
REC-10469,2026-03-01 07:38:00,9.981.731-2,Me están aplicando intereses moratorios indebidos en mi cuota.,Crédito Consumo,Crédito Consumo,EJEC-011,Sucursal,1136000.0,75,Resuelto,True
REC-10470,2026-05-02 03:51:00,16.590.572-1,No han enviado el certificado de prepago que solicité hace más de 15 días.,Crédito Consumo,Crédito Consumo,EJEC-005,Web,1017000.0,154,En Proceso,True
REC-10471,2026-05-23 22:10:00,7.911.409-K,El cobro del dividendo no reflejó el abono adicional abonado en ventanilla.,Crédito Hipotecario,Crédito Hipotecario,EJEC-020,App Móvil,1372000.0,538,En Proceso,True
REC-10472,2026-01-17 11:37:00,11.933.810-K,El cobro del dividendo no reflejó el abono adicional abonado en ventanilla.,Crédito Hipotecario,Crédito Hipotecario,EJEC-018,App Móvil,437000.0,124,Rechazado,True
REC-10473,2026-07-02 19:35:00,20.217.706-K,Descuento duplicado por planilla de la cuota del crédito automotriz / consumo.,Crédito Consumo,Crédito Consumo,EJEC-015,App Móvil,774000.0,460,Resuelto,True
REC-10474,2026-06-03 03:42:00,24.889.939-K,Me están aplicando intereses moratorios indebidos en mi cuota.,Crédito Consumo,Crédito Consumo,EJEC-002,Web,548000.0,187,Rechazado,True
REC-10475,2026-07-13 21:42:00,5.875.250-1,El cobro del dividendo no reflejó el abono adicional abonado en ventanilla.,Crédito Hipotecario,Crédito Hipotecario,EJEC-020,Call Center,493000.0,369,En Proceso,True
REC-10476,2026-05-26 23:11:00,14.545.835-2,Se duplicó el cobro de la última compra efectuada en el supermercado con la tarjeta.,Tarjeta de Crédito,Tarjeta de Crédito,EJEC-017,Call Center,2120000.0,346,Resuelto,True
REC-10477,2026-04-05 18:44:00,6.100.820-2,No reconozco un cargo recurrente de una suscripción que cancelé hace meses.,Tarjeta de Crédito,Tarjeta de Crédito,EJEC-001,App Móvil,1082000.0,448,Rechazado,True
REC-10478,2026-03-23 13:03:00,17.490.545-1,Solicité la cancelación del seguro de desgravamen y lo siguen cobrando.,Seguros,Seguros,EJEC-007,Call Center,2109000.0,413,En Proceso,True
REC-10479,2026-02-09 09:50:00,9.237.111-0,El seguro de fraude rechazó la cobertura sin dar explicaciones claras.,Seguros,Seguros,EJEC-016,Call Center,2438000.0,184,Resuelto,True
REC-10480,2026-02-05 21:55:00,18.980.566-K,Cobro no informado de comisiones por rescate anticipado de la inversión.,Inversiones / Fondos Mutuos,Inversiones / Fondos Mutuos,EJEC-014,Call Center,965000.0,276,Resuelto,True
REC-10481,2026-04-19 20:38:00,5.691.610-1,Cobro no autorizado de seguro de protección de tarjeta no contratado.,Seguros,Seguros,EJEC-018,Sucursal,88000.0,83,Rechazado,True
REC-10482,2026-05-04 12:34:00,8.694.593-0,Cierre intempestivo de mi cuenta sin notificación formal por parte del banco.,Cuenta Corriente,Cuenta Corriente,EJEC-009,Call Center,1295000.0,580,Rechazado,True
REC-10483,2026-01-23 08:22:00,20.745.859-0,Demora en la liquidación del siniestro denunciado el mes anterior.,Seguros,Seguros,EJEC-019,Sucursal,1535000.0,396,Rechazado,True
REC-10484,2026-07-19 00:22:00,20.564.624-K,No se aplicó la exención tributaria pactada al momento de la inversión.,Inversiones / Fondos Mutuos,Inversiones / Fondos Mutuos,EJEC-012,Sucursal,727000.0,81,Rechazado,True
REC-10485,2026-06-02 10:22:00,23.366.162-K,Cobro no informado de comisiones por rescate anticipado de la inversión.,Inversiones / Fondos Mutuos,Inversiones / Fondos Mutuos,EJEC-010,Web,721000.0,129,Resuelto,True
REC-10486,2026-05-10 02:37:00,13.358.235-2,No han enviado el certificado de prepago que solicité hace más de 15 días.,Crédito Consumo,Crédito Consumo,EJEC-004,App Móvil,2276000.0,199,Rechazado,True
REC-10487,2026-04-25 12:37:00,10.367.901-1,Aún no liberan el certificado de alzamiento de mi propiedad tras saldar la deuda.,Crédito Hipotecario,Crédito Hipotecario,EJEC-002,Sucursal,2460000.0,193,Rechazado,True
REC-10488,2026-02-09 16:55:00,18.888.492-1,Aumento no notificado en la prima mensual de la póliza de vida.,Seguros,Seguros,EJEC-006,App Móvil,1447000.0,398,Resuelto,True
REC-10489,2026-06-14 09:01:00,8.153.271-K,Retraso injustificado en el proceso de tasación para el crédito solicitado.,Crédito Hipotecario,Crédito Hipotecario,EJEC-018,App Móvil,953000.0,444,En Proceso,True
REC-10490,2026-03-09 04:57:00,21.991.545-0,Me están aplicando intereses moratorios indebidos en mi cuota.,Crédito Consumo,Crédito Consumo,EJEC-011,Web,248000.0,589,Rechazado,True
REC-10491,2026-04-01 14:44:00,24.767.978-2,No han enviado el certificado de prepago que solicité hace más de 15 días.,Crédito Consumo,Crédito Consumo,EJEC-004,Sucursal,1638000.0,445,En Proceso,True
REC-10492,2026-07-17 23:02:00,12.851.788-1,Se ejecutó una orden de compra de acciones que no autoricé desde la app.,Inversiones / Fondos Mutuos,Inversiones / Fondos Mutuos,EJEC-006,Sucursal,1371000.0,53,Resuelto,True
REC-10493,2026-01-04 14:02:00,8.637.206-K,Realicé el prepago total de mi crédito de consumo y aún figuro con deuda activa.,Crédito Consumo,Crédito Consumo,EJEC-009,App Móvil,90000.0,139,Resuelto,True
REC-10494,2026-06-02 22:24:00,11.713.753-0,El seguro de fraude rechazó la cobertura sin dar explicaciones claras.,Seguros,Seguros,EJEC-020,App Móvil,943000.0,234,Resuelto,True
REC-10495,2026-06-28 06:17:00,13.401.578-0,Aumento no notificado en la prima mensual de la póliza de vida.,Seguros,Crédito Consumo,EJEC-014,Sucursal,647000.0,120,En Proceso,False
REC-10496,2026-07-18 02:07:00,17.497.440-0,No han enviado el certificado de prepago que solicité hace más de 15 días.,Crédito Consumo,Crédito Consumo,EJEC-003,Call Center,2449000.0,250,Rechazado,True
REC-10497,2026-04-11 06:05:00,25.603.211-1,La rentabilidad reflejada en el cartola no cuadra con el saldo real.,Inversiones / Fondos Mutuos,Inversiones / Fondos Mutuos,EJEC-004,Call Center,1790000.0,150,Resuelto,True
REC-10498,2026-01-19 02:24:00,23.845.356-K,No me han abonado los puntos ni las millas acumuladas de mi tarjeta.,Tarjeta de Crédito,Tarjeta de Crédito,EJEC-001,Web,1663000.0,317,Resuelto,True
REC-10499,2026-06-29 11:15:00,17.688.103-K,Retraso injustificado en el proceso de tasación para el crédito solicitado.,Crédito Hipotecario,Crédito Hipotecario,EJEC-003,App Móvil,13000.0,538,Resuelto,True
REC-10500,2026-05-26 18:16:00,16.441.798-2,La tasa de interés aplicada en el dividendo no coincide con la firma de la escritura.,Crédito Hipotecario,Crédito Hipotecario,EJEC-003,Sucursal,1339000.0,393,Resuelto,True
REC-10501,2026-04-28 09:53:00,25.307.280-0,Problemas con la renovación de la póliza de seguro contra incendio en el dividendo.,Crédito Hipotecario,Crédito Hipotecario,EJEC-013,Web,1578000.0,412,En Proceso,True
REC-10502,2026-01-22 21:35:00,19.852.294-1,Aparece un consumo no reconocido realizado en el extranjero el fin de semana.,Tarjeta de Crédito,Tarjeta de Crédito,EJEC-019,App Móvil,1226000.0,109,Rechazado,True
REC-10503,2026-06-14 10:30:00,20.646.954-K,Me cobraron una comisión por mantención que no corresponde a mi tarjeta.,Tarjeta de Crédito,Tarjeta de Crédito,EJEC-011,Web,1017000.0,261,Rechazado,True
REC-10504,2026-06-20 17:51:00,19.794.991-1,Cobro no autorizado de seguro de protección de tarjeta no contratado.,Seguros,Seguros,EJEC-003,Web,1840000.0,545,Rechazado,True
REC-10505,2026-01-05 16:05:00,24.146.348-1,Aparece un consumo no reconocido realizado en el extranjero el fin de semana.,Tarjeta de Crédito,Tarjeta de Crédito,EJEC-010,Web,1143000.0,219,Rechazado,True
REC-10506,2026-01-17 03:37:00,8.609.709-1,No reconozco un cargo recurrente de una suscripción que cancelé hace meses.,Tarjeta de Crédito,Tarjeta de Crédito,EJEC-011,Call Center,814000.0,185,En Proceso,True
REC-10507,2026-02-24 01:33:00,23.277.443-0,Solicité el bloqueo de mi tarjeta por clonación y no se procesó a tiempo.,Tarjeta de Crédito,Tarjeta de Crédito,EJEC-014,App Móvil,1742000.0,213,En Proceso,True
REC-10508,2026-03-04 19:51:00,6.236.202-K,Traté de realizar una transferencia por PAC y el sistema debitó dos veces el monto.,Cuenta Corriente,Tarjeta de Crédito,EJEC-001,Web,453000.0,136,Rechazado,False
REC-10509,2026-06-16 20:15:00,14.526.810-K,Solicité la cancelación del seguro de desgravamen y lo siguen cobrando.,Seguros,Seguros,EJEC-009,Call Center,1033000.0,223,Rechazado,True
REC-10510,2026-06-27 01:17:00,24.284.834-K,Solicité el rescate de mi fondo mutuo y el dinero no ha sido depositado.,Inversiones / Fondos Mutuos,Inversiones / Fondos Mutuos,EJEC-010,Sucursal,1050000.0,286,Resuelto,True
REC-10511,2026-01-31 18:05:00,8.733.470-1,Problemas con la renovación de la póliza de seguro contra incendio en el dividendo.,Crédito Hipotecario,Crédito Hipotecario,EJEC-009,Web,488000.0,197,Rechazado,True
REC-10512,2026-05-02 16:58:00,10.263.786-0,Me aplicaron intereses de mora a pesar de haber realizado el pago antes del vencimiento.,Tarjeta de Crédito,Tarjeta de Crédito,EJEC-007,Call Center,632000.0,509,Resuelto,True
REC-10513,2026-01-27 01:47:00,22.280.261-0,El cobro del dividendo no reflejó el abono adicional abonado en ventanilla.,Crédito Hipotecario,Crédito Hipotecario,EJEC-008,Call Center,1484000.0,378,En Proceso,True
REC-10514,2026-02-20 23:06:00,15.335.897-0,Realicé el prepago total de mi crédito de consumo y aún figuro con deuda activa.,Crédito Consumo,Crédito Consumo,EJEC-014,App Móvil,942000.0,270,Resuelto,True
REC-10515,2026-05-01 19:58:00,20.155.546-1,Inconsistencia en el saldo contable tras realizar una transferencia bancaria.,Cuenta Corriente,Cuenta Corriente,EJEC-013,Sucursal,345000.0,243,Rechazado,True
REC-10516,2026-04-02 09:12:00,11.443.230-0,Cobro no autorizado de seguro de protección de tarjeta no contratado.,Seguros,Seguros,EJEC-005,Web,2130000.0,514,En Proceso,True
REC-10517,2026-02-13 11:43:00,12.402.718-1,Cobro no autorizado de seguro de protección de tarjeta no contratado.,Seguros,Inversiones / Fondos Mutuos,EJEC-018,App Móvil,221000.0,579,En Proceso,False
REC-10518,2026-02-25 20:11:00,20.957.573-2,Me aplicaron intereses de mora a pesar de haber realizado el pago antes del vencimiento.,Tarjeta de Crédito,Tarjeta de Crédito,EJEC-008,App Móvil,822000.0,272,Rechazado,True
REC-10519,2026-02-08 19:34:00,5.527.145-0,Problemas con la renovación de la póliza de seguro contra incendio en el dividendo.,Crédito Hipotecario,Crédito Hipotecario,EJEC-002,Call Center,1330000.0,535,Rechazado,True
REC-10520,2026-01-26 15:26:00,20.346.185-0,Demora en la liquidación del siniestro denunciado el mes anterior.,Seguros,Seguros,EJEC-007,App Móvil,899000.0,289,Rechazado,True
REC-10521,2026-01-24 00:32:00,20.785.412-1,Aumento no notificado en la prima mensual de la póliza de vida.,Seguros,Inversiones / Fondos Mutuos,EJEC-001,Call Center,1162000.0,186,Rechazado,False
REC-10522,2026-04-14 06:18:00,16.741.575-0,El seguro de fraude rechazó la cobertura sin dar explicaciones claras.,Seguros,Seguros,EJEC-011,Web,745000.0,321,Rechazado,True
REC-10523,2026-06-06 18:30:00,23.913.312-0,Se ejecutó una orden de compra de acciones que no autoricé desde la app.,Inversiones / Fondos Mutuos,Inversiones / Fondos Mutuos,EJEC-002,Sucursal,2221000.0,158,En Proceso,True
REC-10524,2026-04-04 15:53:00,24.141.474-2,Cierre intempestivo de mi cuenta sin notificación formal por parte del banco.,Cuenta Corriente,Cuenta Corriente,EJEC-003,App Móvil,350000.0,387,Resuelto,True
REC-10525,2026-05-19 03:52:00,25.589.855-1,Solicité la cancelación del seguro de desgravamen y lo siguen cobrando.,Seguros,Seguros,EJEC-009,Call Center,696000.0,109,En Proceso,True
REC-10526,2026-03-30 15:26:00,20.613.639-0,Problemas con la renovación de la póliza de seguro contra incendio en el dividendo.,Crédito Hipotecario,Crédito Hipotecario,EJEC-018,Sucursal,1133000.0,421,Rechazado,True
REC-10527,2026-06-27 02:14:00,11.568.189-0,Aún no liberan el certificado de alzamiento de mi propiedad tras saldar la deuda.,Crédito Hipotecario,Crédito Hipotecario,EJEC-003,Web,416000.0,159,Rechazado,True
REC-10528,2026-02-07 16:56:00,9.995.309-0,Me están aplicando intereses moratorios indebidos en mi cuota.,Crédito Consumo,Seguros,EJEC-005,Call Center,870000.0,499,Rechazado,False
REC-10529,2026-06-15 00:43:00,14.293.164-0,Cobro injustificado de mantención de cuenta corriente contratada bajo plan coste cero.,Cuenta Corriente,Crédito Hipotecario,EJEC-014,Sucursal,1641000.0,379,En Proceso,False
REC-10530,2026-06-01 22:43:00,21.962.661-K,Se aplicó el cobro del seguro asociado al crédito dos veces en el mismo período.,Crédito Hipotecario,Crédito Hipotecario,EJEC-010,App Móvil,1974000.0,277,En Proceso,True
REC-10531,2026-04-06 09:50:00,6.251.461-2,Aún no liberan el certificado de alzamiento de mi propiedad tras saldar la deuda.,Crédito Hipotecario,Crédito Hipotecario,EJEC-006,Sucursal,460000.0,224,Rechazado,True
REC-10532,2026-06-27 22:44:00,9.265.343-0,Solicité el bloqueo de mi tarjeta por clonación y no se procesó a tiempo.,Tarjeta de Crédito,Tarjeta de Crédito,EJEC-015,Sucursal,927000.0,255,Rechazado,True
REC-10533,2026-07-01 01:11:00,15.452.251-2,El cobro del dividendo no reflejó el abono adicional abonado en ventanilla.,Crédito Hipotecario,Seguros,EJEC-010,Web,2301000.0,459,En Proceso,False
REC-10534,2026-07-16 04:57:00,19.427.259-0,Cobro no autorizado de seguro de protección de tarjeta no contratado.,Seguros,Crédito Consumo,EJEC-010,Call Center,2240000.0,195,Rechazado,False
REC-10535,2026-07-06 15:05:00,15.805.215-K,Aparece un consumo no reconocido realizado en el extranjero el fin de semana.,Tarjeta de Crédito,Tarjeta de Crédito,EJEC-004,Sucursal,67000.0,270,En Proceso,True
REC-10536,2026-04-02 03:09:00,15.156.722-1,Demora excesiva en la constitución de un Depósito a Plazo desde la banca en línea.,Inversiones / Fondos Mutuos,Inversiones / Fondos Mutuos,EJEC-009,App Móvil,61000.0,596,En Proceso,True
REC-10537,2026-06-23 22:55:00,7.624.503-1,Se aplicó el cobro del seguro asociado al crédito dos veces en el mismo período.,Crédito Hipotecario,Crédito Hipotecario,EJEC-017,Web,2272000.0,414,En Proceso,True
REC-10538,2026-02-07 14:35:00,16.495.481-0,No han enviado el certificado de prepago que solicité hace más de 15 días.,Crédito Consumo,Crédito Consumo,EJEC-015,Web,543000.0,499,Rechazado,True
REC-10539,2026-04-17 15:06:00,14.267.925-K,Aumento no notificado en la prima mensual de la póliza de vida.,Seguros,Seguros,EJEC-019,Web,363000.0,355,En Proceso,True
REC-10540,2026-05-15 11:26:00,7.704.874-K,Me cobraron una comisión por mantención que no corresponde a mi tarjeta.,Tarjeta de Crédito,Tarjeta de Crédito,EJEC-009,Call Center,441000.0,518,Rechazado,True
REC-10541,2026-05-26 04:40:00,11.290.952-K,Descuento duplicado por planilla de la cuota del crédito automotriz / consumo.,Crédito Consumo,Crédito Consumo,EJEC-010,Sucursal,1238000.0,519,Resuelto,True
REC-10542,2026-01-07 00:05:00,9.368.407-K,Me aplicaron intereses de mora a pesar de haber realizado el pago antes del vencimiento.,Tarjeta de Crédito,Tarjeta de Crédito,EJEC-010,Call Center,453000.0,295,Resuelto,True
REC-10543,2026-01-31 09:27:00,20.168.713-2,La rentabilidad reflejada en el cartola no cuadra con el saldo real.,Inversiones / Fondos Mutuos,Inversiones / Fondos Mutuos,EJEC-009,Call Center,2436000.0,167,En Proceso,True
REC-10544,2026-05-12 19:38:00,5.965.365-1,Solicité el rescate de mi fondo mutuo y el dinero no ha sido depositado.,Inversiones / Fondos Mutuos,Inversiones / Fondos Mutuos,EJEC-015,App Móvil,897000.0,99,En Proceso,True
REC-10545,2026-04-03 14:19:00,25.464.149-2,Descuento duplicado por planilla de la cuota del crédito automotriz / consumo.,Crédito Consumo,Crédito Consumo,EJEC-003,App Móvil,1917000.0,232,Resuelto,True
REC-10546,2026-06-03 05:42:00,22.430.993-2,No han gestionado el reembolso médico ingresado hace un mes.,Seguros,Seguros,EJEC-012,Web,1338000.0,405,Resuelto,True
REC-10547,2026-01-04 04:40:00,21.388.481-K,Se aplicó el cobro del seguro asociado al crédito dos veces en el mismo período.,Crédito Hipotecario,Cuenta Corriente,EJEC-004,App Móvil,391000.0,271,Resuelto,False
REC-10548,2026-05-24 20:56:00,21.966.644-0,Retraso injustificado en el proceso de tasación para el crédito solicitado.,Crédito Hipotecario,Tarjeta de Crédito,EJEC-005,Web,1201000.0,364,Rechazado,False
REC-10549,2026-04-03 04:44:00,19.711.635-2,Cierre intempestivo de mi cuenta sin notificación formal por parte del banco.,Cuenta Corriente,Cuenta Corriente,EJEC-004,App Móvil,326000.0,190,Rechazado,True
REC-10550,2026-02-28 10:29:00,9.314.233-0,Problemas con la renovación de la póliza de seguro contra incendio en el dividendo.,Crédito Hipotecario,Crédito Hipotecario,EJEC-004,Web,52000.0,540,En Proceso,True
REC-10551,2026-01-11 06:42:00,8.133.912-0,La tasa de interés aplicada en el dividendo no coincide con la firma de la escritura.,Crédito Hipotecario,Tarjeta de Crédito,EJEC-003,Sucursal,1671000.0,143,Resuelto,False
REC-10552,2026-06-04 07:00:00,23.304.289-2,Me cobraron una comisión por mantención que no corresponde a mi tarjeta.,Tarjeta de Crédito,Tarjeta de Crédito,EJEC-009,Sucursal,884000.0,557,Rechazado,True
REC-10553,2026-06-06 08:15:00,21.683.169-0,Solicité el rescate de mi fondo mutuo y el dinero no ha sido depositado.,Inversiones / Fondos Mutuos,Inversiones / Fondos Mutuos,EJEC-007,Sucursal,434000.0,595,Resuelto,True
REC-10554,2026-07-05 03:22:00,11.616.971-K,Error en la reprogramación de cuotas solicitada el mes pasado.,Crédito Consumo,Crédito Consumo,EJEC-015,Web,456000.0,408,En Proceso,True
REC-10555,2026-04-19 07:18:00,21.333.517-0,La cuota cobrada este mes es mayor al dividendo pactado en el contrato inicial.,Crédito Consumo,Crédito Consumo,EJEC-017,App Móvil,1242000.0,414,Rechazado,True
REC-10556,2026-03-15 19:01:00,6.184.435-K,No me han abonado los puntos ni las millas acumuladas de mi tarjeta.,Tarjeta de Crédito,Tarjeta de Crédito,EJEC-020,Sucursal,1719000.0,499,Resuelto,True
REC-10557,2026-05-22 13:54:00,14.975.538-1,No reconozco un cargo recurrente de una suscripción que cancelé hace meses.,Tarjeta de Crédito,Tarjeta de Crédito,EJEC-012,App Móvil,37000.0,548,Rechazado,True
REC-10558,2026-01-27 13:31:00,19.635.774-0,Aparece un consumo no reconocido realizado en el extranjero el fin de semana.,Tarjeta de Crédito,Tarjeta de Crédito,EJEC-019,Web,1855000.0,217,Resuelto,True
REC-10559,2026-04-04 06:47:00,15.305.709-K,Aparece un consumo no reconocido realizado en el extranjero el fin de semana.,Tarjeta de Crédito,Inversiones / Fondos Mutuos,EJEC-009,Sucursal,1892000.0,454,En Proceso,False
REC-10560,2026-05-02 22:45:00,24.514.596-2,Cobro injustificado de mantención de cuenta corriente contratada bajo plan coste cero.,Cuenta Corriente,Cuenta Corriente,EJEC-004,Sucursal,1226000.0,281,Rechazado,True
REC-10561,2026-02-04 01:00:00,8.855.154-0,Problemas con la renovación de la póliza de seguro contra incendio en el dividendo.,Crédito Hipotecario,Crédito Hipotecario,EJEC-006,Call Center,1513000.0,379,Resuelto,True
REC-10562,2026-03-19 21:13:00,24.198.878-0,Cobro no autorizado de seguro de protección de tarjeta no contratado.,Seguros,Seguros,EJEC-015,App Móvil,737000.0,554,En Proceso,True
REC-10563,2026-05-10 08:55:00,22.451.928-0,No me han abonado los puntos ni las millas acumuladas de mi tarjeta.,Tarjeta de Crédito,Cuenta Corriente,EJEC-013,Call Center,790000.0,430,En Proceso,False
REC-10564,2026-04-28 01:13:00,6.281.670-2,Solicité la cancelación del seguro de desgravamen y lo siguen cobrando.,Seguros,Seguros,EJEC-005,Sucursal,1791000.0,544,Resuelto,True
REC-10565,2026-05-26 23:02:00,20.775.667-K,El cobro del dividendo no reflejó el abono adicional abonado en ventanilla.,Crédito Hipotecario,Seguros,EJEC-002,Call Center,662000.0,431,Rechazado,False
REC-10566,2026-06-23 12:02:00,14.428.162-0,Solicité el rescate de mi fondo mutuo y el dinero no ha sido depositado.,Inversiones / Fondos Mutuos,Inversiones / Fondos Mutuos,EJEC-012,Sucursal,2025000.0,72,Rechazado,True
REC-10567,2026-03-29 12:59:00,8.538.453-2,Se aplicó el cobro del seguro asociado al crédito dos veces en el mismo período.,Crédito Hipotecario,Crédito Hipotecario,EJEC-008,App Móvil,590000.0,364,Rechazado,True
REC-10568,2026-01-22 23:29:00,7.989.412-0,Realicé el prepago total de mi crédito de consumo y aún figuro con deuda activa.,Crédito Consumo,Crédito Consumo,EJEC-011,Web,1155000.0,477,Rechazado,True
REC-10569,2026-05-12 14:22:00,13.120.812-K,Solicité el rescate de mi fondo mutuo y el dinero no ha sido depositado.,Inversiones / Fondos Mutuos,Crédito Hipotecario,EJEC-019,Call Center,809000.0,145,En Proceso,False
REC-10570,2026-01-26 23:34:00,11.444.608-2,Inconsistencia en el saldo contable tras realizar una transferencia bancaria.,Cuenta Corriente,Cuenta Corriente,EJEC-014,App Móvil,1245000.0,122,Rechazado,True
REC-10571,2026-02-24 09:48:00,13.148.404-K,Inconsistencia en el saldo contable tras realizar una transferencia bancaria.,Cuenta Corriente,Cuenta Corriente,EJEC-003,Web,1482000.0,324,Resuelto,True
REC-10572,2026-05-26 18:07:00,20.537.314-2,Me aplicaron intereses de mora a pesar de haber realizado el pago antes del vencimiento.,Tarjeta de Crédito,Seguros,EJEC-010,Call Center,1660000.0,365,Resuelto,False
REC-10573,2026-04-17 13:43:00,13.739.627-K,Cobro no autorizado de seguro de protección de tarjeta no contratado.,Seguros,Seguros,EJEC-001,App Móvil,1444000.0,263,Rechazado,True
REC-10574,2026-07-10 15:57:00,13.753.645-K,No se aplicó la exención tributaria pactada al momento de la inversión.,Inversiones / Fondos Mutuos,Inversiones / Fondos Mutuos,EJEC-017,App Móvil,914000.0,196,Resuelto,True
REC-10575,2026-02-08 23:23:00,14.964.545-K,La cuota cobrada este mes es mayor al dividendo pactado en el contrato inicial.,Crédito Consumo,Crédito Consumo,EJEC-014,Sucursal,2060000.0,209,En Proceso,True
REC-10576,2026-06-25 20:31:00,12.515.344-0,El cajero automático no me entregó el dinero pero descontó el saldo de mi cuenta.,Cuenta Corriente,Cuenta Corriente,EJEC-010,Call Center,1216000.0,491,En Proceso,True
REC-10577,2026-06-15 01:15:00,11.263.379-1,Solicité el bloqueo de mi tarjeta por clonación y no se procesó a tiempo.,Tarjeta de Crédito,Tarjeta de Crédito,EJEC-009,App Móvil,1613000.0,88,Rechazado,True
REC-10578,2026-05-05 00:40:00,6.980.185-2,Se ejecutó una orden de compra de acciones que no autoricé desde la app.,Inversiones / Fondos Mutuos,Crédito Hipotecario,EJEC-012,Web,995000.0,188,Resuelto,False
REC-10579,2026-01-29 19:29:00,21.223.634-2,La tasa de interés aplicada en el dividendo no coincide con la firma de la escritura.,Crédito Hipotecario,Crédito Hipotecario,EJEC-004,Sucursal,827000.0,444,Rechazado,True
REC-10580,2026-07-10 08:03:00,18.323.247-0,El cajero automático no me entregó el dinero pero descontó el saldo de mi cuenta.,Cuenta Corriente,Inversiones / Fondos Mutuos,EJEC-014,Sucursal,2158000.0,102,En Proceso,False
REC-10581,2026-05-17 12:47:00,8.424.658-K,Problemas con la renovación de la póliza de seguro contra incendio en el dividendo.,Crédito Hipotecario,Crédito Hipotecario,EJEC-009,App Móvil,911000.0,421,En Proceso,True
REC-10582,2026-01-06 22:01:00,24.135.961-0,Demora en la liquidación del siniestro denunciado el mes anterior.,Seguros,Seguros,EJEC-018,Call Center,777000.0,416,Rechazado,True
REC-10583,2026-02-01 18:15:00,12.978.553-K,No me han abonado los puntos ni las millas acumuladas de mi tarjeta.,Tarjeta de Crédito,Crédito Hipotecario,EJEC-010,Web,2341000.0,286,En Proceso,False
REC-10584,2026-02-23 05:28:00,19.746.424-K,Solicité el bloqueo de mi tarjeta por clonación y no se procesó a tiempo.,Tarjeta de Crédito,Inversiones / Fondos Mutuos,EJEC-016,Call Center,2317000.0,385,Rechazado,False
REC-10585,2026-04-19 03:25:00,10.815.367-0,Me están aplicando intereses moratorios indebidos en mi cuota.,Crédito Consumo,Crédito Consumo,EJEC-018,Sucursal,1136000.0,73,Resuelto,True
REC-10586,2026-06-14 21:53:00,10.745.554-1,No me han abonado los puntos ni las millas acumuladas de mi tarjeta.,Tarjeta de Crédito,Tarjeta de Crédito,EJEC-010,Sucursal,1442000.0,158,Resuelto,True
REC-10587,2026-03-05 17:37:00,25.881.233-K,Me están aplicando intereses moratorios indebidos en mi cuota.,Crédito Consumo,Crédito Consumo,EJEC-005,Sucursal,438000.0,380,En Proceso,True
REC-10588,2026-02-20 02:52:00,18.476.286-K,El cobro del dividendo no reflejó el abono adicional abonado en ventanilla.,Crédito Hipotecario,Crédito Hipotecario,EJEC-001,App Móvil,2268000.0,518,Resuelto,True
REC-10589,2026-03-09 23:56:00,10.150.510-K,Se ejecutó una orden de compra de acciones que no autoricé desde la app.,Inversiones / Fondos Mutuos,Inversiones / Fondos Mutuos,EJEC-012,App Móvil,2368000.0,165,Resuelto,True
REC-10590,2026-07-03 17:56:00,18.891.564-K,Aparece un consumo no reconocido realizado en el extranjero el fin de semana.,Tarjeta de Crédito,Tarjeta de Crédito,EJEC-007,Sucursal,723000.0,551,En Proceso,True
REC-10591,2026-02-03 14:43:00,11.714.320-2,Demora en la liquidación del siniestro denunciado el mes anterior.,Seguros,Seguros,EJEC-006,Call Center,1982000.0,74,En Proceso,True
REC-10592,2026-03-09 08:02:00,24.561.354-2,No se aplicó la exención tributaria pactada al momento de la inversión.,Inversiones / Fondos Mutuos,Inversiones / Fondos Mutuos,EJEC-003,Web,1175000.0,376,Rechazado,True
REC-10593,2026-04-12 23:26:00,11.830.492-K,Cobro no autorizado de seguro de protección de tarjeta no contratado.,Seguros,Seguros,EJEC-004,Web,135000.0,285,En Proceso,True
REC-10594,2026-04-01 20:41:00,24.826.866-0,Solicité el bloqueo de mi tarjeta por clonación y no se procesó a tiempo.,Tarjeta de Crédito,Tarjeta de Crédito,EJEC-013,Sucursal,2444000.0,424,Resuelto,True
REC-10595,2026-05-24 01:24:00,23.283.366-1,La rentabilidad reflejada en el cartola no cuadra con el saldo real.,Inversiones / Fondos Mutuos,Crédito Hipotecario,EJEC-005,Web,797000.0,588,En Proceso,False
REC-10596,2026-02-06 08:53:00,8.420.145-1,Se aplicó el cobro del seguro asociado al crédito dos veces en el mismo período.,Crédito Hipotecario,Crédito Hipotecario,EJEC-014,Sucursal,2257000.0,314,Rechazado,True
REC-10597,2026-07-14 09:00:00,21.420.546-1,Error en la reprogramación de cuotas solicitada el mes pasado.,Crédito Consumo,Cuenta Corriente,EJEC-018,Call Center,138000.0,197,Resuelto,False
REC-10598,2026-02-28 06:15:00,6.581.366-1,Aumento no notificado en la prima mensual de la póliza de vida.,Seguros,Seguros,EJEC-016,Web,1107000.0,541,En Proceso,True
REC-10599,2026-05-07 03:50:00,9.226.457-0,Cobro injustificado de mantención de cuenta corriente contratada bajo plan coste cero.,Cuenta Corriente,Cuenta Corriente,EJEC-006,Sucursal,1410000.0,262,Rechazado,True
REC-10600,2026-01-02 17:57:00,23.284.526-0,Cobro injustificado de mantención de cuenta corriente contratada bajo plan coste cero.,Cuenta Corriente,Cuenta Corriente,EJEC-004,Sucursal,70000.0,169,En Proceso,True
REC-10601,2026-04-06 20:09:00,8.957.431-1,Me cobraron una comisión por mantención que no corresponde a mi tarjeta.,Tarjeta de Crédito,Tarjeta de Crédito,EJEC-016,Call Center,1573000.0,320,Rechazado,True
REC-10602,2026-06-18 00:11:00,15.144.771-K,Error en la reprogramación de cuotas solicitada el mes pasado.,Crédito Consumo,Seguros,EJEC-005,App Móvil,2159000.0,334,En Proceso,False
REC-10603,2026-01-15 02:24:00,22.716.490-0,Se aplicó el cobro del seguro asociado al crédito dos veces en el mismo período.,Crédito Hipotecario,Crédito Hipotecario,EJEC-013,Web,56000.0,258,Resuelto,True
REC-10604,2026-04-10 13:44:00,14.762.870-1,Solicité el bloqueo de mi tarjeta por clonación y no se procesó a tiempo.,Tarjeta de Crédito,Tarjeta de Crédito,EJEC-014,Sucursal,2260000.0,179,En Proceso,True
REC-10605,2026-06-20 03:16:00,16.624.304-K,Retraso injustificado en el proceso de tasación para el crédito solicitado.,Crédito Hipotecario,Crédito Hipotecario,EJEC-019,Call Center,230000.0,477,En Proceso,True
REC-10606,2026-06-07 06:21:00,18.745.536-0,Se duplicó el cobro de la última compra efectuada en el supermercado con la tarjeta.,Tarjeta de Crédito,Tarjeta de Crédito,EJEC-015,App Móvil,1621000.0,203,En Proceso,True
REC-10607,2026-05-15 21:29:00,25.637.185-2,Retraso injustificado en el proceso de tasación para el crédito solicitado.,Crédito Hipotecario,Crédito Hipotecario,EJEC-016,Sucursal,376000.0,175,Rechazado,True
REC-10608,2026-03-18 08:29:00,21.537.402-0,Solicité el rescate de mi fondo mutuo y el dinero no ha sido depositado.,Inversiones / Fondos Mutuos,Seguros,EJEC-004,Call Center,1035000.0,520,Rechazado,False
REC-10609,2026-07-04 19:24:00,13.463.360-0,Solicité el rescate de mi fondo mutuo y el dinero no ha sido depositado.,Inversiones / Fondos Mutuos,Inversiones / Fondos Mutuos,EJEC-015,App Móvil,1967000.0,447,Resuelto,True
REC-10610,2026-01-22 14:12:00,14.421.701-K,Aumento no notificado en la prima mensual de la póliza de vida.,Seguros,Seguros,EJEC-009,Sucursal,2417000.0,236,Resuelto,True
REC-10611,2026-02-17 02:40:00,24.365.992-0,El cobro del dividendo no reflejó el abono adicional abonado en ventanilla.,Crédito Hipotecario,Crédito Hipotecario,EJEC-013,Web,38000.0,533,En Proceso,True
REC-10612,2026-06-27 13:49:00,24.843.598-2,Demora excesiva en la constitución de un Depósito a Plazo desde la banca en línea.,Inversiones / Fondos Mutuos,Inversiones / Fondos Mutuos,EJEC-013,Sucursal,224000.0,183,Resuelto,True
REC-10613,2026-02-18 03:49:00,5.812.292-0,Tengo la cuenta bloqueada sin previo aviso y no puedo realizar giros.,Cuenta Corriente,Cuenta Corriente,EJEC-008,Call Center,2106000.0,596,Resuelto,True
REC-10614,2026-01-23 10:16:00,19.251.585-K,Me cobraron una comisión por mantención que no corresponde a mi tarjeta.,Tarjeta de Crédito,Tarjeta de Crédito,EJEC-005,Call Center,2410000.0,527,Resuelto,True
REC-10615,2026-04-26 19:58:00,12.306.401-K,Solicité el bloqueo de mi tarjeta por clonación y no se procesó a tiempo.,Tarjeta de Crédito,Tarjeta de Crédito,EJEC-014,Call Center,2122000.0,342,Resuelto,True
REC-10616,2026-05-05 13:38:00,20.625.705-K,Cierre intempestivo de mi cuenta sin notificación formal por parte del banco.,Cuenta Corriente,Cuenta Corriente,EJEC-001,Call Center,1443000.0,110,En Proceso,True
REC-10617,2026-06-15 14:14:00,20.219.606-2,Problemas con la renovación de la póliza de seguro contra incendio en el dividendo.,Crédito Hipotecario,Crédito Hipotecario,EJEC-006,Sucursal,1817000.0,525,En Proceso,True
REC-10618,2026-04-23 07:55:00,21.324.701-2,No se aplicó la exención tributaria pactada al momento de la inversión.,Inversiones / Fondos Mutuos,Inversiones / Fondos Mutuos,EJEC-005,Sucursal,1809000.0,444,En Proceso,True
REC-10619,2026-06-22 22:16:00,16.915.583-1,Cobro no informado de comisiones por rescate anticipado de la inversión.,Inversiones / Fondos Mutuos,Inversiones / Fondos Mutuos,EJEC-003,Call Center,327000.0,249,Resuelto,True
REC-10620,2026-06-05 16:47:00,8.912.525-K,Realicé el prepago total de mi crédito de consumo y aún figuro con deuda activa.,Crédito Consumo,Crédito Consumo,EJEC-002,Web,900000.0,312,En Proceso,True
REC-10621,2026-06-23 05:24:00,10.947.980-0,Solicité el bloqueo de mi tarjeta por clonación y no se procesó a tiempo.,Tarjeta de Crédito,Tarjeta de Crédito,EJEC-020,App Móvil,306000.0,274,En Proceso,True
REC-10622,2026-03-08 11:36:00,16.887.147-2,Cobro injustificado de mantención de cuenta corriente contratada bajo plan coste cero.,Cuenta Corriente,Cuenta Corriente,EJEC-017,Web,1767000.0,493,En Proceso,True
REC-10623,2026-07-13 03:47:00,8.900.725-0,Solicité el rescate de mi fondo mutuo y el dinero no ha sido depositado.,Inversiones / Fondos Mutuos,Inversiones / Fondos Mutuos,EJEC-006,Web,2178000.0,415,Resuelto,True
REC-10624,2026-07-06 09:58:00,19.880.618-K,El seguro de fraude rechazó la cobertura sin dar explicaciones claras.,Seguros,Seguros,EJEC-012,Sucursal,2049000.0,170,Resuelto,True
REC-10625,2026-04-23 14:11:00,5.351.954-K,No han enviado el certificado de prepago que solicité hace más de 15 días.,Crédito Consumo,Crédito Consumo,EJEC-003,Sucursal,934000.0,469,En Proceso,True
REC-10626,2026-06-11 22:41:00,12.255.871-K,El cajero automático no me entregó el dinero pero descontó el saldo de mi cuenta.,Cuenta Corriente,Cuenta Corriente,EJEC-014,Call Center,2246000.0,573,Rechazado,True
REC-10627,2026-04-03 01:00:00,19.249.888-0,Cobro no autorizado de seguro de protección de tarjeta no contratado.,Seguros,Tarjeta de Crédito,EJEC-011,Sucursal,1007000.0,213,En Proceso,False
REC-10628,2026-01-16 13:25:00,6.776.756-1,Solicité el rescate de mi fondo mutuo y el dinero no ha sido depositado.,Inversiones / Fondos Mutuos,Seguros,EJEC-010,Call Center,1008000.0,356,Rechazado,False
REC-10629,2026-07-10 10:42:00,16.108.946-2,Demora excesiva en la constitución de un Depósito a Plazo desde la banca en línea.,Inversiones / Fondos Mutuos,Crédito Hipotecario,EJEC-015,App Móvil,2220000.0,497,Rechazado,False
REC-10630,2026-03-30 22:08:00,17.894.302-2,Me cobraron una comisión por mantención que no corresponde a mi tarjeta.,Tarjeta de Crédito,Tarjeta de Crédito,EJEC-013,App Móvil,1304000.0,598,En Proceso,True
REC-10631,2026-02-24 03:10:00,21.665.419-2,Solicité la cancelación del seguro de desgravamen y lo siguen cobrando.,Seguros,Seguros,EJEC-018,Sucursal,607000.0,356,Rechazado,True
REC-10632,2026-04-19 17:14:00,8.849.161-2,Error en la reprogramación de cuotas solicitada el mes pasado.,Crédito Consumo,Crédito Consumo,EJEC-004,Web,1893000.0,172,En Proceso,True
REC-10633,2026-03-18 19:32:00,5.564.447-1,Cobro no autorizado de seguro de protección de tarjeta no contratado.,Seguros,Seguros,EJEC-018,App Móvil,879000.0,336,Rechazado,True
REC-10634,2026-07-20 19:33:00,9.831.486-1,Solicité el bloqueo de mi tarjeta por clonación y no se procesó a tiempo.,Tarjeta de Crédito,Tarjeta de Crédito,EJEC-007,Sucursal,1139000.0,195,Rechazado,True
REC-10635,2026-04-19 14:03:00,7.194.163-K,Tengo la cuenta bloqueada sin previo aviso y no puedo realizar giros.,Cuenta Corriente,Cuenta Corriente,EJEC-003,Sucursal,1694000.0,457,Rechazado,True
REC-10636,2026-05-24 17:42:00,17.992.370-K,Aumento no notificado en la prima mensual de la póliza de vida.,Seguros,Crédito Hipotecario,EJEC-014,App Móvil,365000.0,175,En Proceso,False
REC-10637,2026-07-02 15:37:00,9.821.625-0,Solicité la cancelación del seguro de desgravamen y lo siguen cobrando.,Seguros,Seguros,EJEC-002,App Móvil,2360000.0,423,Resuelto,True
REC-10638,2026-06-04 13:56:00,8.223.478-2,Se duplicó el cobro de la última compra efectuada en el supermercado con la tarjeta.,Tarjeta de Crédito,Tarjeta de Crédito,EJEC-012,Sucursal,2478000.0,355,En Proceso,True
REC-10639,2026-05-05 00:57:00,9.245.902-K,Solicité el bloqueo de mi tarjeta por clonación y no se procesó a tiempo.,Tarjeta de Crédito,Crédito Consumo,EJEC-006,Call Center,10000.0,402,Resuelto,False
REC-10640,2026-01-12 14:15:00,20.686.417-K,Me están aplicando intereses moratorios indebidos en mi cuota.,Crédito Consumo,Crédito Consumo,EJEC-020,App Móvil,1906000.0,561,Rechazado,True
REC-10641,2026-04-28 15:21:00,19.252.987-2,No reconozco un cargo recurrente de una suscripción que cancelé hace meses.,Tarjeta de Crédito,Tarjeta de Crédito,EJEC-020,Call Center,971000.0,449,En Proceso,True
REC-10642,2026-05-19 01:33:00,19.853.384-0,Cierre intempestivo de mi cuenta sin notificación formal por parte del banco.,Cuenta Corriente,Cuenta Corriente,EJEC-010,Web,1612000.0,132,Resuelto,True
REC-10643,2026-06-08 18:29:00,23.875.154-1,El cobro del dividendo no reflejó el abono adicional abonado en ventanilla.,Crédito Hipotecario,Tarjeta de Crédito,EJEC-018,App Móvil,2406000.0,326,Resuelto,False
REC-10644,2026-03-04 19:46:00,19.186.926-2,El cobro del dividendo no reflejó el abono adicional abonado en ventanilla.,Crédito Hipotecario,Crédito Hipotecario,EJEC-001,Sucursal,1095000.0,469,Resuelto,True
REC-10645,2026-05-16 10:49:00,17.363.193-0,Se duplicó el cobro de la última compra efectuada en el supermercado con la tarjeta.,Tarjeta de Crédito,Tarjeta de Crédito,EJEC-005,App Móvil,643000.0,136,Resuelto,True
REC-10646,2026-03-20 13:54:00,10.160.729-2,Traté de realizar una transferencia por PAC y el sistema debitó dos veces el monto.,Cuenta Corriente,Cuenta Corriente,EJEC-010,Call Center,251000.0,190,En Proceso,True
REC-10647,2026-03-24 08:48:00,17.947.223-0,El cajero automático no me entregó el dinero pero descontó el saldo de mi cuenta.,Cuenta Corriente,Cuenta Corriente,EJEC-019,App Móvil,1235000.0,561,En Proceso,True
REC-10648,2026-01-30 09:11:00,6.425.575-K,No me han abonado los puntos ni las millas acumuladas de mi tarjeta.,Tarjeta de Crédito,Tarjeta de Crédito,EJEC-008,Web,677000.0,148,Resuelto,True
REC-10649,2026-07-15 18:56:00,25.904.228-2,La rentabilidad reflejada en el cartola no cuadra con el saldo real.,Inversiones / Fondos Mutuos,Inversiones / Fondos Mutuos,EJEC-017,App Móvil,1958000.0,190,En Proceso,True
REC-10650,2026-05-19 05:44:00,12.650.533-K,Me cobraron una comisión por mantención que no corresponde a mi tarjeta.,Tarjeta de Crédito,Tarjeta de Crédito,EJEC-020,Sucursal,1634000.0,216,Resuelto,True
REC-10651,2026-01-16 16:27:00,13.712.356-K,Error en la reprogramación de cuotas solicitada el mes pasado.,Crédito Consumo,Crédito Consumo,EJEC-017,Sucursal,118000.0,591,Rechazado,True
REC-10652,2026-01-18 10:15:00,7.504.815-0,Cierre intempestivo de mi cuenta sin notificación formal por parte del banco.,Cuenta Corriente,Cuenta Corriente,EJEC-009,Call Center,531000.0,561,En Proceso,True
REC-10653,2026-06-24 11:41:00,25.367.870-K,Realicé el prepago total de mi crédito de consumo y aún figuro con deuda activa.,Crédito Consumo,Crédito Consumo,EJEC-011,Sucursal,531000.0,381,Resuelto,True
REC-10654,2026-06-27 04:33:00,25.102.723-K,Me cobraron una comisión por mantención que no corresponde a mi tarjeta.,Tarjeta de Crédito,Tarjeta de Crédito,EJEC-014,Call Center,1907000.0,596,Resuelto,True
REC-10655,2026-06-16 22:13:00,7.651.131-K,El seguro de fraude rechazó la cobertura sin dar explicaciones claras.,Seguros,Seguros,EJEC-013,Sucursal,970000.0,53,Resuelto,True
REC-10656,2026-04-29 12:38:00,11.555.109-1,El seguro de fraude rechazó la cobertura sin dar explicaciones claras.,Seguros,Seguros,EJEC-012,App Móvil,229000.0,355,Rechazado,True
REC-10657,2026-02-26 07:59:00,20.471.137-2,Problemas con la renovación de la póliza de seguro contra incendio en el dividendo.,Crédito Hipotecario,Crédito Hipotecario,EJEC-007,Web,494000.0,450,Resuelto,True
REC-10658,2026-03-13 19:25:00,21.605.274-1,Demora en la liquidación del siniestro denunciado el mes anterior.,Seguros,Seguros,EJEC-020,App Móvil,168000.0,176,Rechazado,True
REC-10659,2026-01-17 04:20:00,13.683.976-1,No se aplicó la exención tributaria pactada al momento de la inversión.,Inversiones / Fondos Mutuos,Inversiones / Fondos Mutuos,EJEC-007,Web,2480000.0,590,Rechazado,True
REC-10660,2026-03-06 23:14:00,22.564.102-K,Demora en la liquidación del siniestro denunciado el mes anterior.,Seguros,Tarjeta de Crédito,EJEC-011,Call Center,2112000.0,461,En Proceso,False
REC-10661,2026-02-01 23:12:00,21.577.607-2,Solicité el rescate de mi fondo mutuo y el dinero no ha sido depositado.,Inversiones / Fondos Mutuos,Cuenta Corriente,EJEC-002,Sucursal,2296000.0,590,En Proceso,False
REC-10662,2026-03-22 00:10:00,17.299.442-0,Solicité el rescate de mi fondo mutuo y el dinero no ha sido depositado.,Inversiones / Fondos Mutuos,Cuenta Corriente,EJEC-014,Web,2293000.0,246,Resuelto,False
REC-10663,2026-03-26 10:36:00,7.741.740-0,No me han abonado los puntos ni las millas acumuladas de mi tarjeta.,Tarjeta de Crédito,Tarjeta de Crédito,EJEC-001,Sucursal,2102000.0,298,Resuelto,True
REC-10664,2026-05-02 08:08:00,15.952.155-2,Cobro no informado de comisiones por rescate anticipado de la inversión.,Inversiones / Fondos Mutuos,Seguros,EJEC-020,Call Center,1911000.0,502,Rechazado,False
REC-10665,2026-02-01 02:55:00,6.134.486-2,El seguro de fraude rechazó la cobertura sin dar explicaciones claras.,Seguros,Seguros,EJEC-002,Call Center,142000.0,487,Resuelto,True
REC-10666,2026-01-27 23:07:00,6.672.153-2,Retraso injustificado en el proceso de tasación para el crédito solicitado.,Crédito Hipotecario,Crédito Hipotecario,EJEC-014,App Móvil,2162000.0,55,En Proceso,True
REC-10667,2026-04-09 15:50:00,18.735.734-0,Error en la reprogramación de cuotas solicitada el mes pasado.,Crédito Consumo,Tarjeta de Crédito,EJEC-015,Sucursal,1472000.0,155,Resuelto,False
REC-10668,2026-01-04 20:18:00,7.707.908-1,Cobro no informado de comisiones por rescate anticipado de la inversión.,Inversiones / Fondos Mutuos,Inversiones / Fondos Mutuos,EJEC-009,Sucursal,1055000.0,500,Resuelto,True
REC-10669,2026-03-04 04:41:00,6.161.230-2,La rentabilidad reflejada en el cartola no cuadra con el saldo real.,Inversiones / Fondos Mutuos,Inversiones / Fondos Mutuos,EJEC-012,Sucursal,1461000.0,599,Resuelto,True
REC-10670,2026-02-07 16:01:00,14.717.451-2,La cuota cobrada este mes es mayor al dividendo pactado en el contrato inicial.,Crédito Consumo,Crédito Consumo,EJEC-005,Web,597000.0,100,En Proceso,True
REC-10671,2026-03-30 06:40:00,11.755.306-0,Realicé el prepago total de mi crédito de consumo y aún figuro con deuda activa.,Crédito Consumo,Crédito Consumo,EJEC-015,Sucursal,2131000.0,388,Rechazado,True
REC-10672,2026-03-18 14:17:00,15.266.207-K,No me han abonado los puntos ni las millas acumuladas de mi tarjeta.,Tarjeta de Crédito,Tarjeta de Crédito,EJEC-001,App Móvil,1735000.0,522,Rechazado,True
REC-10673,2026-02-24 08:09:00,20.852.886-2,Aumento no notificado en la prima mensual de la póliza de vida.,Seguros,Seguros,EJEC-006,Web,910000.0,120,En Proceso,True
REC-10674,2026-01-08 18:56:00,8.245.397-K,Cierre intempestivo de mi cuenta sin notificación formal por parte del banco.,Cuenta Corriente,Cuenta Corriente,EJEC-012,Web,2438000.0,248,Resuelto,True
REC-10675,2026-03-14 05:56:00,12.368.836-1,Descuento duplicado por planilla de la cuota del crédito automotriz / consumo.,Crédito Consumo,Crédito Consumo,EJEC-007,Web,444000.0,313,Resuelto,True
REC-10676,2026-01-06 23:07:00,9.488.770-0,Realicé el prepago total de mi crédito de consumo y aún figuro con deuda activa.,Crédito Consumo,Crédito Consumo,EJEC-008,Sucursal,2025000.0,220,Rechazado,True
REC-10677,2026-06-09 14:48:00,7.221.247-1,El cajero automático no me entregó el dinero pero descontó el saldo de mi cuenta.,Cuenta Corriente,Cuenta Corriente,EJEC-012,Sucursal,1501000.0,295,Resuelto,True
REC-10678,2026-07-15 21:01:00,23.293.974-2,Me cobraron cobros excesivos por sobregiro cuando tenía saldo a favor.,Cuenta Corriente,Cuenta Corriente,EJEC-009,App Móvil,2129000.0,545,Resuelto,True
REC-10679,2026-07-06 02:46:00,20.909.779-0,Inconsistencia en el saldo contable tras realizar una transferencia bancaria.,Cuenta Corriente,Cuenta Corriente,EJEC-017,Sucursal,1249000.0,520,Resuelto,True
REC-10680,2026-03-24 12:45:00,21.811.594-K,Se aplicó el cobro del seguro asociado al crédito dos veces en el mismo período.,Crédito Hipotecario,Crédito Hipotecario,EJEC-019,Web,522000.0,252,En Proceso,True
REC-10681,2026-03-02 13:30:00,11.413.535-K,Cobro no informado de comisiones por rescate anticipado de la inversión.,Inversiones / Fondos Mutuos,Crédito Consumo,EJEC-009,Web,340000.0,131,En Proceso,False
REC-10682,2026-04-24 17:42:00,16.335.697-0,El cobro del dividendo no reflejó el abono adicional abonado en ventanilla.,Crédito Hipotecario,Crédito Hipotecario,EJEC-014,Call Center,1172000.0,463,En Proceso,True
REC-10683,2026-05-08 10:49:00,13.491.125-1,Aún no liberan el certificado de alzamiento de mi propiedad tras saldar la deuda.,Crédito Hipotecario,Crédito Hipotecario,EJEC-003,Sucursal,2254000.0,346,Rechazado,True
REC-10684,2026-05-12 18:39:00,25.180.904-2,Traté de realizar una transferencia por PAC y el sistema debitó dos veces el monto.,Cuenta Corriente,Cuenta Corriente,EJEC-012,Web,1367000.0,386,Resuelto,True
REC-10685,2026-06-22 11:14:00,13.409.863-2,Cierre intempestivo de mi cuenta sin notificación formal por parte del banco.,Cuenta Corriente,Cuenta Corriente,EJEC-005,Sucursal,26000.0,351,En Proceso,True
REC-10686,2026-03-30 13:47:00,17.941.693-0,Problemas con la renovación de la póliza de seguro contra incendio en el dividendo.,Crédito Hipotecario,Crédito Hipotecario,EJEC-005,Call Center,573000.0,259,En Proceso,True
REC-10687,2026-03-01 17:36:00,23.904.665-K,Aumento no notificado en la prima mensual de la póliza de vida.,Seguros,Seguros,EJEC-003,Sucursal,2115000.0,484,Rechazado,True
REC-10688,2026-04-17 07:09:00,19.560.973-0,Realicé el prepago total de mi crédito de consumo y aún figuro con deuda activa.,Crédito Consumo,Crédito Consumo,EJEC-005,Sucursal,2359000.0,54,En Proceso,True
REC-10689,2026-06-18 12:06:00,15.330.529-K,Aumento no notificado en la prima mensual de la póliza de vida.,Seguros,Seguros,EJEC-018,Sucursal,819000.0,68,Rechazado,True
REC-10690,2026-01-09 04:44:00,9.438.681-K,Aún no liberan el certificado de alzamiento de mi propiedad tras saldar la deuda.,Crédito Hipotecario,Tarjeta de Crédito,EJEC-018,Call Center,475000.0,156,En Proceso,False
REC-10691,2026-05-26 15:24:00,25.411.195-1,Me aplicaron intereses de mora a pesar de haber realizado el pago antes del vencimiento.,Tarjeta de Crédito,Tarjeta de Crédito,EJEC-002,Call Center,72000.0,248,Resuelto,True
REC-10692,2026-04-09 09:41:00,11.338.398-0,La tasa de interés aplicada en el dividendo no coincide con la firma de la escritura.,Crédito Hipotecario,Crédito Hipotecario,EJEC-001,App Móvil,820000.0,465,En Proceso,True
REC-10693,2026-02-10 03:46:00,9.649.528-K,El seguro de fraude rechazó la cobertura sin dar explicaciones claras.,Seguros,Seguros,EJEC-007,App Móvil,2177000.0,362,En Proceso,True
REC-10694,2026-07-01 22:41:00,20.262.718-2,Cobro no informado de comisiones por rescate anticipado de la inversión.,Inversiones / Fondos Mutuos,Inversiones / Fondos Mutuos,EJEC-015,Sucursal,508000.0,191,En Proceso,True
REC-10695,2026-01-17 13:37:00,24.926.352-2,La rentabilidad reflejada en el cartola no cuadra con el saldo real.,Inversiones / Fondos Mutuos,Inversiones / Fondos Mutuos,EJEC-019,Web,1845000.0,339,Rechazado,True
REC-10696,2026-04-27 11:50:00,14.500.727-1,Aún no liberan el certificado de alzamiento de mi propiedad tras saldar la deuda.,Crédito Hipotecario,Crédito Hipotecario,EJEC-020,Call Center,1147000.0,232,Rechazado,True
REC-10697,2026-05-26 03:15:00,17.815.144-1,Me cobraron cobros excesivos por sobregiro cuando tenía saldo a favor.,Cuenta Corriente,Seguros,EJEC-010,Web,1747000.0,267,En Proceso,False
REC-10698,2026-04-16 18:52:00,8.477.178-0,Se ejecutó una orden de compra de acciones que no autoricé desde la app.,Inversiones / Fondos Mutuos,Inversiones / Fondos Mutuos,EJEC-006,Sucursal,522000.0,90,En Proceso,True
REC-10699,2026-01-07 02:29:00,25.811.791-K,Se aplicó el cobro del seguro asociado al crédito dos veces en el mismo período.,Crédito Hipotecario,Crédito Hipotecario,EJEC-007,Call Center,99000.0,301,Resuelto,True
REC-10700,2026-07-01 04:39:00,15.786.866-K,Retraso injustificado en el proceso de tasación para el crédito solicitado.,Crédito Hipotecario,Crédito Hipotecario,EJEC-018,App Móvil,1785000.0,493,Resuelto,True
REC-10701,2026-05-01 09:31:00,10.274.958-0,Solicité el rescate de mi fondo mutuo y el dinero no ha sido depositado.,Inversiones / Fondos Mutuos,Inversiones / Fondos Mutuos,EJEC-004,Call Center,425000.0,56,Rechazado,True
REC-10702,2026-03-11 05:14:00,19.466.282-1,El seguro de fraude rechazó la cobertura sin dar explicaciones claras.,Seguros,Inversiones / Fondos Mutuos,EJEC-007,Call Center,1743000.0,580,Rechazado,False
REC-10703,2026-06-19 22:31:00,8.499.806-2,La tasa de interés aplicada en el dividendo no coincide con la firma de la escritura.,Crédito Hipotecario,Crédito Hipotecario,EJEC-002,Call Center,1919000.0,300,En Proceso,True
REC-10704,2026-03-03 06:49:00,7.116.531-0,Solicité el bloqueo de mi tarjeta por clonación y no se procesó a tiempo.,Tarjeta de Crédito,Cuenta Corriente,EJEC-008,Web,1993000.0,216,Rechazado,False
REC-10705,2026-02-12 01:30:00,18.624.210-2,Descuento duplicado por planilla de la cuota del crédito automotriz / consumo.,Crédito Consumo,Crédito Consumo,EJEC-020,App Móvil,2336000.0,449,En Proceso,True
REC-10706,2026-01-31 07:55:00,11.208.465-2,Traté de realizar una transferencia por PAC y el sistema debitó dos veces el monto.,Cuenta Corriente,Cuenta Corriente,EJEC-011,Web,976000.0,514,Resuelto,True
REC-10707,2026-01-17 22:27:00,13.765.738-2,Me cobraron una comisión por mantención que no corresponde a mi tarjeta.,Tarjeta de Crédito,Inversiones / Fondos Mutuos,EJEC-010,Call Center,2458000.0,149,Rechazado,False
REC-10708,2026-05-18 19:25:00,10.357.197-2,Demora en la liquidación del siniestro denunciado el mes anterior.,Seguros,Seguros,EJEC-005,Sucursal,442000.0,370,Rechazado,True
REC-10709,2026-05-04 02:18:00,15.118.723-K,El cobro del dividendo no reflejó el abono adicional abonado en ventanilla.,Crédito Hipotecario,Crédito Hipotecario,EJEC-008,Web,585000.0,172,En Proceso,True
REC-10710,2026-03-02 14:37:00,12.734.181-0,Me cobraron cobros excesivos por sobregiro cuando tenía saldo a favor.,Cuenta Corriente,Cuenta Corriente,EJEC-007,App Móvil,942000.0,83,Resuelto,True
REC-10711,2026-07-05 20:24:00,19.856.998-2,Me cobraron cobros excesivos por sobregiro cuando tenía saldo a favor.,Cuenta Corriente,Cuenta Corriente,EJEC-002,Call Center,1622000.0,340,Resuelto,True
REC-10712,2026-02-28 11:18:00,15.348.310-0,Solicité la cancelación del seguro de desgravamen y lo siguen cobrando.,Seguros,Seguros,EJEC-008,Call Center,1306000.0,232,En Proceso,True
REC-10713,2026-06-11 00:12:00,7.990.603-0,Traté de realizar una transferencia por PAC y el sistema debitó dos veces el monto.,Cuenta Corriente,Cuenta Corriente,EJEC-005,App Móvil,318000.0,222,Rechazado,True
REC-10714,2026-05-21 06:58:00,12.619.180-K,Aumento no notificado en la prima mensual de la póliza de vida.,Seguros,Seguros,EJEC-007,App Móvil,1063000.0,299,En Proceso,True
REC-10715,2026-03-15 19:40:00,19.750.306-2,La tasa de interés aplicada en el dividendo no coincide con la firma de la escritura.,Crédito Hipotecario,Crédito Consumo,EJEC-013,Call Center,424000.0,496,En Proceso,False
REC-10716,2026-05-10 20:48:00,18.878.259-K,No reconozco un cargo recurrente de una suscripción que cancelé hace meses.,Tarjeta de Crédito,Tarjeta de Crédito,EJEC-003,Sucursal,1490000.0,201,Rechazado,True
REC-10717,2026-07-06 05:59:00,13.489.574-2,Se aplicó el cobro del seguro asociado al crédito dos veces en el mismo período.,Crédito Hipotecario,Crédito Hipotecario,EJEC-020,Call Center,184000.0,184,Rechazado,True
REC-10718,2026-05-01 06:40:00,9.294.104-0,No se aplicó la exención tributaria pactada al momento de la inversión.,Inversiones / Fondos Mutuos,Inversiones / Fondos Mutuos,EJEC-016,Call Center,2315000.0,449,Rechazado,True
REC-10719,2026-04-06 13:06:00,20.415.756-0,La tasa de interés aplicada en el dividendo no coincide con la firma de la escritura.,Crédito Hipotecario,Tarjeta de Crédito,EJEC-013,App Móvil,490000.0,491,En Proceso,False
REC-10720,2026-07-17 11:53:00,21.826.600-2,El seguro de fraude rechazó la cobertura sin dar explicaciones claras.,Seguros,Seguros,EJEC-014,App Móvil,610000.0,80,En Proceso,True
REC-10721,2026-06-11 23:05:00,5.814.781-1,Descuento duplicado por planilla de la cuota del crédito automotriz / consumo.,Crédito Consumo,Crédito Consumo,EJEC-005,Sucursal,622000.0,210,Resuelto,True
REC-10722,2026-01-30 03:09:00,25.828.493-K,Cobro no autorizado de seguro de protección de tarjeta no contratado.,Seguros,Tarjeta de Crédito,EJEC-017,App Móvil,2191000.0,214,En Proceso,False
REC-10723,2026-03-06 23:36:00,14.612.645-K,Se ejecutó una orden de compra de acciones que no autoricé desde la app.,Inversiones / Fondos Mutuos,Inversiones / Fondos Mutuos,EJEC-003,Web,1592000.0,397,Resuelto,True
REC-10724,2026-03-10 07:09:00,17.815.415-0,Cobro injustificado de mantención de cuenta corriente contratada bajo plan coste cero.,Cuenta Corriente,Cuenta Corriente,EJEC-004,Web,1935000.0,472,Rechazado,True
REC-10725,2026-04-17 22:20:00,14.850.541-1,Me cobraron cobros excesivos por sobregiro cuando tenía saldo a favor.,Cuenta Corriente,Cuenta Corriente,EJEC-005,App Móvil,1219000.0,559,Resuelto,True
REC-10726,2026-04-26 19:21:00,11.290.305-0,Solicité la cancelación del seguro de desgravamen y lo siguen cobrando.,Seguros,Seguros,EJEC-007,Sucursal,2457000.0,463,En Proceso,True
REC-10727,2026-06-10 21:18:00,8.989.751-1,Solicité el bloqueo de mi tarjeta por clonación y no se procesó a tiempo.,Tarjeta de Crédito,Tarjeta de Crédito,EJEC-004,Sucursal,165000.0,75,Rechazado,True
REC-10728,2026-03-02 16:18:00,20.788.878-0,Me cobraron una comisión por mantención que no corresponde a mi tarjeta.,Tarjeta de Crédito,Tarjeta de Crédito,EJEC-001,Web,247000.0,579,Resuelto,True
REC-10729,2026-04-07 20:34:00,21.879.372-K,Se aplicó el cobro del seguro asociado al crédito dos veces en el mismo período.,Crédito Hipotecario,Crédito Hipotecario,EJEC-011,Sucursal,1706000.0,396,En Proceso,True
REC-10730,2026-03-03 12:19:00,17.487.725-0,No han enviado el certificado de prepago que solicité hace más de 15 días.,Crédito Consumo,Crédito Consumo,EJEC-001,Call Center,2177000.0,456,Rechazado,True
REC-10731,2026-02-05 00:52:00,24.225.989-2,Solicité la cancelación del seguro de desgravamen y lo siguen cobrando.,Seguros,Seguros,EJEC-020,Call Center,1290000.0,237,Resuelto,True
REC-10732,2026-06-13 10:59:00,5.748.468-0,No han gestionado el reembolso médico ingresado hace un mes.,Seguros,Seguros,EJEC-008,Call Center,1003000.0,128,En Proceso,True
REC-10733,2026-04-20 16:15:00,8.851.494-2,Cobro no informado de comisiones por rescate anticipado de la inversión.,Inversiones / Fondos Mutuos,Inversiones / Fondos Mutuos,EJEC-017,Web,324000.0,134,En Proceso,True
REC-10734,2026-06-22 18:43:00,19.272.556-0,Problemas con la renovación de la póliza de seguro contra incendio en el dividendo.,Crédito Hipotecario,Crédito Hipotecario,EJEC-008,App Móvil,430000.0,136,Resuelto,True
REC-10735,2026-04-22 00:59:00,10.434.492-2,Cierre intempestivo de mi cuenta sin notificación formal por parte del banco.,Cuenta Corriente,Cuenta Corriente,EJEC-016,Web,1665000.0,592,Rechazado,True
REC-10736,2026-07-05 16:47:00,7.914.808-2,Inconsistencia en el saldo contable tras realizar una transferencia bancaria.,Cuenta Corriente,Cuenta Corriente,EJEC-020,Web,1612000.0,431,Rechazado,True
REC-10737,2026-07-10 13:01:00,25.757.903-K,El cajero automático no me entregó el dinero pero descontó el saldo de mi cuenta.,Cuenta Corriente,Cuenta Corriente,EJEC-010,Web,283000.0,393,Rechazado,True
REC-10738,2026-06-01 06:25:00,8.686.476-1,Me están aplicando intereses moratorios indebidos en mi cuota.,Crédito Consumo,Crédito Consumo,EJEC-001,Sucursal,159000.0,593,Resuelto,True
REC-10739,2026-04-10 14:27:00,15.889.473-1,No se aplicó la exención tributaria pactada al momento de la inversión.,Inversiones / Fondos Mutuos,Inversiones / Fondos Mutuos,EJEC-008,Web,991000.0,596,En Proceso,True
REC-10740,2026-03-22 04:56:00,14.957.324-K,Aumento no notificado en la prima mensual de la póliza de vida.,Seguros,Seguros,EJEC-010,App Móvil,1869000.0,80,Rechazado,True
REC-10741,2026-03-23 10:32:00,21.805.226-2,Cobro no autorizado de seguro de protección de tarjeta no contratado.,Seguros,Seguros,EJEC-007,Call Center,732000.0,430,Resuelto,True
REC-10742,2026-03-27 05:12:00,11.968.850-1,Demora en la liquidación del siniestro denunciado el mes anterior.,Seguros,Seguros,EJEC-006,Call Center,1820000.0,351,Rechazado,True
REC-10743,2026-02-10 00:44:00,22.501.445-K,Aumento no notificado en la prima mensual de la póliza de vida.,Seguros,Crédito Hipotecario,EJEC-013,Web,1322000.0,334,En Proceso,False
REC-10744,2026-06-28 06:39:00,22.503.199-1,Descuento duplicado por planilla de la cuota del crédito automotriz / consumo.,Crédito Consumo,Tarjeta de Crédito,EJEC-010,Call Center,1638000.0,185,En Proceso,False
REC-10745,2026-06-28 16:28:00,14.248.314-1,Solicité la cancelación del seguro de desgravamen y lo siguen cobrando.,Seguros,Seguros,EJEC-001,Sucursal,1816000.0,149,Rechazado,True
REC-10746,2026-02-07 12:51:00,18.795.961-1,Me cobraron una comisión por mantención que no corresponde a mi tarjeta.,Tarjeta de Crédito,Tarjeta de Crédito,EJEC-016,App Móvil,2363000.0,165,Rechazado,True
REC-10747,2026-06-16 11:33:00,23.544.252-K,Traté de realizar una transferencia por PAC y el sistema debitó dos veces el monto.,Cuenta Corriente,Cuenta Corriente,EJEC-013,Call Center,760000.0,221,Rechazado,True
REC-10748,2026-07-10 12:48:00,7.896.574-K,Error en la reprogramación de cuotas solicitada el mes pasado.,Crédito Consumo,Crédito Consumo,EJEC-012,Web,304000.0,129,Resuelto,True
REC-10749,2026-05-06 21:53:00,21.330.123-K,Error en la reprogramación de cuotas solicitada el mes pasado.,Crédito Consumo,Crédito Consumo,EJEC-019,App Móvil,963000.0,489,En Proceso,True
REC-10750,2026-05-27 04:16:00,8.433.165-1,Problemas con la renovación de la póliza de seguro contra incendio en el dividendo.,Crédito Hipotecario,Crédito Hipotecario,EJEC-018,Call Center,165000.0,596,Rechazado,True
REC-10751,2026-06-16 04:14:00,11.774.220-1,No se aplicó la exención tributaria pactada al momento de la inversión.,Inversiones / Fondos Mutuos,Inversiones / Fondos Mutuos,EJEC-018,Call Center,2002000.0,170,Resuelto,True
REC-10752,2026-02-02 19:37:00,11.768.265-0,Se ejecutó una orden de compra de acciones que no autoricé desde la app.,Inversiones / Fondos Mutuos,Tarjeta de Crédito,EJEC-003,Web,1268000.0,417,Rechazado,False
REC-10753,2026-02-13 14:26:00,5.354.407-0,Se ejecutó una orden de compra de acciones que no autoricé desde la app.,Inversiones / Fondos Mutuos,Inversiones / Fondos Mutuos,EJEC-015,App Móvil,1445000.0,365,Rechazado,True
REC-10754,2026-04-01 20:41:00,22.622.314-0,El seguro de fraude rechazó la cobertura sin dar explicaciones claras.,Seguros,Seguros,EJEC-007,App Móvil,753000.0,265,Resuelto,True
REC-10755,2026-06-04 18:50:00,11.705.467-2,Cierre intempestivo de mi cuenta sin notificación formal por parte del banco.,Cuenta Corriente,Cuenta Corriente,EJEC-003,Sucursal,655000.0,212,En Proceso,True
REC-10756,2026-04-27 02:50:00,13.792.535-1,Cobro no informado de comisiones por rescate anticipado de la inversión.,Inversiones / Fondos Mutuos,Inversiones / Fondos Mutuos,EJEC-009,App Móvil,1788000.0,568,Rechazado,True
REC-10757,2026-02-11 14:19:00,9.423.906-K,La tasa de interés aplicada en el dividendo no coincide con la firma de la escritura.,Crédito Hipotecario,Cuenta Corriente,EJEC-003,Sucursal,316000.0,157,Rechazado,False
REC-10758,2026-05-21 13:53:00,7.437.755-0,No han enviado el certificado de prepago que solicité hace más de 15 días.,Crédito Consumo,Crédito Consumo,EJEC-005,App Móvil,688000.0,145,En Proceso,True
REC-10759,2026-02-26 12:55:00,8.901.226-1,No se aplicó la exención tributaria pactada al momento de la inversión.,Inversiones / Fondos Mutuos,Seguros,EJEC-016,Web,1325000.0,333,Rechazado,False
REC-10760,2026-03-11 20:44:00,8.149.274-2,Aún no liberan el certificado de alzamiento de mi propiedad tras saldar la deuda.,Crédito Hipotecario,Crédito Hipotecario,EJEC-018,Call Center,1195000.0,175,En Proceso,True
REC-10761,2026-01-03 23:26:00,21.830.259-1,Tengo la cuenta bloqueada sin previo aviso y no puedo realizar giros.,Cuenta Corriente,Cuenta Corriente,EJEC-009,Web,2297000.0,424,Rechazado,True
REC-10762,2026-07-19 08:30:00,24.528.823-K,Tengo la cuenta bloqueada sin previo aviso y no puedo realizar giros.,Cuenta Corriente,Inversiones / Fondos Mutuos,EJEC-017,Sucursal,693000.0,483,Rechazado,False
REC-10763,2026-07-03 07:48:00,14.750.978-0,Me están aplicando intereses moratorios indebidos en mi cuota.,Crédito Consumo,Crédito Consumo,EJEC-003,Web,196000.0,290,Resuelto,True
REC-10764,2026-02-12 19:38:00,6.186.861-2,La rentabilidad reflejada en el cartola no cuadra con el saldo real.,Inversiones / Fondos Mutuos,Inversiones / Fondos Mutuos,EJEC-001,Call Center,1694000.0,184,En Proceso,True
REC-10765,2026-05-08 17:34:00,22.814.227-K,Se duplicó el cobro de la última compra efectuada en el supermercado con la tarjeta.,Tarjeta de Crédito,Tarjeta de Crédito,EJEC-001,Call Center,1758000.0,398,Resuelto,True
REC-10766,2026-07-09 22:34:00,21.800.723-0,La rentabilidad reflejada en el cartola no cuadra con el saldo real.,Inversiones / Fondos Mutuos,Seguros,EJEC-008,App Móvil,192000.0,181,Rechazado,False
REC-10767,2026-04-01 01:44:00,18.607.488-1,La cuota cobrada este mes es mayor al dividendo pactado en el contrato inicial.,Crédito Consumo,Crédito Consumo,EJEC-008,Web,729000.0,539,En Proceso,True
REC-10768,2026-03-09 07:16:00,5.855.746-K,Me cobraron cobros excesivos por sobregiro cuando tenía saldo a favor.,Cuenta Corriente,Seguros,EJEC-002,Call Center,2232000.0,544,Resuelto,False
REC-10769,2026-04-02 00:12:00,24.571.436-2,La cuota cobrada este mes es mayor al dividendo pactado en el contrato inicial.,Crédito Consumo,Crédito Consumo,EJEC-006,Call Center,890000.0,148,En Proceso,True
REC-10770,2026-05-06 06:44:00,7.641.626-1,La tasa de interés aplicada en el dividendo no coincide con la firma de la escritura.,Crédito Hipotecario,Tarjeta de Crédito,EJEC-005,Sucursal,569000.0,449,En Proceso,False
REC-10771,2026-03-18 12:26:00,18.286.649-2,No me han abonado los puntos ni las millas acumuladas de mi tarjeta.,Tarjeta de Crédito,Tarjeta de Crédito,EJEC-015,App Móvil,354000.0,489,Resuelto,True
REC-10772,2026-04-02 06:46:00,8.294.391-0,Tengo la cuenta bloqueada sin previo aviso y no puedo realizar giros.,Cuenta Corriente,Cuenta Corriente,EJEC-011,Web,405000.0,248,En Proceso,True
REC-10773,2026-06-20 09:04:00,8.531.600-K,Demora en la liquidación del siniestro denunciado el mes anterior.,Seguros,Seguros,EJEC-013,Call Center,333000.0,155,Resuelto,True
REC-10774,2026-02-02 05:18:00,16.612.113-1,Me aplicaron intereses de mora a pesar de haber realizado el pago antes del vencimiento.,Tarjeta de Crédito,Inversiones / Fondos Mutuos,EJEC-020,Web,1089000.0,341,En Proceso,False
REC-10775,2026-05-05 02:49:00,18.353.732-1,Cobro no autorizado de seguro de protección de tarjeta no contratado.,Seguros,Seguros,EJEC-009,Web,2161000.0,298,Rechazado,True
REC-10776,2026-04-20 06:46:00,20.823.901-0,Demora en la liquidación del siniestro denunciado el mes anterior.,Seguros,Seguros,EJEC-006,App Móvil,2481000.0,197,Resuelto,True
REC-10777,2026-01-31 04:30:00,17.139.380-1,Tengo la cuenta bloqueada sin previo aviso y no puedo realizar giros.,Cuenta Corriente,Cuenta Corriente,EJEC-007,Web,2162000.0,434,En Proceso,True
REC-10778,2026-05-15 10:27:00,25.336.327-2,Retraso injustificado en el proceso de tasación para el crédito solicitado.,Crédito Hipotecario,Crédito Hipotecario,EJEC-014,Web,764000.0,320,En Proceso,True
REC-10779,2026-03-13 11:58:00,18.352.427-0,Traté de realizar una transferencia por PAC y el sistema debitó dos veces el monto.,Cuenta Corriente,Cuenta Corriente,EJEC-011,App Móvil,717000.0,331,Rechazado,True
REC-10780,2026-01-26 14:42:00,10.358.603-2,No han enviado el certificado de prepago que solicité hace más de 15 días.,Crédito Consumo,Crédito Consumo,EJEC-001,App Móvil,831000.0,415,Rechazado,True
REC-10781,2026-07-19 20:06:00,21.719.480-1,No han gestionado el reembolso médico ingresado hace un mes.,Seguros,Seguros,EJEC-013,Web,2219000.0,178,Rechazado,True
REC-10782,2026-07-10 20:32:00,8.142.700-1,Cierre intempestivo de mi cuenta sin notificación formal por parte del banco.,Cuenta Corriente,Cuenta Corriente,EJEC-004,Web,2355000.0,396,En Proceso,True
REC-10783,2026-07-05 16:11:00,11.646.838-1,Aparece un consumo no reconocido realizado en el extranjero el fin de semana.,Tarjeta de Crédito,Tarjeta de Crédito,EJEC-018,Sucursal,2230000.0,400,En Proceso,True
REC-10784,2026-04-25 21:29:00,8.546.169-K,El cobro del dividendo no reflejó el abono adicional abonado en ventanilla.,Crédito Hipotecario,Seguros,EJEC-001,App Móvil,1500000.0,177,En Proceso,False
REC-10785,2026-01-12 19:19:00,6.913.810-1,Aumento no notificado en la prima mensual de la póliza de vida.,Seguros,Seguros,EJEC-018,Web,418000.0,566,En Proceso,True
REC-10786,2026-05-24 13:19:00,17.721.378-1,Traté de realizar una transferencia por PAC y el sistema debitó dos veces el monto.,Cuenta Corriente,Cuenta Corriente,EJEC-007,Web,2198000.0,570,En Proceso,True
REC-10787,2026-05-09 17:55:00,13.410.972-1,Error en la reprogramación de cuotas solicitada el mes pasado.,Crédito Consumo,Crédito Consumo,EJEC-004,App Móvil,564000.0,591,Resuelto,True
REC-10788,2026-03-16 01:20:00,25.251.384-1,La cuota cobrada este mes es mayor al dividendo pactado en el contrato inicial.,Crédito Consumo,Crédito Consumo,EJEC-008,App Móvil,1339000.0,46,Rechazado,True
REC-10789,2026-03-30 21:35:00,24.477.432-0,Cobro no autorizado de seguro de protección de tarjeta no contratado.,Seguros,Seguros,EJEC-005,Call Center,2246000.0,346,En Proceso,True
REC-10790,2026-01-15 21:21:00,5.943.464-1,No han gestionado el reembolso médico ingresado hace un mes.,Seguros,Seguros,EJEC-001,Web,1808000.0,436,Rechazado,True
REC-10791,2026-03-07 21:22:00,25.718.664-1,Aún no liberan el certificado de alzamiento de mi propiedad tras saldar la deuda.,Crédito Hipotecario,Crédito Hipotecario,EJEC-007,Call Center,393000.0,282,Rechazado,True
REC-10792,2026-07-05 14:48:00,16.251.590-0,Aún no liberan el certificado de alzamiento de mi propiedad tras saldar la deuda.,Crédito Hipotecario,Crédito Hipotecario,EJEC-006,App Móvil,1426000.0,229,Rechazado,True
REC-10793,2026-03-14 00:43:00,14.266.281-K,Cobro no autorizado de seguro de protección de tarjeta no contratado.,Seguros,Seguros,EJEC-005,Web,1069000.0,510,Rechazado,True
REC-10794,2026-04-14 03:25:00,21.240.844-0,Solicité el rescate de mi fondo mutuo y el dinero no ha sido depositado.,Inversiones / Fondos Mutuos,Inversiones / Fondos Mutuos,EJEC-001,Web,2067000.0,89,Resuelto,True
REC-10795,2026-03-05 02:51:00,13.246.742-0,No reconozco un cargo recurrente de una suscripción que cancelé hace meses.,Tarjeta de Crédito,Tarjeta de Crédito,EJEC-011,Web,510000.0,536,Rechazado,True
REC-10796,2026-04-24 05:34:00,14.439.590-1,Traté de realizar una transferencia por PAC y el sistema debitó dos veces el monto.,Cuenta Corriente,Cuenta Corriente,EJEC-009,Web,58000.0,90,Resuelto,True
REC-10797,2026-05-20 10:07:00,8.623.956-K,Traté de realizar una transferencia por PAC y el sistema debitó dos veces el monto.,Cuenta Corriente,Tarjeta de Crédito,EJEC-008,Call Center,967000.0,406,Rechazado,False
REC-10798,2026-03-15 07:42:00,17.803.832-0,Aún no liberan el certificado de alzamiento de mi propiedad tras saldar la deuda.,Crédito Hipotecario,Cuenta Corriente,EJEC-004,Sucursal,896000.0,386,Resuelto,False
REC-10799,2026-04-03 02:53:00,6.719.254-1,El cobro del dividendo no reflejó el abono adicional abonado en ventanilla.,Crédito Hipotecario,Crédito Hipotecario,EJEC-006,Call Center,380000.0,353,Rechazado,True
REC-10800,2026-03-15 11:53:00,8.377.611-2,Error en la reprogramación de cuotas solicitada el mes pasado.,Crédito Consumo,Crédito Consumo,EJEC-001,App Móvil,1946000.0,195,En Proceso,True
REC-10801,2026-02-07 13:19:00,19.838.915-K,Me cobraron una comisión por mantención que no corresponde a mi tarjeta.,Tarjeta de Crédito,Tarjeta de Crédito,EJEC-009,App Móvil,231000.0,175,Resuelto,True
REC-10802,2026-07-16 13:08:00,16.426.606-K,Problemas con la renovación de la póliza de seguro contra incendio en el dividendo.,Crédito Hipotecario,Seguros,EJEC-011,App Móvil,2006000.0,296,En Proceso,False
REC-10803,2026-04-18 18:45:00,20.651.646-K,Demora excesiva en la constitución de un Depósito a Plazo desde la banca en línea.,Inversiones / Fondos Mutuos,Crédito Hipotecario,EJEC-003,Call Center,1320000.0,269,Rechazado,False
REC-10804,2026-01-23 08:01:00,16.102.308-0,Descuento duplicado por planilla de la cuota del crédito automotriz / consumo.,Crédito Consumo,Crédito Consumo,EJEC-005,Web,154000.0,402,En Proceso,True
REC-10805,2026-07-19 04:45:00,14.571.247-K,El cajero automático no me entregó el dinero pero descontó el saldo de mi cuenta.,Cuenta Corriente,Tarjeta de Crédito,EJEC-005,Web,2405000.0,191,En Proceso,False
REC-10806,2026-07-07 00:53:00,18.480.155-0,Cobro no autorizado de seguro de protección de tarjeta no contratado.,Seguros,Seguros,EJEC-020,App Móvil,80000.0,419,Resuelto,True
REC-10807,2026-01-21 08:21:00,7.112.682-K,Cobro injustificado de mantención de cuenta corriente contratada bajo plan coste cero.,Cuenta Corriente,Cuenta Corriente,EJEC-005,Sucursal,1178000.0,390,En Proceso,True
REC-10808,2026-07-20 22:00:00,5.393.213-1,Me aplicaron intereses de mora a pesar de haber realizado el pago antes del vencimiento.,Tarjeta de Crédito,Tarjeta de Crédito,EJEC-006,App Móvil,32000.0,478,Rechazado,True
REC-10809,2026-04-27 18:54:00,13.685.613-2,Solicité la cancelación del seguro de desgravamen y lo siguen cobrando.,Seguros,Seguros,EJEC-006,Sucursal,2433000.0,579,En Proceso,True
REC-10810,2026-02-02 07:13:00,17.733.157-1,Aún no liberan el certificado de alzamiento de mi propiedad tras saldar la deuda.,Crédito Hipotecario,Seguros,EJEC-020,Web,2042000.0,524,En Proceso,False
REC-10811,2026-03-22 22:16:00,25.514.947-K,Traté de realizar una transferencia por PAC y el sistema debitó dos veces el monto.,Cuenta Corriente,Cuenta Corriente,EJEC-014,App Móvil,678000.0,151,Resuelto,True
REC-10812,2026-04-03 20:35:00,15.128.345-2,Inconsistencia en el saldo contable tras realizar una transferencia bancaria.,Cuenta Corriente,Cuenta Corriente,EJEC-007,Web,1893000.0,361,Resuelto,True
REC-10813,2026-05-22 06:53:00,25.133.346-2,Se duplicó el cobro de la última compra efectuada en el supermercado con la tarjeta.,Tarjeta de Crédito,Tarjeta de Crédito,EJEC-019,Call Center,119000.0,367,Resuelto,True
REC-10814,2026-03-21 00:17:00,16.869.389-K,Cobro no informado de comisiones por rescate anticipado de la inversión.,Inversiones / Fondos Mutuos,Inversiones / Fondos Mutuos,EJEC-013,Sucursal,2435000.0,144,En Proceso,True
REC-10815,2026-04-15 17:11:00,8.614.926-1,Se duplicó el cobro de la última compra efectuada en el supermercado con la tarjeta.,Tarjeta de Crédito,Tarjeta de Crédito,EJEC-016,Web,729000.0,200,Rechazado,True
REC-10816,2026-04-29 02:41:00,25.195.835-1,Cobro injustificado de mantención de cuenta corriente contratada bajo plan coste cero.,Cuenta Corriente,Cuenta Corriente,EJEC-005,App Móvil,2484000.0,558,Rechazado,True
REC-10817,2026-07-06 20:46:00,25.635.887-2,Aún no liberan el certificado de alzamiento de mi propiedad tras saldar la deuda.,Crédito Hipotecario,Crédito Hipotecario,EJEC-012,Call Center,105000.0,441,Resuelto,True
REC-10818,2026-02-23 20:50:00,24.176.256-K,No reconozco un cargo recurrente de una suscripción que cancelé hace meses.,Tarjeta de Crédito,Tarjeta de Crédito,EJEC-010,Web,1250000.0,510,En Proceso,True
REC-10819,2026-02-13 10:05:00,10.169.386-2,La cuota cobrada este mes es mayor al dividendo pactado en el contrato inicial.,Crédito Consumo,Crédito Consumo,EJEC-015,Sucursal,2465000.0,307,En Proceso,True
REC-10820,2026-06-16 04:47:00,8.682.599-0,No han enviado el certificado de prepago que solicité hace más de 15 días.,Crédito Consumo,Crédito Consumo,EJEC-020,App Móvil,1105000.0,569,Rechazado,True
REC-10821,2026-03-22 12:45:00,7.798.523-K,Error en la reprogramación de cuotas solicitada el mes pasado.,Crédito Consumo,Crédito Consumo,EJEC-002,App Móvil,1751000.0,53,Resuelto,True
REC-10822,2026-01-27 09:55:00,17.262.683-K,Aparece un consumo no reconocido realizado en el extranjero el fin de semana.,Tarjeta de Crédito,Tarjeta de Crédito,EJEC-015,Web,876000.0,524,Rechazado,True
REC-10823,2026-05-17 15:52:00,8.187.284-0,Retraso injustificado en el proceso de tasación para el crédito solicitado.,Crédito Hipotecario,Crédito Hipotecario,EJEC-011,Web,797000.0,542,Resuelto,True
REC-10824,2026-06-29 16:15:00,8.385.565-0,Cobro no informado de comisiones por rescate anticipado de la inversión.,Inversiones / Fondos Mutuos,Cuenta Corriente,EJEC-007,Sucursal,1423000.0,434,Resuelto,False
REC-10825,2026-04-03 14:40:00,20.318.155-1,No reconozco un cargo recurrente de una suscripción que cancelé hace meses.,Tarjeta de Crédito,Tarjeta de Crédito,EJEC-009,Sucursal,1591000.0,130,Resuelto,True
REC-10826,2026-01-18 09:20:00,17.183.405-K,El cobro del dividendo no reflejó el abono adicional abonado en ventanilla.,Crédito Hipotecario,Crédito Hipotecario,EJEC-009,App Móvil,2077000.0,139,En Proceso,True
REC-10827,2026-03-29 10:08:00,10.303.457-K,Retraso injustificado en el proceso de tasación para el crédito solicitado.,Crédito Hipotecario,Crédito Hipotecario,EJEC-006,Call Center,890000.0,443,Resuelto,True
REC-10828,2026-05-24 20:22:00,11.179.840-1,Error en la reprogramación de cuotas solicitada el mes pasado.,Crédito Consumo,Crédito Hipotecario,EJEC-001,App Móvil,2242000.0,196,En Proceso,False
REC-10829,2026-03-23 03:52:00,18.369.633-0,Aún no liberan el certificado de alzamiento de mi propiedad tras saldar la deuda.,Crédito Hipotecario,Crédito Hipotecario,EJEC-019,Web,96000.0,237,En Proceso,True
REC-10830,2026-06-28 18:38:00,10.715.486-1,Realicé el prepago total de mi crédito de consumo y aún figuro con deuda activa.,Crédito Consumo,Seguros,EJEC-001,Sucursal,2035000.0,61,En Proceso,False
REC-10831,2026-03-20 17:08:00,8.816.611-K,Retraso injustificado en el proceso de tasación para el crédito solicitado.,Crédito Hipotecario,Crédito Hipotecario,EJEC-018,Call Center,1310000.0,388,Resuelto,True
REC-10832,2026-02-15 15:39:00,18.482.281-1,La rentabilidad reflejada en el cartola no cuadra con el saldo real.,Inversiones / Fondos Mutuos,Inversiones / Fondos Mutuos,EJEC-014,Sucursal,1757000.0,146,Resuelto,True
REC-10833,2026-01-27 03:03:00,25.116.731-K,No me han abonado los puntos ni las millas acumuladas de mi tarjeta.,Tarjeta de Crédito,Tarjeta de Crédito,EJEC-020,Web,1586000.0,560,Rechazado,True
REC-10834,2026-01-09 22:47:00,14.972.530-1,Cobro injustificado de mantención de cuenta corriente contratada bajo plan coste cero.,Cuenta Corriente,Cuenta Corriente,EJEC-013,Web,493000.0,525,Resuelto,True
REC-10835,2026-03-31 15:50:00,18.940.760-K,Solicité el bloqueo de mi tarjeta por clonación y no se procesó a tiempo.,Tarjeta de Crédito,Tarjeta de Crédito,EJEC-017,Sucursal,673000.0,315,En Proceso,True
REC-10836,2026-04-17 22:58:00,12.104.524-0,Me cobraron una comisión por mantención que no corresponde a mi tarjeta.,Tarjeta de Crédito,Tarjeta de Crédito,EJEC-012,Sucursal,841000.0,485,Resuelto,True
REC-10837,2026-05-23 13:21:00,11.731.759-K,No reconozco un cargo recurrente de una suscripción que cancelé hace meses.,Tarjeta de Crédito,Inversiones / Fondos Mutuos,EJEC-005,Call Center,2444000.0,222,En Proceso,False
REC-10838,2026-03-23 17:39:00,10.547.336-0,Solicité la cancelación del seguro de desgravamen y lo siguen cobrando.,Seguros,Seguros,EJEC-019,Call Center,2108000.0,311,Rechazado,True
REC-10839,2026-02-10 11:00:00,11.195.195-0,La tasa de interés aplicada en el dividendo no coincide con la firma de la escritura.,Crédito Hipotecario,Crédito Hipotecario,EJEC-019,App Móvil,74000.0,125,Rechazado,True
REC-10840,2026-04-08 00:51:00,9.564.749-2,El cajero automático no me entregó el dinero pero descontó el saldo de mi cuenta.,Cuenta Corriente,Cuenta Corriente,EJEC-008,Sucursal,489000.0,296,Rechazado,True
REC-10841,2026-07-19 12:54:00,13.775.152-2,Aparece un consumo no reconocido realizado en el extranjero el fin de semana.,Tarjeta de Crédito,Tarjeta de Crédito,EJEC-019,Web,282000.0,170,Resuelto,True
REC-10842,2026-02-06 09:38:00,13.284.195-0,Se aplicó el cobro del seguro asociado al crédito dos veces en el mismo período.,Crédito Hipotecario,Cuenta Corriente,EJEC-013,Web,1230000.0,67,En Proceso,False
REC-10843,2026-01-19 16:36:00,25.178.315-K,Se aplicó el cobro del seguro asociado al crédito dos veces en el mismo período.,Crédito Hipotecario,Crédito Hipotecario,EJEC-015,App Móvil,454000.0,55,Resuelto,True
REC-10844,2026-06-18 19:21:00,25.721.975-0,Solicité el bloqueo de mi tarjeta por clonación y no se procesó a tiempo.,Tarjeta de Crédito,Inversiones / Fondos Mutuos,EJEC-020,Web,400000.0,305,Resuelto,False
REC-10845,2026-02-19 20:41:00,5.648.123-1,Cobro injustificado de mantención de cuenta corriente contratada bajo plan coste cero.,Cuenta Corriente,Cuenta Corriente,EJEC-007,Web,822000.0,270,Resuelto,True
REC-10846,2026-07-06 23:36:00,9.374.380-K,Traté de realizar una transferencia por PAC y el sistema debitó dos veces el monto.,Cuenta Corriente,Cuenta Corriente,EJEC-018,Sucursal,1170000.0,552,En Proceso,True
REC-10847,2026-05-12 13:39:00,11.356.277-1,Demora en la liquidación del siniestro denunciado el mes anterior.,Seguros,Seguros,EJEC-013,Web,1461000.0,364,Resuelto,True
REC-10848,2026-02-22 16:39:00,18.556.533-2,Descuento duplicado por planilla de la cuota del crédito automotriz / consumo.,Crédito Consumo,Crédito Consumo,EJEC-013,Call Center,503000.0,406,En Proceso,True
REC-10849,2026-06-11 02:11:00,19.271.134-2,La rentabilidad reflejada en el cartola no cuadra con el saldo real.,Inversiones / Fondos Mutuos,Inversiones / Fondos Mutuos,EJEC-017,Sucursal,999000.0,162,Resuelto,True
REC-10850,2026-03-24 14:39:00,10.466.351-0,Cierre intempestivo de mi cuenta sin notificación formal por parte del banco.,Cuenta Corriente,Cuenta Corriente,EJEC-005,Sucursal,310000.0,371,Rechazado,True
REC-10851,2026-01-03 11:13:00,11.576.681-2,Inconsistencia en el saldo contable tras realizar una transferencia bancaria.,Cuenta Corriente,Cuenta Corriente,EJEC-010,App Móvil,1321000.0,150,Rechazado,True
REC-10852,2026-03-13 20:44:00,7.687.761-K,Aumento no notificado en la prima mensual de la póliza de vida.,Seguros,Seguros,EJEC-011,App Móvil,497000.0,550,En Proceso,True
REC-10853,2026-01-12 09:22:00,18.222.227-K,Inconsistencia en el saldo contable tras realizar una transferencia bancaria.,Cuenta Corriente,Cuenta Corriente,EJEC-013,App Móvil,1443000.0,336,Resuelto,True
REC-10854,2026-06-14 19:39:00,5.572.391-1,La tasa de interés aplicada en el dividendo no coincide con la firma de la escritura.,Crédito Hipotecario,Seguros,EJEC-002,Sucursal,1614000.0,116,En Proceso,False
REC-10855,2026-01-25 14:10:00,14.381.424-2,La tasa de interés aplicada en el dividendo no coincide con la firma de la escritura.,Crédito Hipotecario,Crédito Hipotecario,EJEC-011,Call Center,1533000.0,447,En Proceso,True
REC-10856,2026-06-28 15:30:00,20.969.756-0,Descuento duplicado por planilla de la cuota del crédito automotriz / consumo.,Crédito Consumo,Crédito Consumo,EJEC-008,Web,2065000.0,187,Resuelto,True
REC-10857,2026-03-24 23:28:00,18.331.274-0,Cierre intempestivo de mi cuenta sin notificación formal por parte del banco.,Cuenta Corriente,Crédito Hipotecario,EJEC-018,Web,2336000.0,98,En Proceso,False
REC-10858,2026-07-20 01:28:00,8.149.411-0,No han enviado el certificado de prepago que solicité hace más de 15 días.,Crédito Consumo,Crédito Consumo,EJEC-013,Sucursal,1748000.0,186,Rechazado,True
REC-10859,2026-04-28 04:05:00,9.426.982-1,La rentabilidad reflejada en el cartola no cuadra con el saldo real.,Inversiones / Fondos Mutuos,Inversiones / Fondos Mutuos,EJEC-004,App Móvil,1447000.0,546,En Proceso,True
REC-10860,2026-03-24 16:28:00,12.194.370-2,El seguro de fraude rechazó la cobertura sin dar explicaciones claras.,Seguros,Seguros,EJEC-008,App Móvil,1739000.0,121,En Proceso,True
REC-10861,2026-01-16 07:15:00,5.786.321-K,Aún no liberan el certificado de alzamiento de mi propiedad tras saldar la deuda.,Crédito Hipotecario,Crédito Hipotecario,EJEC-011,App Móvil,2036000.0,585,Rechazado,True
REC-10862,2026-03-22 10:38:00,19.771.257-0,El cajero automático no me entregó el dinero pero descontó el saldo de mi cuenta.,Cuenta Corriente,Inversiones / Fondos Mutuos,EJEC-015,App Móvil,1951000.0,237,Resuelto,False
REC-10863,2026-03-13 14:26:00,10.802.414-0,Tengo la cuenta bloqueada sin previo aviso y no puedo realizar giros.,Cuenta Corriente,Tarjeta de Crédito,EJEC-008,Web,2236000.0,236,En Proceso,False
REC-10864,2026-01-08 16:15:00,21.563.460-2,Se duplicó el cobro de la última compra efectuada en el supermercado con la tarjeta.,Tarjeta de Crédito,Tarjeta de Crédito,EJEC-014,App Móvil,381000.0,559,En Proceso,True
REC-10865,2026-05-11 11:23:00,6.551.379-2,Me cobraron una comisión por mantención que no corresponde a mi tarjeta.,Tarjeta de Crédito,Tarjeta de Crédito,EJEC-014,App Móvil,739000.0,457,Resuelto,True
REC-10866,2026-06-02 09:25:00,21.722.605-K,Me aplicaron intereses de mora a pesar de haber realizado el pago antes del vencimiento.,Tarjeta de Crédito,Tarjeta de Crédito,EJEC-008,Web,553000.0,99,Resuelto,True
REC-10867,2026-05-28 09:05:00,12.167.644-0,Realicé el prepago total de mi crédito de consumo y aún figuro con deuda activa.,Crédito Consumo,Inversiones / Fondos Mutuos,EJEC-013,Call Center,258000.0,319,En Proceso,False
REC-10868,2026-02-22 05:50:00,11.455.752-2,Cobro no autorizado de seguro de protección de tarjeta no contratado.,Seguros,Seguros,EJEC-001,Web,467000.0,533,Rechazado,True
REC-10869,2026-03-20 23:28:00,12.274.422-0,El cajero automático no me entregó el dinero pero descontó el saldo de mi cuenta.,Cuenta Corriente,Cuenta Corriente,EJEC-015,App Móvil,2406000.0,530,En Proceso,True
REC-10870,2026-03-27 00:42:00,10.370.178-1,El seguro de fraude rechazó la cobertura sin dar explicaciones claras.,Seguros,Seguros,EJEC-016,Web,1223000.0,298,En Proceso,True
REC-10871,2026-01-29 01:32:00,5.680.796-2,Inconsistencia en el saldo contable tras realizar una transferencia bancaria.,Cuenta Corriente,Cuenta Corriente,EJEC-005,Web,254000.0,388,En Proceso,True
REC-10872,2026-05-06 11:58:00,22.363.779-K,No han enviado el certificado de prepago que solicité hace más de 15 días.,Crédito Consumo,Crédito Consumo,EJEC-012,Sucursal,1777000.0,575,Rechazado,True
REC-10873,2026-06-02 16:31:00,8.376.802-0,Tengo la cuenta bloqueada sin previo aviso y no puedo realizar giros.,Cuenta Corriente,Crédito Consumo,EJEC-012,Call Center,82000.0,486,En Proceso,False
REC-10874,2026-02-22 03:02:00,11.486.754-0,Error en la reprogramación de cuotas solicitada el mes pasado.,Crédito Consumo,Crédito Consumo,EJEC-015,App Móvil,667000.0,402,En Proceso,True
REC-10875,2026-04-11 20:06:00,18.382.416-1,Se duplicó el cobro de la última compra efectuada en el supermercado con la tarjeta.,Tarjeta de Crédito,Tarjeta de Crédito,EJEC-011,Web,1086000.0,510,Rechazado,True
REC-10876,2026-03-30 09:50:00,8.108.610-1,Problemas con la renovación de la póliza de seguro contra incendio en el dividendo.,Crédito Hipotecario,Crédito Hipotecario,EJEC-010,App Móvil,763000.0,340,Resuelto,True
REC-10877,2026-03-17 00:31:00,19.141.322-2,Solicité el rescate de mi fondo mutuo y el dinero no ha sido depositado.,Inversiones / Fondos Mutuos,Inversiones / Fondos Mutuos,EJEC-010,Web,1079000.0,45,Resuelto,True
REC-10878,2026-03-06 04:42:00,16.999.390-1,Me aplicaron intereses de mora a pesar de haber realizado el pago antes del vencimiento.,Tarjeta de Crédito,Tarjeta de Crédito,EJEC-007,Call Center,1465000.0,127,En Proceso,True
REC-10879,2026-02-26 01:05:00,20.463.354-K,Retraso injustificado en el proceso de tasación para el crédito solicitado.,Crédito Hipotecario,Tarjeta de Crédito,EJEC-009,Sucursal,1495000.0,222,Rechazado,False
REC-10880,2026-04-22 23:10:00,15.923.692-1,Solicité la cancelación del seguro de desgravamen y lo siguen cobrando.,Seguros,Seguros,EJEC-014,App Móvil,756000.0,132,En Proceso,True
REC-10881,2026-05-26 21:26:00,19.658.287-K,La tasa de interés aplicada en el dividendo no coincide con la firma de la escritura.,Crédito Hipotecario,Crédito Hipotecario,EJEC-015,Sucursal,1262000.0,411,En Proceso,True
REC-10882,2026-04-01 14:35:00,19.530.520-K,Se duplicó el cobro de la última compra efectuada en el supermercado con la tarjeta.,Tarjeta de Crédito,Tarjeta de Crédito,EJEC-014,Web,1891000.0,354,Resuelto,True
REC-10883,2026-05-29 17:28:00,16.230.735-2,No reconozco un cargo recurrente de una suscripción que cancelé hace meses.,Tarjeta de Crédito,Crédito Consumo,EJEC-013,Web,1160000.0,575,En Proceso,False
REC-10884,2026-01-14 02:53:00,6.376.949-0,Descuento duplicado por planilla de la cuota del crédito automotriz / consumo.,Crédito Consumo,Crédito Consumo,EJEC-010,Call Center,1728000.0,107,Resuelto,True
REC-10885,2026-07-09 19:57:00,21.857.834-0,Solicité la cancelación del seguro de desgravamen y lo siguen cobrando.,Seguros,Seguros,EJEC-018,Call Center,345000.0,203,En Proceso,True
REC-10886,2026-06-10 10:36:00,5.924.596-1,Me cobraron una comisión por mantención que no corresponde a mi tarjeta.,Tarjeta de Crédito,Tarjeta de Crédito,EJEC-020,Web,1302000.0,298,Resuelto,True
REC-10887,2026-01-27 16:10:00,5.952.617-K,La tasa de interés aplicada en el dividendo no coincide con la firma de la escritura.,Crédito Hipotecario,Crédito Consumo,EJEC-013,Call Center,2457000.0,285,Rechazado,False
REC-10888,2026-03-08 20:54:00,19.979.773-0,Aún no liberan el certificado de alzamiento de mi propiedad tras saldar la deuda.,Crédito Hipotecario,Crédito Hipotecario,EJEC-006,App Móvil,2047000.0,291,Resuelto,True
REC-10889,2026-05-11 23:52:00,22.305.587-K,No han enviado el certificado de prepago que solicité hace más de 15 días.,Crédito Consumo,Crédito Consumo,EJEC-019,Call Center,922000.0,326,En Proceso,True
REC-10890,2026-04-09 23:48:00,8.575.526-K,Traté de realizar una transferencia por PAC y el sistema debitó dos veces el monto.,Cuenta Corriente,Cuenta Corriente,EJEC-004,Call Center,32000.0,355,Resuelto,True
REC-10891,2026-06-15 22:12:00,24.555.143-2,Tengo la cuenta bloqueada sin previo aviso y no puedo realizar giros.,Cuenta Corriente,Inversiones / Fondos Mutuos,EJEC-009,Web,2454000.0,411,Rechazado,False
REC-10892,2026-05-09 07:11:00,16.823.637-K,Solicité el rescate de mi fondo mutuo y el dinero no ha sido depositado.,Inversiones / Fondos Mutuos,Inversiones / Fondos Mutuos,EJEC-005,Sucursal,1642000.0,392,En Proceso,True
REC-10893,2026-07-03 04:46:00,13.903.880-2,La tasa de interés aplicada en el dividendo no coincide con la firma de la escritura.,Crédito Hipotecario,Inversiones / Fondos Mutuos,EJEC-013,Call Center,1517000.0,229,Rechazado,False
REC-10894,2026-07-01 17:18:00,21.365.232-2,Demora excesiva en la constitución de un Depósito a Plazo desde la banca en línea.,Inversiones / Fondos Mutuos,Inversiones / Fondos Mutuos,EJEC-020,Call Center,174000.0,75,Rechazado,True
REC-10895,2026-02-10 07:54:00,8.781.208-K,Aumento no notificado en la prima mensual de la póliza de vida.,Seguros,Seguros,EJEC-008,App Móvil,268000.0,223,Rechazado,True
REC-10896,2026-04-09 14:20:00,7.163.726-2,Me cobraron una comisión por mantención que no corresponde a mi tarjeta.,Tarjeta de Crédito,Cuenta Corriente,EJEC-015,Sucursal,1518000.0,75,Resuelto,False
REC-10897,2026-03-24 03:40:00,19.486.236-1,Me cobraron cobros excesivos por sobregiro cuando tenía saldo a favor.,Cuenta Corriente,Cuenta Corriente,EJEC-010,App Móvil,507000.0,210,En Proceso,True
REC-10898,2026-05-16 06:33:00,7.696.124-0,Traté de realizar una transferencia por PAC y el sistema debitó dos veces el monto.,Cuenta Corriente,Cuenta Corriente,EJEC-001,Sucursal,1937000.0,118,En Proceso,True
REC-10899,2026-02-17 23:17:00,25.640.608-1,Inconsistencia en el saldo contable tras realizar una transferencia bancaria.,Cuenta Corriente,Seguros,EJEC-012,Sucursal,1548000.0,186,Resuelto,False
REC-10900,2026-04-23 14:35:00,25.485.994-0,Solicité el rescate de mi fondo mutuo y el dinero no ha sido depositado.,Inversiones / Fondos Mutuos,Inversiones / Fondos Mutuos,EJEC-017,Sucursal,257000.0,555,Resuelto,True
REC-10901,2026-01-14 20:31:00,22.438.123-1,No han enviado el certificado de prepago que solicité hace más de 15 días.,Crédito Consumo,Crédito Consumo,EJEC-012,Web,2182000.0,206,En Proceso,True
REC-10902,2026-01-20 18:14:00,23.347.973-2,El cobro del dividendo no reflejó el abono adicional abonado en ventanilla.,Crédito Hipotecario,Crédito Hipotecario,EJEC-004,Call Center,2343000.0,314,Rechazado,True
REC-10903,2026-01-08 01:06:00,15.531.367-1,La cuota cobrada este mes es mayor al dividendo pactado en el contrato inicial.,Crédito Consumo,Crédito Consumo,EJEC-018,Sucursal,2311000.0,108,Resuelto,True
REC-10904,2026-05-07 02:29:00,23.724.819-0,La cuota cobrada este mes es mayor al dividendo pactado en el contrato inicial.,Crédito Consumo,Seguros,EJEC-020,Web,2219000.0,535,Resuelto,False
REC-10905,2026-03-11 01:25:00,8.136.608-1,No han gestionado el reembolso médico ingresado hace un mes.,Seguros,Seguros,EJEC-010,App Móvil,59000.0,101,Resuelto,True
REC-10906,2026-07-18 06:41:00,22.722.980-K,Demora en la liquidación del siniestro denunciado el mes anterior.,Seguros,Seguros,EJEC-018,Call Center,135000.0,431,Rechazado,True
REC-10907,2026-02-02 14:40:00,18.662.241-0,La tasa de interés aplicada en el dividendo no coincide con la firma de la escritura.,Crédito Hipotecario,Crédito Consumo,EJEC-012,App Móvil,861000.0,104,Resuelto,False
REC-10908,2026-03-01 03:08:00,23.110.332-K,Cobro no autorizado de seguro de protección de tarjeta no contratado.,Seguros,Seguros,EJEC-001,App Móvil,2032000.0,123,Resuelto,True
REC-10909,2026-02-02 14:58:00,10.389.144-2,Descuento duplicado por planilla de la cuota del crédito automotriz / consumo.,Crédito Consumo,Crédito Consumo,EJEC-008,Sucursal,329000.0,452,En Proceso,True
REC-10910,2026-06-18 04:10:00,7.178.356-1,Problemas con la renovación de la póliza de seguro contra incendio en el dividendo.,Crédito Hipotecario,Crédito Hipotecario,EJEC-012,App Móvil,1112000.0,354,En Proceso,True
REC-10911,2026-07-19 18:49:00,14.989.769-1,Se ejecutó una orden de compra de acciones que no autoricé desde la app.,Inversiones / Fondos Mutuos,Inversiones / Fondos Mutuos,EJEC-018,Web,140000.0,465,Rechazado,True
REC-10912,2026-06-09 16:35:00,13.180.308-1,Cobro no informado de comisiones por rescate anticipado de la inversión.,Inversiones / Fondos Mutuos,Inversiones / Fondos Mutuos,EJEC-018,App Móvil,311000.0,190,Resuelto,True
REC-10913,2026-03-02 23:50:00,19.765.882-K,Me cobraron una comisión por mantención que no corresponde a mi tarjeta.,Tarjeta de Crédito,Tarjeta de Crédito,EJEC-002,Sucursal,699000.0,438,En Proceso,True
REC-10914,2026-01-22 02:02:00,13.975.724-K,La tasa de interés aplicada en el dividendo no coincide con la firma de la escritura.,Crédito Hipotecario,Inversiones / Fondos Mutuos,EJEC-015,Web,565000.0,433,Resuelto,False
REC-10915,2026-06-18 14:42:00,22.153.776-2,Se duplicó el cobro de la última compra efectuada en el supermercado con la tarjeta.,Tarjeta de Crédito,Tarjeta de Crédito,EJEC-001,Sucursal,2307000.0,313,Rechazado,True
REC-10916,2026-02-25 00:56:00,15.843.949-K,Problemas con la renovación de la póliza de seguro contra incendio en el dividendo.,Crédito Hipotecario,Tarjeta de Crédito,EJEC-004,Call Center,2381000.0,339,Rechazado,False
REC-10917,2026-04-29 14:28:00,23.836.681-2,Tengo la cuenta bloqueada sin previo aviso y no puedo realizar giros.,Cuenta Corriente,Cuenta Corriente,EJEC-008,App Móvil,2270000.0,332,Rechazado,True
REC-10918,2026-03-12 02:55:00,12.889.655-2,Descuento duplicado por planilla de la cuota del crédito automotriz / consumo.,Crédito Consumo,Crédito Consumo,EJEC-020,Sucursal,907000.0,301,Rechazado,True
REC-10919,2026-07-17 20:45:00,5.227.414-2,Realicé el prepago total de mi crédito de consumo y aún figuro con deuda activa.,Crédito Consumo,Crédito Consumo,EJEC-001,Call Center,27000.0,82,En Proceso,True
REC-10920,2026-05-03 21:46:00,22.323.518-0,Solicité el rescate de mi fondo mutuo y el dinero no ha sido depositado.,Inversiones / Fondos Mutuos,Inversiones / Fondos Mutuos,EJEC-020,Sucursal,2383000.0,496,Resuelto,True
REC-10921,2026-03-08 09:25:00,13.989.606-1,Cierre intempestivo de mi cuenta sin notificación formal por parte del banco.,Cuenta Corriente,Cuenta Corriente,EJEC-020,Web,586000.0,84,Resuelto,True
REC-10922,2026-06-25 17:17:00,19.693.424-0,No se aplicó la exención tributaria pactada al momento de la inversión.,Inversiones / Fondos Mutuos,Inversiones / Fondos Mutuos,EJEC-009,Sucursal,45000.0,406,Rechazado,True
REC-10923,2026-07-03 01:31:00,24.340.458-0,Se duplicó el cobro de la última compra efectuada en el supermercado con la tarjeta.,Tarjeta de Crédito,Tarjeta de Crédito,EJEC-017,Web,596000.0,378,Rechazado,True
REC-10924,2026-04-06 23:14:00,18.173.757-K,Realicé el prepago total de mi crédito de consumo y aún figuro con deuda activa.,Crédito Consumo,Crédito Consumo,EJEC-020,Sucursal,841000.0,462,Rechazado,True
REC-10925,2026-04-06 16:03:00,14.736.131-1,La cuota cobrada este mes es mayor al dividendo pactado en el contrato inicial.,Crédito Consumo,Crédito Consumo,EJEC-005,Web,270000.0,261,En Proceso,True
REC-10926,2026-05-11 17:20:00,23.829.452-1,El cobro del dividendo no reflejó el abono adicional abonado en ventanilla.,Crédito Hipotecario,Crédito Hipotecario,EJEC-005,Call Center,1908000.0,125,Resuelto,True
REC-10927,2026-02-27 19:17:00,21.688.745-K,No se aplicó la exención tributaria pactada al momento de la inversión.,Inversiones / Fondos Mutuos,Inversiones / Fondos Mutuos,EJEC-017,Web,1520000.0,582,Rechazado,True
REC-10928,2026-04-23 10:49:00,13.299.956-2,Me cobraron cobros excesivos por sobregiro cuando tenía saldo a favor.,Cuenta Corriente,Cuenta Corriente,EJEC-012,App Móvil,1142000.0,163,Rechazado,True
REC-10929,2026-03-03 15:11:00,18.470.181-2,Demora excesiva en la constitución de un Depósito a Plazo desde la banca en línea.,Inversiones / Fondos Mutuos,Inversiones / Fondos Mutuos,EJEC-012,Call Center,1515000.0,504,En Proceso,True
REC-10930,2026-02-28 19:26:00,9.650.350-K,Cobro no autorizado de seguro de protección de tarjeta no contratado.,Seguros,Seguros,EJEC-020,Sucursal,1991000.0,394,En Proceso,True
REC-10931,2026-01-31 02:46:00,18.531.617-1,La rentabilidad reflejada en el cartola no cuadra con el saldo real.,Inversiones / Fondos Mutuos,Inversiones / Fondos Mutuos,EJEC-007,App Móvil,2192000.0,60,Resuelto,True
REC-10932,2026-01-31 14:17:00,13.883.667-K,El seguro de fraude rechazó la cobertura sin dar explicaciones claras.,Seguros,Seguros,EJEC-002,Call Center,65000.0,215,Resuelto,True
REC-10933,2026-02-03 17:34:00,21.497.532-2,Tengo la cuenta bloqueada sin previo aviso y no puedo realizar giros.,Cuenta Corriente,Cuenta Corriente,EJEC-008,Sucursal,302000.0,389,Rechazado,True
REC-10934,2026-06-05 21:02:00,8.839.146-0,No han gestionado el reembolso médico ingresado hace un mes.,Seguros,Crédito Hipotecario,EJEC-015,Call Center,727000.0,533,Rechazado,False
REC-10935,2026-02-04 06:15:00,23.939.621-0,Traté de realizar una transferencia por PAC y el sistema debitó dos veces el monto.,Cuenta Corriente,Cuenta Corriente,EJEC-012,Call Center,952000.0,494,Resuelto,True
REC-10936,2026-05-11 20:04:00,13.891.199-1,Me están aplicando intereses moratorios indebidos en mi cuota.,Crédito Consumo,Crédito Consumo,EJEC-019,Call Center,717000.0,438,En Proceso,True
REC-10937,2026-07-13 06:05:00,9.142.933-1,El cobro del dividendo no reflejó el abono adicional abonado en ventanilla.,Crédito Hipotecario,Crédito Hipotecario,EJEC-020,Sucursal,253000.0,336,Resuelto,True
REC-10938,2026-01-31 09:49:00,13.598.549-1,Me cobraron cobros excesivos por sobregiro cuando tenía saldo a favor.,Cuenta Corriente,Crédito Hipotecario,EJEC-020,Web,2312000.0,330,Resuelto,False
REC-10939,2026-01-25 07:03:00,22.958.620-1,Se duplicó el cobro de la última compra efectuada en el supermercado con la tarjeta.,Tarjeta de Crédito,Seguros,EJEC-018,App Móvil,22000.0,71,En Proceso,False
REC-10940,2026-02-22 09:37:00,23.536.849-K,Cobro no informado de comisiones por rescate anticipado de la inversión.,Inversiones / Fondos Mutuos,Crédito Consumo,EJEC-004,Web,1114000.0,487,En Proceso,False
REC-10941,2026-03-09 02:57:00,9.385.849-0,La cuota cobrada este mes es mayor al dividendo pactado en el contrato inicial.,Crédito Consumo,Crédito Consumo,EJEC-008,Web,821000.0,564,En Proceso,True
REC-10942,2026-03-12 15:28:00,25.853.625-0,Demora en la liquidación del siniestro denunciado el mes anterior.,Seguros,Seguros,EJEC-002,Call Center,256000.0,578,En Proceso,True
REC-10943,2026-02-18 19:03:00,25.136.749-0,El cajero automático no me entregó el dinero pero descontó el saldo de mi cuenta.,Cuenta Corriente,Cuenta Corriente,EJEC-008,App Móvil,667000.0,200,En Proceso,True
REC-10944,2026-02-17 16:57:00,14.234.303-0,No se aplicó la exención tributaria pactada al momento de la inversión.,Inversiones / Fondos Mutuos,Inversiones / Fondos Mutuos,EJEC-001,Call Center,173000.0,258,Rechazado,True
REC-10945,2026-02-15 01:19:00,18.804.369-K,Cobro no autorizado de seguro de protección de tarjeta no contratado.,Seguros,Seguros,EJEC-012,Call Center,1329000.0,229,En Proceso,True
REC-10946,2026-03-01 09:58:00,20.601.915-K,Se ejecutó una orden de compra de acciones que no autoricé desde la app.,Inversiones / Fondos Mutuos,Inversiones / Fondos Mutuos,EJEC-010,Web,551000.0,339,En Proceso,True
REC-10947,2026-04-25 11:06:00,12.778.535-0,Tengo la cuenta bloqueada sin previo aviso y no puedo realizar giros.,Cuenta Corriente,Tarjeta de Crédito,EJEC-012,Call Center,1764000.0,540,En Proceso,False
REC-10948,2026-06-03 14:03:00,12.129.397-2,Cobro no informado de comisiones por rescate anticipado de la inversión.,Inversiones / Fondos Mutuos,Crédito Hipotecario,EJEC-002,Sucursal,658000.0,370,En Proceso,False
REC-10949,2026-04-11 15:05:00,18.508.366-0,Me están aplicando intereses moratorios indebidos en mi cuota.,Crédito Consumo,Crédito Consumo,EJEC-011,Web,775000.0,464,Resuelto,True
REC-10950,2026-05-27 05:41:00,22.311.898-0,Demora excesiva en la constitución de un Depósito a Plazo desde la banca en línea.,Inversiones / Fondos Mutuos,Inversiones / Fondos Mutuos,EJEC-020,Web,2376000.0,66,En Proceso,True
REC-10951,2026-01-24 11:22:00,16.885.884-0,El seguro de fraude rechazó la cobertura sin dar explicaciones claras.,Seguros,Seguros,EJEC-012,App Móvil,2463000.0,593,En Proceso,True
REC-10952,2026-07-03 07:49:00,14.920.265-2,Me están aplicando intereses moratorios indebidos en mi cuota.,Crédito Consumo,Crédito Consumo,EJEC-008,Web,95000.0,65,Rechazado,True
REC-10953,2026-01-27 17:07:00,17.910.596-0,Me cobraron cobros excesivos por sobregiro cuando tenía saldo a favor.,Cuenta Corriente,Cuenta Corriente,EJEC-008,App Móvil,89000.0,171,En Proceso,True
REC-10954,2026-06-17 13:40:00,9.937.858-2,Me cobraron una comisión por mantención que no corresponde a mi tarjeta.,Tarjeta de Crédito,Tarjeta de Crédito,EJEC-014,Web,42000.0,599,Rechazado,True
REC-10955,2026-02-08 03:15:00,23.911.500-1,Se ejecutó una orden de compra de acciones que no autoricé desde la app.,Inversiones / Fondos Mutuos,Inversiones / Fondos Mutuos,EJEC-014,Web,759000.0,514,Resuelto,True
REC-10956,2026-01-26 09:01:00,25.690.582-K,Me están aplicando intereses moratorios indebidos en mi cuota.,Crédito Consumo,Crédito Consumo,EJEC-014,Sucursal,1211000.0,591,Rechazado,True
REC-10957,2026-03-04 13:03:00,5.608.845-K,Descuento duplicado por planilla de la cuota del crédito automotriz / consumo.,Crédito Consumo,Crédito Consumo,EJEC-015,App Móvil,1447000.0,70,En Proceso,True
REC-10958,2026-07-17 07:55:00,19.478.588-0,No han gestionado el reembolso médico ingresado hace un mes.,Seguros,Seguros,EJEC-003,Web,1404000.0,257,En Proceso,True
REC-10959,2026-06-01 08:31:00,7.244.512-K,No se aplicó la exención tributaria pactada al momento de la inversión.,Inversiones / Fondos Mutuos,Cuenta Corriente,EJEC-002,Call Center,634000.0,363,Rechazado,False
REC-10960,2026-03-28 05:08:00,6.429.805-K,Solicité el bloqueo de mi tarjeta por clonación y no se procesó a tiempo.,Tarjeta de Crédito,Tarjeta de Crédito,EJEC-018,Call Center,1366000.0,365,Rechazado,True
REC-10961,2026-03-02 10:59:00,19.825.594-0,No me han abonado los puntos ni las millas acumuladas de mi tarjeta.,Tarjeta de Crédito,Tarjeta de Crédito,EJEC-013,App Móvil,1893000.0,210,Rechazado,True
REC-10962,2026-07-11 04:08:00,10.302.548-0,No me han abonado los puntos ni las millas acumuladas de mi tarjeta.,Tarjeta de Crédito,Tarjeta de Crédito,EJEC-017,Call Center,354000.0,473,En Proceso,True
REC-10963,2026-01-03 10:07:00,8.545.401-2,Se ejecutó una orden de compra de acciones que no autoricé desde la app.,Inversiones / Fondos Mutuos,Inversiones / Fondos Mutuos,EJEC-012,App Móvil,358000.0,580,Rechazado,True
REC-10964,2026-02-22 20:57:00,16.631.719-2,Retraso injustificado en el proceso de tasación para el crédito solicitado.,Crédito Hipotecario,Crédito Hipotecario,EJEC-011,App Móvil,415000.0,530,Resuelto,True
REC-10965,2026-03-23 14:12:00,10.253.581-0,Solicité el bloqueo de mi tarjeta por clonación y no se procesó a tiempo.,Tarjeta de Crédito,Tarjeta de Crédito,EJEC-007,Web,1347000.0,383,Resuelto,True
REC-10966,2026-01-16 21:19:00,19.708.260-0,Error en la reprogramación de cuotas solicitada el mes pasado.,Crédito Consumo,Crédito Consumo,EJEC-008,Sucursal,1574000.0,242,En Proceso,True
REC-10967,2026-03-14 14:32:00,23.846.413-2,La rentabilidad reflejada en el cartola no cuadra con el saldo real.,Inversiones / Fondos Mutuos,Seguros,EJEC-018,App Móvil,198000.0,201,Resuelto,False
REC-10968,2026-07-07 07:23:00,13.282.369-0,Cobro injustificado de mantención de cuenta corriente contratada bajo plan coste cero.,Cuenta Corriente,Cuenta Corriente,EJEC-013,Sucursal,1441000.0,328,Rechazado,True
REC-10969,2026-06-07 22:49:00,20.314.272-0,El cajero automático no me entregó el dinero pero descontó el saldo de mi cuenta.,Cuenta Corriente,Cuenta Corriente,EJEC-020,App Móvil,363000.0,531,Resuelto,True
REC-10970,2026-03-24 02:39:00,6.240.623-K,Problemas con la renovación de la póliza de seguro contra incendio en el dividendo.,Crédito Hipotecario,Crédito Hipotecario,EJEC-010,Web,606000.0,447,En Proceso,True
REC-10971,2026-07-18 13:09:00,20.463.419-2,Solicité el rescate de mi fondo mutuo y el dinero no ha sido depositado.,Inversiones / Fondos Mutuos,Cuenta Corriente,EJEC-006,Sucursal,1780000.0,492,Rechazado,False
REC-10972,2026-04-24 16:43:00,13.801.223-K,No han gestionado el reembolso médico ingresado hace un mes.,Seguros,Seguros,EJEC-012,Call Center,1928000.0,399,Rechazado,True
REC-10973,2026-04-19 07:17:00,24.673.997-1,Se aplicó el cobro del seguro asociado al crédito dos veces en el mismo período.,Crédito Hipotecario,Crédito Hipotecario,EJEC-001,App Móvil,1108000.0,583,Resuelto,True
REC-10974,2026-01-02 20:00:00,14.436.196-2,Descuento duplicado por planilla de la cuota del crédito automotriz / consumo.,Crédito Consumo,Seguros,EJEC-009,Web,1620000.0,535,En Proceso,False
REC-10975,2026-01-12 23:44:00,13.380.740-0,Solicité el rescate de mi fondo mutuo y el dinero no ha sido depositado.,Inversiones / Fondos Mutuos,Crédito Hipotecario,EJEC-020,Call Center,1228000.0,529,Rechazado,False
REC-10976,2026-06-15 18:37:00,8.139.478-0,No se aplicó la exención tributaria pactada al momento de la inversión.,Inversiones / Fondos Mutuos,Inversiones / Fondos Mutuos,EJEC-006,App Móvil,212000.0,167,Resuelto,True
REC-10977,2026-04-24 21:45:00,6.421.199-2,Cierre intempestivo de mi cuenta sin notificación formal por parte del banco.,Cuenta Corriente,Cuenta Corriente,EJEC-001,Sucursal,2094000.0,369,Rechazado,True
REC-10978,2026-02-13 20:01:00,16.628.114-K,Problemas con la renovación de la póliza de seguro contra incendio en el dividendo.,Crédito Hipotecario,Crédito Hipotecario,EJEC-003,App Móvil,2063000.0,558,Resuelto,True
REC-10979,2026-07-06 09:06:00,7.276.554-0,Descuento duplicado por planilla de la cuota del crédito automotriz / consumo.,Crédito Consumo,Crédito Consumo,EJEC-017,Call Center,437000.0,48,En Proceso,True
REC-10980,2026-03-12 19:08:00,16.220.449-K,No se aplicó la exención tributaria pactada al momento de la inversión.,Inversiones / Fondos Mutuos,Inversiones / Fondos Mutuos,EJEC-015,Web,295000.0,137,Resuelto,True
REC-10981,2026-07-06 02:56:00,10.425.705-0,Cobro injustificado de mantención de cuenta corriente contratada bajo plan coste cero.,Cuenta Corriente,Cuenta Corriente,EJEC-012,Call Center,208000.0,297,En Proceso,True
REC-10982,2026-06-24 21:55:00,11.865.873-1,La cuota cobrada este mes es mayor al dividendo pactado en el contrato inicial.,Crédito Consumo,Crédito Consumo,EJEC-010,App Móvil,701000.0,368,En Proceso,True
REC-10983,2026-02-27 06:25:00,13.304.281-2,Error en la reprogramación de cuotas solicitada el mes pasado.,Crédito Consumo,Crédito Consumo,EJEC-003,Call Center,891000.0,417,En Proceso,True
REC-10984,2026-07-17 21:54:00,21.560.949-1,No reconozco un cargo recurrente de una suscripción que cancelé hace meses.,Tarjeta de Crédito,Tarjeta de Crédito,EJEC-005,App Móvil,2484000.0,489,En Proceso,True
REC-10985,2026-06-15 23:16:00,14.312.450-2,Se duplicó el cobro de la última compra efectuada en el supermercado con la tarjeta.,Tarjeta de Crédito,Tarjeta de Crédito,EJEC-009,App Móvil,1172000.0,77,Resuelto,True
REC-10986,2026-05-13 22:28:00,25.290.586-1,El cobro del dividendo no reflejó el abono adicional abonado en ventanilla.,Crédito Hipotecario,Crédito Hipotecario,EJEC-019,Call Center,1647000.0,79,En Proceso,True
REC-10987,2026-06-29 03:34:00,25.467.990-0,Tengo la cuenta bloqueada sin previo aviso y no puedo realizar giros.,Cuenta Corriente,Cuenta Corriente,EJEC-011,Web,472000.0,411,En Proceso,True
REC-10988,2026-02-11 15:56:00,22.290.870-0,El cobro del dividendo no reflejó el abono adicional abonado en ventanilla.,Crédito Hipotecario,Crédito Hipotecario,EJEC-019,Call Center,1829000.0,529,Resuelto,True
REC-10989,2026-03-06 12:44:00,24.445.594-K,La cuota cobrada este mes es mayor al dividendo pactado en el contrato inicial.,Crédito Consumo,Cuenta Corriente,EJEC-017,Web,1055000.0,320,Rechazado,False
REC-10990,2026-04-13 20:14:00,5.267.624-1,Descuento duplicado por planilla de la cuota del crédito automotriz / consumo.,Crédito Consumo,Seguros,EJEC-007,App Móvil,329000.0,386,Resuelto,False
REC-10991,2026-01-24 10:33:00,9.920.454-K,Aún no liberan el certificado de alzamiento de mi propiedad tras saldar la deuda.,Crédito Hipotecario,Crédito Hipotecario,EJEC-005,App Móvil,2208000.0,353,En Proceso,True
REC-10992,2026-01-21 06:18:00,12.978.308-K,Me aplicaron intereses de mora a pesar de haber realizado el pago antes del vencimiento.,Tarjeta de Crédito,Tarjeta de Crédito,EJEC-018,Sucursal,17000.0,208,En Proceso,True
REC-10993,2026-01-26 16:04:00,22.803.503-1,Problemas con la renovación de la póliza de seguro contra incendio en el dividendo.,Crédito Hipotecario,Crédito Hipotecario,EJEC-015,App Móvil,1909000.0,143,En Proceso,True
REC-10994,2026-02-02 10:51:00,9.509.891-2,Error en la reprogramación de cuotas solicitada el mes pasado.,Crédito Consumo,Crédito Consumo,EJEC-014,Call Center,1338000.0,400,En Proceso,True
REC-10995,2026-06-21 20:01:00,5.327.723-1,Me cobraron cobros excesivos por sobregiro cuando tenía saldo a favor.,Cuenta Corriente,Cuenta Corriente,EJEC-017,Web,1528000.0,452,Resuelto,True
REC-10996,2026-06-15 07:51:00,9.611.292-0,Me cobraron cobros excesivos por sobregiro cuando tenía saldo a favor.,Cuenta Corriente,Cuenta Corriente,EJEC-011,Call Center,1637000.0,480,Resuelto,True
REC-10997,2026-03-14 10:37:00,17.791.940-K,Solicité el bloqueo de mi tarjeta por clonación y no se procesó a tiempo.,Tarjeta de Crédito,Inversiones / Fondos Mutuos,EJEC-006,App Móvil,999000.0,574,Resuelto,False
REC-10998,2026-04-30 02:49:00,16.802.850-0,Aumento no notificado en la prima mensual de la póliza de vida.,Seguros,Seguros,EJEC-001,App Móvil,801000.0,564,En Proceso,True
REC-10999,2026-06-25 15:31:00,5.597.769-K,La tasa de interés aplicada en el dividendo no coincide con la firma de la escritura.,Crédito Hipotecario,Crédito Hipotecario,EJEC-009,Web,1511000.0,506,Rechazado,True
REC-11000,2026-04-06 16:09:00,15.964.647-2,No reconozco un cargo recurrente de una suscripción que cancelé hace meses.,Tarjeta de Crédito,Tarjeta de Crédito,EJEC-014,Call Center,2176000.0,126,Resuelto,True
REC-11001,2026-01-02 11:30:00,23.364.302-K,La tasa de interés aplicada en el dividendo no coincide con la firma de la escritura.,Crédito Hipotecario,Crédito Hipotecario,EJEC-002,Web,2170000.0,516,En Proceso,True
REC-11002,2026-01-13 20:27:00,16.358.535-2,No han gestionado el reembolso médico ingresado hace un mes.,Seguros,Seguros,EJEC-001,Sucursal,451000.0,410,En Proceso,True
REC-11003,2026-01-05 15:14:00,15.404.751-0,Solicité el rescate de mi fondo mutuo y el dinero no ha sido depositado.,Inversiones / Fondos Mutuos,Inversiones / Fondos Mutuos,EJEC-002,Call Center,625000.0,131,Rechazado,True
REC-11004,2026-01-25 04:18:00,9.748.605-K,No han enviado el certificado de prepago que solicité hace más de 15 días.,Crédito Consumo,Seguros,EJEC-008,Call Center,106000.0,379,En Proceso,False
REC-11005,2026-01-10 05:00:00,24.841.753-0,El cobro del dividendo no reflejó el abono adicional abonado en ventanilla.,Crédito Hipotecario,Tarjeta de Crédito,EJEC-011,Sucursal,1059000.0,67,Resuelto,False
REC-11006,2026-07-11 08:46:00,25.860.181-K,No reconozco un cargo recurrente de una suscripción que cancelé hace meses.,Tarjeta de Crédito,Tarjeta de Crédito,EJEC-009,Sucursal,1541000.0,597,Resuelto,True
REC-11007,2026-06-27 01:40:00,16.687.584-1,Se aplicó el cobro del seguro asociado al crédito dos veces en el mismo período.,Crédito Hipotecario,Crédito Hipotecario,EJEC-006,Sucursal,1256000.0,91,Rechazado,True
REC-11008,2026-04-13 06:11:00,14.379.105-K,Traté de realizar una transferencia por PAC y el sistema debitó dos veces el monto.,Cuenta Corriente,Cuenta Corriente,EJEC-005,Sucursal,671000.0,370,Resuelto,True
REC-11009,2026-02-26 07:40:00,5.826.432-1,Se duplicó el cobro de la última compra efectuada en el supermercado con la tarjeta.,Tarjeta de Crédito,Tarjeta de Crédito,EJEC-020,Call Center,1472000.0,381,Rechazado,True
REC-11010,2026-04-10 16:14:00,22.112.451-2,No han enviado el certificado de prepago que solicité hace más de 15 días.,Crédito Consumo,Cuenta Corriente,EJEC-015,Call Center,531000.0,219,Rechazado,False
REC-11011,2026-04-10 08:43:00,17.133.776-0,Aumento no notificado en la prima mensual de la póliza de vida.,Seguros,Seguros,EJEC-012,Web,523000.0,587,En Proceso,True
REC-11012,2026-03-19 09:57:00,15.562.790-K,Aparece un consumo no reconocido realizado en el extranjero el fin de semana.,Tarjeta de Crédito,Tarjeta de Crédito,EJEC-006,Sucursal,1414000.0,470,Resuelto,True
REC-11013,2026-07-12 09:41:00,22.861.602-1,El cobro del dividendo no reflejó el abono adicional abonado en ventanilla.,Crédito Hipotecario,Crédito Hipotecario,EJEC-020,Web,247000.0,268,Resuelto,True
REC-11014,2026-01-29 19:28:00,14.282.985-1,Aumento no notificado en la prima mensual de la póliza de vida.,Seguros,Seguros,EJEC-012,App Móvil,1048000.0,330,En Proceso,True
REC-11015,2026-07-17 12:23:00,25.208.780-2,Demora excesiva en la constitución de un Depósito a Plazo desde la banca en línea.,Inversiones / Fondos Mutuos,Inversiones / Fondos Mutuos,EJEC-008,Call Center,1240000.0,520,En Proceso,True
REC-11016,2026-04-26 05:21:00,10.509.395-0,Se ejecutó una orden de compra de acciones que no autoricé desde la app.,Inversiones / Fondos Mutuos,Inversiones / Fondos Mutuos,EJEC-006,Web,961000.0,473,En Proceso,True
REC-11017,2026-04-16 06:26:00,25.129.733-1,Inconsistencia en el saldo contable tras realizar una transferencia bancaria.,Cuenta Corriente,Cuenta Corriente,EJEC-003,Call Center,2364000.0,377,Rechazado,True
REC-11018,2026-03-05 05:40:00,23.740.583-0,La cuota cobrada este mes es mayor al dividendo pactado en el contrato inicial.,Crédito Consumo,Crédito Consumo,EJEC-013,App Móvil,2127000.0,210,En Proceso,True
REC-11019,2026-04-05 08:10:00,10.583.829-1,Realicé el prepago total de mi crédito de consumo y aún figuro con deuda activa.,Crédito Consumo,Crédito Consumo,EJEC-001,App Móvil,1446000.0,515,Resuelto,True
REC-11020,2026-06-25 20:35:00,19.347.915-1,El cobro del dividendo no reflejó el abono adicional abonado en ventanilla.,Crédito Hipotecario,Crédito Hipotecario,EJEC-020,Sucursal,2181000.0,208,Resuelto,True
REC-11021,2026-04-29 02:23:00,5.866.133-K,La rentabilidad reflejada en el cartola no cuadra con el saldo real.,Inversiones / Fondos Mutuos,Tarjeta de Crédito,EJEC-014,Sucursal,2209000.0,595,Resuelto,False
REC-11022,2026-07-03 20:43:00,25.646.831-0,Retraso injustificado en el proceso de tasación para el crédito solicitado.,Crédito Hipotecario,Tarjeta de Crédito,EJEC-010,Call Center,2072000.0,85,En Proceso,False
REC-11023,2026-04-13 17:27:00,25.765.550-K,Me cobraron una comisión por mantención que no corresponde a mi tarjeta.,Tarjeta de Crédito,Tarjeta de Crédito,EJEC-009,Web,1806000.0,420,En Proceso,True
REC-11024,2026-06-18 11:35:00,9.348.914-K,Me cobraron cobros excesivos por sobregiro cuando tenía saldo a favor.,Cuenta Corriente,Cuenta Corriente,EJEC-003,Call Center,2248000.0,548,Resuelto,True
REC-11025,2026-07-13 08:52:00,15.402.805-K,Me están aplicando intereses moratorios indebidos en mi cuota.,Crédito Consumo,Crédito Consumo,EJEC-019,Sucursal,1488000.0,188,Resuelto,True
REC-11026,2026-05-14 09:50:00,5.326.479-2,No han gestionado el reembolso médico ingresado hace un mes.,Seguros,Seguros,EJEC-006,Sucursal,1191000.0,495,Rechazado,True
REC-11027,2026-03-17 05:16:00,9.250.722-2,Se aplicó el cobro del seguro asociado al crédito dos veces en el mismo período.,Crédito Hipotecario,Crédito Hipotecario,EJEC-001,App Móvil,1460000.0,196,Rechazado,True
REC-11028,2026-01-04 08:51:00,16.838.620-K,El cobro del dividendo no reflejó el abono adicional abonado en ventanilla.,Crédito Hipotecario,Crédito Consumo,EJEC-005,Sucursal,1311000.0,432,En Proceso,False
REC-11029,2026-06-15 05:46:00,21.593.279-K,La tasa de interés aplicada en el dividendo no coincide con la firma de la escritura.,Crédito Hipotecario,Crédito Hipotecario,EJEC-003,Sucursal,566000.0,256,Resuelto,True
REC-11030,2026-02-08 09:29:00,24.896.846-0,Solicité la cancelación del seguro de desgravamen y lo siguen cobrando.,Seguros,Seguros,EJEC-015,Web,2101000.0,581,Resuelto,True
REC-11031,2026-07-09 06:54:00,16.780.133-K,El seguro de fraude rechazó la cobertura sin dar explicaciones claras.,Seguros,Inversiones / Fondos Mutuos,EJEC-003,Sucursal,1385000.0,592,Rechazado,False
REC-11032,2026-05-18 02:42:00,6.557.680-1,Me cobraron cobros excesivos por sobregiro cuando tenía saldo a favor.,Cuenta Corriente,Cuenta Corriente,EJEC-006,App Móvil,575000.0,512,Resuelto,True
REC-11033,2026-01-11 20:47:00,13.665.384-0,Solicité la cancelación del seguro de desgravamen y lo siguen cobrando.,Seguros,Seguros,EJEC-003,App Móvil,1309000.0,107,Resuelto,True
REC-11034,2026-02-28 08:19:00,23.879.695-K,La tasa de interés aplicada en el dividendo no coincide con la firma de la escritura.,Crédito Hipotecario,Crédito Hipotecario,EJEC-002,Sucursal,1976000.0,119,Resuelto,True
REC-11035,2026-05-03 03:58:00,19.185.587-1,Se duplicó el cobro de la última compra efectuada en el supermercado con la tarjeta.,Tarjeta de Crédito,Tarjeta de Crédito,EJEC-020,Call Center,753000.0,54,Rechazado,True
REC-11036,2026-04-21 03:48:00,19.896.758-1,No se aplicó la exención tributaria pactada al momento de la inversión.,Inversiones / Fondos Mutuos,Inversiones / Fondos Mutuos,EJEC-015,Web,633000.0,461,Rechazado,True
REC-11037,2026-03-11 16:48:00,25.280.436-K,Se ejecutó una orden de compra de acciones que no autoricé desde la app.,Inversiones / Fondos Mutuos,Crédito Consumo,EJEC-009,App Móvil,856000.0,560,En Proceso,False
REC-11038,2026-06-10 15:01:00,8.874.286-K,Solicité el bloqueo de mi tarjeta por clonación y no se procesó a tiempo.,Tarjeta de Crédito,Seguros,EJEC-016,Call Center,412000.0,112,En Proceso,False
REC-11039,2026-06-22 10:23:00,8.982.553-2,Demora en la liquidación del siniestro denunciado el mes anterior.,Seguros,Seguros,EJEC-006,App Móvil,1948000.0,282,Resuelto,True
REC-11040,2026-03-20 17:07:00,14.427.884-K,Me aplicaron intereses de mora a pesar de haber realizado el pago antes del vencimiento.,Tarjeta de Crédito,Tarjeta de Crédito,EJEC-020,App Móvil,1430000.0,203,En Proceso,True
REC-11041,2026-02-10 06:33:00,17.904.275-1,No se aplicó la exención tributaria pactada al momento de la inversión.,Inversiones / Fondos Mutuos,Inversiones / Fondos Mutuos,EJEC-017,Call Center,1635000.0,471,Rechazado,True
REC-11042,2026-03-10 07:48:00,13.583.976-2,Realicé el prepago total de mi crédito de consumo y aún figuro con deuda activa.,Crédito Consumo,Crédito Consumo,EJEC-012,Sucursal,1127000.0,480,Rechazado,True
REC-11043,2026-04-11 14:14:00,5.880.513-0,Se aplicó el cobro del seguro asociado al crédito dos veces en el mismo período.,Crédito Hipotecario,Crédito Hipotecario,EJEC-005,Call Center,1919000.0,64,Rechazado,True
REC-11044,2026-02-21 07:07:00,13.401.952-2,Solicité el bloqueo de mi tarjeta por clonación y no se procesó a tiempo.,Tarjeta de Crédito,Tarjeta de Crédito,EJEC-013,Sucursal,1397000.0,249,Resuelto,True
REC-11045,2026-06-08 17:10:00,19.976.380-0,Aparece un consumo no reconocido realizado en el extranjero el fin de semana.,Tarjeta de Crédito,Tarjeta de Crédito,EJEC-016,Call Center,2380000.0,92,Rechazado,True
REC-11046,2026-04-10 23:28:00,20.355.386-K,Me cobraron una comisión por mantención que no corresponde a mi tarjeta.,Tarjeta de Crédito,Tarjeta de Crédito,EJEC-011,Sucursal,1347000.0,493,En Proceso,True
REC-11047,2026-01-29 16:06:00,9.867.175-2,Aumento no notificado en la prima mensual de la póliza de vida.,Seguros,Cuenta Corriente,EJEC-019,Sucursal,1437000.0,135,En Proceso,False
REC-11048,2026-03-04 11:11:00,23.659.881-2,Demora excesiva en la constitución de un Depósito a Plazo desde la banca en línea.,Inversiones / Fondos Mutuos,Inversiones / Fondos Mutuos,EJEC-001,App Móvil,1931000.0,114,Rechazado,True
REC-11049,2026-07-02 10:42:00,16.891.556-1,Me cobraron cobros excesivos por sobregiro cuando tenía saldo a favor.,Cuenta Corriente,Cuenta Corriente,EJEC-015,Sucursal,836000.0,310,En Proceso,True
REC-11050,2026-06-04 00:47:00,9.222.757-K,Retraso injustificado en el proceso de tasación para el crédito solicitado.,Crédito Hipotecario,Crédito Hipotecario,EJEC-002,Web,2283000.0,569,En Proceso,True
REC-11051,2026-01-05 19:18:00,18.132.616-2,La rentabilidad reflejada en el cartola no cuadra con el saldo real.,Inversiones / Fondos Mutuos,Inversiones / Fondos Mutuos,EJEC-011,Web,1837000.0,139,Rechazado,True
REC-11052,2026-07-19 03:50:00,22.262.917-0,La rentabilidad reflejada en el cartola no cuadra con el saldo real.,Inversiones / Fondos Mutuos,Inversiones / Fondos Mutuos,EJEC-007,Web,1919000.0,486,En Proceso,True
REC-11053,2026-04-30 15:24:00,9.766.438-0,Cierre intempestivo de mi cuenta sin notificación formal por parte del banco.,Cuenta Corriente,Cuenta Corriente,EJEC-015,Call Center,2224000.0,456,Rechazado,True
REC-11054,2026-03-17 00:13:00,24.948.499-0,Aparece un consumo no reconocido realizado en el extranjero el fin de semana.,Tarjeta de Crédito,Tarjeta de Crédito,EJEC-005,Sucursal,2140000.0,379,Rechazado,True
REC-11055,2026-04-28 22:18:00,11.888.941-2,Cobro no autorizado de seguro de protección de tarjeta no contratado.,Seguros,Seguros,EJEC-005,App Móvil,775000.0,148,Resuelto,True
REC-11056,2026-05-17 20:32:00,6.898.230-2,Solicité el bloqueo de mi tarjeta por clonación y no se procesó a tiempo.,Tarjeta de Crédito,Crédito Consumo,EJEC-007,App Móvil,761000.0,479,En Proceso,False
REC-11057,2026-03-01 07:24:00,16.127.240-K,No reconozco un cargo recurrente de una suscripción que cancelé hace meses.,Tarjeta de Crédito,Cuenta Corriente,EJEC-015,App Móvil,954000.0,502,En Proceso,False
REC-11058,2026-04-13 06:46:00,11.889.489-0,Aparece un consumo no reconocido realizado en el extranjero el fin de semana.,Tarjeta de Crédito,Tarjeta de Crédito,EJEC-019,Web,411000.0,259,Resuelto,True
REC-11059,2026-05-06 20:38:00,16.867.424-K,El cajero automático no me entregó el dinero pero descontó el saldo de mi cuenta.,Cuenta Corriente,Seguros,EJEC-012,Call Center,642000.0,159,En Proceso,False
REC-11060,2026-01-05 00:14:00,17.922.530-K,Solicité el bloqueo de mi tarjeta por clonación y no se procesó a tiempo.,Tarjeta de Crédito,Tarjeta de Crédito,EJEC-010,Web,1088000.0,352,Resuelto,True
REC-11061,2026-06-29 02:52:00,25.759.929-K,La tasa de interés aplicada en el dividendo no coincide con la firma de la escritura.,Crédito Hipotecario,Crédito Consumo,EJEC-011,Web,356000.0,299,Resuelto,False
REC-11062,2026-05-25 00:18:00,9.631.259-1,Aumento no notificado en la prima mensual de la póliza de vida.,Seguros,Seguros,EJEC-002,App Móvil,2167000.0,345,En Proceso,True
REC-11063,2026-06-08 14:09:00,10.529.276-1,Cobro no informado de comisiones por rescate anticipado de la inversión.,Inversiones / Fondos Mutuos,Inversiones / Fondos Mutuos,EJEC-006,Sucursal,2198000.0,157,Resuelto,True
REC-11064,2026-01-08 16:58:00,11.413.513-2,Descuento duplicado por planilla de la cuota del crédito automotriz / consumo.,Crédito Consumo,Crédito Consumo,EJEC-001,Sucursal,76000.0,526,Resuelto,True
REC-11065,2026-07-08 04:55:00,18.147.652-K,No se aplicó la exención tributaria pactada al momento de la inversión.,Inversiones / Fondos Mutuos,Inversiones / Fondos Mutuos,EJEC-006,Web,42000.0,273,Resuelto,True
REC-11066,2026-04-18 02:15:00,8.587.575-K,La rentabilidad reflejada en el cartola no cuadra con el saldo real.,Inversiones / Fondos Mutuos,Inversiones / Fondos Mutuos,EJEC-020,Web,782000.0,525,En Proceso,True
REC-11067,2026-02-02 11:01:00,22.474.728-0,Retraso injustificado en el proceso de tasación para el crédito solicitado.,Crédito Hipotecario,Crédito Hipotecario,EJEC-019,App Móvil,319000.0,572,Resuelto,True
REC-11068,2026-02-06 07:41:00,7.861.197-K,Descuento duplicado por planilla de la cuota del crédito automotriz / consumo.,Crédito Consumo,Crédito Consumo,EJEC-008,Sucursal,466000.0,353,En Proceso,True
REC-11069,2026-07-01 15:46:00,23.632.629-2,Me cobraron cobros excesivos por sobregiro cuando tenía saldo a favor.,Cuenta Corriente,Cuenta Corriente,EJEC-005,Web,1871000.0,439,Rechazado,True
REC-11070,2026-01-13 06:45:00,10.114.246-0,El cajero automático no me entregó el dinero pero descontó el saldo de mi cuenta.,Cuenta Corriente,Cuenta Corriente,EJEC-001,Call Center,1212000.0,397,Resuelto,True
REC-11071,2026-06-10 19:42:00,17.562.319-K,Se ejecutó una orden de compra de acciones que no autoricé desde la app.,Inversiones / Fondos Mutuos,Inversiones / Fondos Mutuos,EJEC-004,Sucursal,1640000.0,571,En Proceso,True
REC-11072,2026-03-28 06:21:00,13.449.926-K,La rentabilidad reflejada en el cartola no cuadra con el saldo real.,Inversiones / Fondos Mutuos,Inversiones / Fondos Mutuos,EJEC-011,Sucursal,162000.0,419,En Proceso,True
REC-11073,2026-06-14 00:52:00,22.229.196-1,La tasa de interés aplicada en el dividendo no coincide con la firma de la escritura.,Crédito Hipotecario,Crédito Hipotecario,EJEC-010,App Móvil,2184000.0,359,En Proceso,True
REC-11074,2026-04-22 18:53:00,7.987.616-1,El cobro del dividendo no reflejó el abono adicional abonado en ventanilla.,Crédito Hipotecario,Crédito Hipotecario,EJEC-008,Web,501000.0,407,Rechazado,True
REC-11075,2026-06-03 05:10:00,23.980.643-0,Se ejecutó una orden de compra de acciones que no autoricé desde la app.,Inversiones / Fondos Mutuos,Inversiones / Fondos Mutuos,EJEC-017,App Móvil,939000.0,147,Rechazado,True
REC-11076,2026-02-12 21:40:00,25.979.733-1,Solicité la cancelación del seguro de desgravamen y lo siguen cobrando.,Seguros,Seguros,EJEC-020,Call Center,2146000.0,330,Resuelto,True
REC-11077,2026-04-13 10:07:00,17.634.531-K,Se aplicó el cobro del seguro asociado al crédito dos veces en el mismo período.,Crédito Hipotecario,Crédito Hipotecario,EJEC-010,Web,192000.0,364,Resuelto,True
REC-11078,2026-07-07 20:55:00,24.168.160-K,El cajero automático no me entregó el dinero pero descontó el saldo de mi cuenta.,Cuenta Corriente,Cuenta Corriente,EJEC-006,App Móvil,981000.0,208,Rechazado,True
REC-11079,2026-04-18 13:20:00,23.298.354-2,Aparece un consumo no reconocido realizado en el extranjero el fin de semana.,Tarjeta de Crédito,Crédito Hipotecario,EJEC-005,Call Center,313000.0,200,Resuelto,False
REC-11080,2026-04-24 04:51:00,13.878.435-0,El seguro de fraude rechazó la cobertura sin dar explicaciones claras.,Seguros,Seguros,EJEC-017,Web,1930000.0,527,Resuelto,True
REC-11081,2026-06-19 14:57:00,14.941.227-K,Traté de realizar una transferencia por PAC y el sistema debitó dos veces el monto.,Cuenta Corriente,Crédito Hipotecario,EJEC-009,Web,957000.0,306,Resuelto,False
REC-11082,2026-06-10 15:55:00,18.699.272-K,Realicé el prepago total de mi crédito de consumo y aún figuro con deuda activa.,Crédito Consumo,Crédito Consumo,EJEC-003,Sucursal,607000.0,551,Rechazado,True
REC-11083,2026-04-21 14:23:00,6.753.207-2,Demora en la liquidación del siniestro denunciado el mes anterior.,Seguros,Seguros,EJEC-009,Sucursal,1052000.0,302,En Proceso,True
REC-11084,2026-01-22 00:26:00,8.830.925-K,Inconsistencia en el saldo contable tras realizar una transferencia bancaria.,Cuenta Corriente,Cuenta Corriente,EJEC-019,Call Center,1666000.0,151,Rechazado,True
REC-11085,2026-05-05 19:08:00,24.957.679-K,Demora excesiva en la constitución de un Depósito a Plazo desde la banca en línea.,Inversiones / Fondos Mutuos,Crédito Hipotecario,EJEC-002,Web,1478000.0,145,Rechazado,False
REC-11086,2026-01-25 04:00:00,12.469.694-K,Problemas con la renovación de la póliza de seguro contra incendio en el dividendo.,Crédito Hipotecario,Crédito Hipotecario,EJEC-012,Call Center,2131000.0,580,Resuelto,True
REC-11087,2026-04-13 21:26:00,18.785.126-1,Cobro no informado de comisiones por rescate anticipado de la inversión.,Inversiones / Fondos Mutuos,Inversiones / Fondos Mutuos,EJEC-011,Web,734000.0,467,Resuelto,True
REC-11088,2026-07-06 15:35:00,13.467.938-2,Realicé el prepago total de mi crédito de consumo y aún figuro con deuda activa.,Crédito Consumo,Crédito Consumo,EJEC-002,Sucursal,1148000.0,314,Resuelto,True
REC-11089,2026-02-23 19:03:00,22.763.429-K,Realicé el prepago total de mi crédito de consumo y aún figuro con deuda activa.,Crédito Consumo,Tarjeta de Crédito,EJEC-011,Sucursal,1543000.0,278,En Proceso,False
REC-11090,2026-03-20 03:27:00,7.754.515-2,La rentabilidad reflejada en el cartola no cuadra con el saldo real.,Inversiones / Fondos Mutuos,Inversiones / Fondos Mutuos,EJEC-013,App Móvil,665000.0,542,En Proceso,True
REC-11091,2026-03-28 14:56:00,16.872.263-1,La cuota cobrada este mes es mayor al dividendo pactado en el contrato inicial.,Crédito Consumo,Crédito Consumo,EJEC-019,Sucursal,2273000.0,348,Rechazado,True
REC-11092,2026-05-18 06:04:00,17.733.812-0,Traté de realizar una transferencia por PAC y el sistema debitó dos veces el monto.,Cuenta Corriente,Cuenta Corriente,EJEC-020,Call Center,2131000.0,194,Rechazado,True
REC-11093,2026-03-29 18:11:00,16.506.236-K,No reconozco un cargo recurrente de una suscripción que cancelé hace meses.,Tarjeta de Crédito,Crédito Hipotecario,EJEC-020,Web,813000.0,275,En Proceso,False
REC-11094,2026-01-11 08:23:00,22.258.783-2,No me han abonado los puntos ni las millas acumuladas de mi tarjeta.,Tarjeta de Crédito,Tarjeta de Crédito,EJEC-008,App Móvil,2188000.0,495,Rechazado,True
REC-11095,2026-02-25 04:57:00,5.403.349-0,La rentabilidad reflejada en el cartola no cuadra con el saldo real.,Inversiones / Fondos Mutuos,Crédito Hipotecario,EJEC-018,App Móvil,1034000.0,576,Rechazado,False
REC-11096,2026-04-13 21:24:00,23.496.864-2,No han gestionado el reembolso médico ingresado hace un mes.,Seguros,Seguros,EJEC-009,Call Center,929000.0,285,En Proceso,True
REC-11097,2026-05-19 12:11:00,7.809.237-2,Solicité la cancelación del seguro de desgravamen y lo siguen cobrando.,Seguros,Seguros,EJEC-019,App Móvil,246000.0,564,Rechazado,True
REC-11098,2026-05-02 18:16:00,15.207.926-1,No han gestionado el reembolso médico ingresado hace un mes.,Seguros,Seguros,EJEC-018,App Móvil,1166000.0,99,En Proceso,True
REC-11099,2026-06-08 14:56:00,20.705.546-0,Traté de realizar una transferencia por PAC y el sistema debitó dos veces el monto.,Cuenta Corriente,Cuenta Corriente,EJEC-018,Web,2240000.0,533,Rechazado,True
REC-11100,2026-02-07 02:10:00,16.166.836-2,Se ejecutó una orden de compra de acciones que no autoricé desde la app.,Inversiones / Fondos Mutuos,Tarjeta de Crédito,EJEC-020,Call Center,1080000.0,181,En Proceso,False
REC-11101,2026-02-25 22:35:00,19.417.651-2,Realicé el prepago total de mi crédito de consumo y aún figuro con deuda activa.,Crédito Consumo,Crédito Consumo,EJEC-017,Call Center,365000.0,597,Rechazado,True
REC-11102,2026-05-31 10:44:00,5.724.154-2,Solicité el rescate de mi fondo mutuo y el dinero no ha sido depositado.,Inversiones / Fondos Mutuos,Inversiones / Fondos Mutuos,EJEC-003,Web,1327000.0,210,Rechazado,True
REC-11103,2026-02-19 08:29:00,24.892.877-1,Traté de realizar una transferencia por PAC y el sistema debitó dos veces el monto.,Cuenta Corriente,Cuenta Corriente,EJEC-016,Web,833000.0,141,En Proceso,True
REC-11104,2026-05-27 23:55:00,17.924.517-K,Aumento no notificado en la prima mensual de la póliza de vida.,Seguros,Seguros,EJEC-011,App Móvil,244000.0,408,Resuelto,True
REC-11105,2026-07-01 14:41:00,13.611.192-1,Me están aplicando intereses moratorios indebidos en mi cuota.,Crédito Consumo,Crédito Consumo,EJEC-012,Web,853000.0,141,Rechazado,True
REC-11106,2026-03-07 00:41:00,24.162.670-0,No han gestionado el reembolso médico ingresado hace un mes.,Seguros,Seguros,EJEC-001,Web,17000.0,438,En Proceso,True
REC-11107,2026-01-08 19:23:00,23.483.979-0,El cajero automático no me entregó el dinero pero descontó el saldo de mi cuenta.,Cuenta Corriente,Cuenta Corriente,EJEC-016,App Móvil,1340000.0,398,Resuelto,True
REC-11108,2026-06-24 05:16:00,24.483.687-1,Problemas con la renovación de la póliza de seguro contra incendio en el dividendo.,Crédito Hipotecario,Cuenta Corriente,EJEC-017,App Móvil,2037000.0,500,Resuelto,False
REC-11109,2026-06-09 01:19:00,22.912.223-2,La cuota cobrada este mes es mayor al dividendo pactado en el contrato inicial.,Crédito Consumo,Crédito Consumo,EJEC-006,App Móvil,2251000.0,554,Resuelto,True
REC-11110,2026-06-04 05:17:00,24.445.565-K,La tasa de interés aplicada en el dividendo no coincide con la firma de la escritura.,Crédito Hipotecario,Crédito Hipotecario,EJEC-003,Sucursal,619000.0,189,Resuelto,True
REC-11111,2026-05-06 06:25:00,17.142.466-0,Problemas con la renovación de la póliza de seguro contra incendio en el dividendo.,Crédito Hipotecario,Crédito Hipotecario,EJEC-019,Web,2120000.0,138,Rechazado,True
REC-11112,2026-06-17 10:56:00,21.676.688-K,No se aplicó la exención tributaria pactada al momento de la inversión.,Inversiones / Fondos Mutuos,Inversiones / Fondos Mutuos,EJEC-011,App Móvil,1123000.0,247,En Proceso,True
REC-11113,2026-06-10 14:33:00,17.545.486-0,La tasa de interés aplicada en el dividendo no coincide con la firma de la escritura.,Crédito Hipotecario,Crédito Hipotecario,EJEC-011,Call Center,1526000.0,358,En Proceso,True
REC-11114,2026-07-17 09:48:00,6.640.951-0,Traté de realizar una transferencia por PAC y el sistema debitó dos veces el monto.,Cuenta Corriente,Cuenta Corriente,EJEC-019,App Móvil,1604000.0,94,Rechazado,True
REC-11115,2026-01-08 01:36:00,14.494.292-2,Solicité el rescate de mi fondo mutuo y el dinero no ha sido depositado.,Inversiones / Fondos Mutuos,Crédito Hipotecario,EJEC-017,App Móvil,1274000.0,90,Resuelto,False
REC-11116,2026-01-26 15:36:00,10.326.829-2,Me aplicaron intereses de mora a pesar de haber realizado el pago antes del vencimiento.,Tarjeta de Crédito,Tarjeta de Crédito,EJEC-007,Web,118000.0,435,Resuelto,True
REC-11117,2026-06-26 03:58:00,14.104.346-2,Tengo la cuenta bloqueada sin previo aviso y no puedo realizar giros.,Cuenta Corriente,Crédito Hipotecario,EJEC-013,Web,394000.0,297,Rechazado,False
REC-11118,2026-06-21 08:48:00,18.796.684-2,Cierre intempestivo de mi cuenta sin notificación formal por parte del banco.,Cuenta Corriente,Cuenta Corriente,EJEC-009,Call Center,1727000.0,470,En Proceso,True
REC-11119,2026-04-07 09:29:00,11.936.897-K,Descuento duplicado por planilla de la cuota del crédito automotriz / consumo.,Crédito Consumo,Crédito Consumo,EJEC-013,Web,1742000.0,504,Resuelto,True
REC-11120,2026-06-19 23:32:00,12.172.752-0,Aparece un consumo no reconocido realizado en el extranjero el fin de semana.,Tarjeta de Crédito,Inversiones / Fondos Mutuos,EJEC-003,App Móvil,1345000.0,216,Rechazado,False
REC-11121,2026-03-07 23:14:00,17.391.649-2,Descuento duplicado por planilla de la cuota del crédito automotriz / consumo.,Crédito Consumo,Crédito Consumo,EJEC-004,Call Center,2058000.0,251,Resuelto,True
REC-11122,2026-05-23 16:59:00,11.230.630-0,Retraso injustificado en el proceso de tasación para el crédito solicitado.,Crédito Hipotecario,Crédito Hipotecario,EJEC-008,Web,2084000.0,233,Resuelto,True
REC-11123,2026-07-15 23:40:00,7.347.546-2,Problemas con la renovación de la póliza de seguro contra incendio en el dividendo.,Crédito Hipotecario,Crédito Hipotecario,EJEC-020,Web,1659000.0,560,Resuelto,True
REC-11124,2026-07-16 07:10:00,15.144.682-0,Me cobraron cobros excesivos por sobregiro cuando tenía saldo a favor.,Cuenta Corriente,Crédito Hipotecario,EJEC-006,Sucursal,1158000.0,102,En Proceso,False
REC-11125,2026-04-08 05:13:00,14.617.165-1,Cierre intempestivo de mi cuenta sin notificación formal por parte del banco.,Cuenta Corriente,Cuenta Corriente,EJEC-015,Web,2179000.0,116,Resuelto,True
REC-11126,2026-06-04 18:02:00,14.670.264-1,Se ejecutó una orden de compra de acciones que no autoricé desde la app.,Inversiones / Fondos Mutuos,Inversiones / Fondos Mutuos,EJEC-003,Call Center,1298000.0,62,Rechazado,True
REC-11127,2026-07-04 05:47:00,15.479.139-1,Me aplicaron intereses de mora a pesar de haber realizado el pago antes del vencimiento.,Tarjeta de Crédito,Tarjeta de Crédito,EJEC-013,Web,1409000.0,441,Rechazado,True
REC-11128,2026-01-31 07:39:00,25.136.677-0,Me aplicaron intereses de mora a pesar de haber realizado el pago antes del vencimiento.,Tarjeta de Crédito,Inversiones / Fondos Mutuos,EJEC-019,Call Center,710000.0,441,En Proceso,False
REC-11129,2026-07-11 08:06:00,20.727.356-2,Aumento no notificado en la prima mensual de la póliza de vida.,Seguros,Seguros,EJEC-005,Call Center,1343000.0,413,Resuelto,True
REC-11130,2026-02-06 09:47:00,25.848.278-K,Realicé el prepago total de mi crédito de consumo y aún figuro con deuda activa.,Crédito Consumo,Crédito Consumo,EJEC-001,Call Center,2015000.0,192,Resuelto,True
REC-11131,2026-04-28 14:00:00,22.972.332-K,Cobro injustificado de mantención de cuenta corriente contratada bajo plan coste cero.,Cuenta Corriente,Cuenta Corriente,EJEC-007,Call Center,1056000.0,472,En Proceso,True
REC-11132,2026-07-07 15:26:00,19.497.574-2,No han enviado el certificado de prepago que solicité hace más de 15 días.,Crédito Consumo,Crédito Consumo,EJEC-005,App Móvil,619000.0,240,Rechazado,True
REC-11133,2026-02-19 22:30:00,24.472.574-K,Error en la reprogramación de cuotas solicitada el mes pasado.,Crédito Consumo,Crédito Consumo,EJEC-013,App Móvil,1178000.0,600,Rechazado,True
REC-11134,2026-04-26 10:15:00,24.522.152-1,Me cobraron cobros excesivos por sobregiro cuando tenía saldo a favor.,Cuenta Corriente,Cuenta Corriente,EJEC-006,Call Center,2343000.0,487,Resuelto,True
REC-11135,2026-04-24 00:48:00,11.495.681-1,Error en la reprogramación de cuotas solicitada el mes pasado.,Crédito Consumo,Crédito Consumo,EJEC-005,Call Center,1440000.0,247,Resuelto,True
REC-11136,2026-04-16 10:48:00,19.351.988-1,Se aplicó el cobro del seguro asociado al crédito dos veces en el mismo período.,Crédito Hipotecario,Crédito Hipotecario,EJEC-020,Web,1692000.0,111,Resuelto,True
REC-11137,2026-01-06 00:17:00,6.439.973-0,No han enviado el certificado de prepago que solicité hace más de 15 días.,Crédito Consumo,Crédito Consumo,EJEC-005,App Móvil,772000.0,112,En Proceso,True
REC-11138,2026-06-09 10:46:00,23.948.557-K,Error en la reprogramación de cuotas solicitada el mes pasado.,Crédito Consumo,Crédito Consumo,EJEC-010,Web,2007000.0,208,Resuelto,True
REC-11139,2026-02-11 14:10:00,8.645.733-K,Inconsistencia en el saldo contable tras realizar una transferencia bancaria.,Cuenta Corriente,Cuenta Corriente,EJEC-016,Sucursal,1726000.0,300,Resuelto,True
REC-11140,2026-06-19 05:00:00,19.199.873-0,Tengo la cuenta bloqueada sin previo aviso y no puedo realizar giros.,Cuenta Corriente,Cuenta Corriente,EJEC-016,App Móvil,1919000.0,416,En Proceso,True
REC-11141,2026-05-30 19:31:00,10.558.120-K,Cobro no autorizado de seguro de protección de tarjeta no contratado.,Seguros,Seguros,EJEC-011,Web,2217000.0,115,Resuelto,True
REC-11142,2026-02-04 21:18:00,14.793.503-1,No reconozco un cargo recurrente de una suscripción que cancelé hace meses.,Tarjeta de Crédito,Crédito Consumo,EJEC-011,Sucursal,1780000.0,130,En Proceso,False
REC-11143,2026-06-04 16:53:00,5.736.704-K,Me cobraron cobros excesivos por sobregiro cuando tenía saldo a favor.,Cuenta Corriente,Crédito Consumo,EJEC-017,Sucursal,2455000.0,69,En Proceso,False
REC-11144,2026-03-23 05:41:00,6.764.344-2,Me están aplicando intereses moratorios indebidos en mi cuota.,Crédito Consumo,Crédito Hipotecario,EJEC-002,Sucursal,1876000.0,514,Rechazado,False
REC-11145,2026-01-21 11:21:00,22.132.233-0,Cobro no autorizado de seguro de protección de tarjeta no contratado.,Seguros,Seguros,EJEC-013,App Móvil,2262000.0,434,En Proceso,True
REC-11146,2026-01-10 23:43:00,13.813.484-2,Descuento duplicado por planilla de la cuota del crédito automotriz / consumo.,Crédito Consumo,Inversiones / Fondos Mutuos,EJEC-014,Sucursal,335000.0,399,Rechazado,False
REC-11147,2026-03-08 18:51:00,11.600.388-2,No me han abonado los puntos ni las millas acumuladas de mi tarjeta.,Tarjeta de Crédito,Cuenta Corriente,EJEC-011,Web,62000.0,176,Resuelto,False
REC-11148,2026-03-04 02:32:00,10.482.166-1,Cobro no informado de comisiones por rescate anticipado de la inversión.,Inversiones / Fondos Mutuos,Inversiones / Fondos Mutuos,EJEC-003,Web,1809000.0,394,Rechazado,True
REC-11149,2026-01-19 05:19:00,23.741.992-K,No han gestionado el reembolso médico ingresado hace un mes.,Seguros,Seguros,EJEC-004,Web,145000.0,187,Resuelto,True
REC-11150,2026-07-10 02:46:00,10.193.835-0,No me han abonado los puntos ni las millas acumuladas de mi tarjeta.,Tarjeta de Crédito,Tarjeta de Crédito,EJEC-008,App Móvil,130000.0,126,En Proceso,True
REC-11151,2026-03-24 21:20:00,21.297.587-1,Aumento no notificado en la prima mensual de la póliza de vida.,Seguros,Seguros,EJEC-006,Call Center,724000.0,107,En Proceso,True
REC-11152,2026-02-17 17:19:00,5.181.280-1,Realicé el prepago total de mi crédito de consumo y aún figuro con deuda activa.,Crédito Consumo,Seguros,EJEC-007,Web,1759000.0,122,Resuelto,False
REC-11153,2026-02-17 10:58:00,12.266.504-2,La rentabilidad reflejada en el cartola no cuadra con el saldo real.,Inversiones / Fondos Mutuos,Inversiones / Fondos Mutuos,EJEC-010,App Móvil,1069000.0,398,Rechazado,True
REC-11154,2026-03-03 18:06:00,5.770.799-2,Realicé el prepago total de mi crédito de consumo y aún figuro con deuda activa.,Crédito Consumo,Crédito Consumo,EJEC-003,Call Center,864000.0,106,Rechazado,True
REC-11155,2026-07-13 14:40:00,7.790.882-K,Me aplicaron intereses de mora a pesar de haber realizado el pago antes del vencimiento.,Tarjeta de Crédito,Tarjeta de Crédito,EJEC-011,Sucursal,1747000.0,112,Rechazado,True
REC-11156,2026-03-09 10:53:00,19.466.860-K,Me están aplicando intereses moratorios indebidos en mi cuota.,Crédito Consumo,Crédito Consumo,EJEC-016,Sucursal,1367000.0,239,Resuelto,True
REC-11157,2026-05-31 05:49:00,6.807.461-K,Retraso injustificado en el proceso de tasación para el crédito solicitado.,Crédito Hipotecario,Crédito Hipotecario,EJEC-013,Call Center,2172000.0,520,En Proceso,True
REC-11158,2026-02-09 04:50:00,17.529.125-1,Me están aplicando intereses moratorios indebidos en mi cuota.,Crédito Consumo,Cuenta Corriente,EJEC-013,Sucursal,40000.0,221,Resuelto,False
REC-11159,2026-06-01 06:16:00,11.197.116-K,Aún no liberan el certificado de alzamiento de mi propiedad tras saldar la deuda.,Crédito Hipotecario,Crédito Hipotecario,EJEC-007,Web,1246000.0,207,En Proceso,True
REC-11160,2026-05-21 09:28:00,12.294.598-K,Retraso injustificado en el proceso de tasación para el crédito solicitado.,Crédito Hipotecario,Cuenta Corriente,EJEC-016,Web,887000.0,153,Resuelto,False
REC-11161,2026-03-24 16:16:00,24.396.244-1,La rentabilidad reflejada en el cartola no cuadra con el saldo real.,Inversiones / Fondos Mutuos,Inversiones / Fondos Mutuos,EJEC-014,Call Center,37000.0,360,Rechazado,True
REC-11162,2026-02-10 11:33:00,25.418.800-K,Solicité el rescate de mi fondo mutuo y el dinero no ha sido depositado.,Inversiones / Fondos Mutuos,Inversiones / Fondos Mutuos,EJEC-017,Sucursal,856000.0,427,Rechazado,True
REC-11163,2026-02-02 12:36:00,23.584.164-0,Se aplicó el cobro del seguro asociado al crédito dos veces en el mismo período.,Crédito Hipotecario,Crédito Hipotecario,EJEC-007,Sucursal,1722000.0,365,Rechazado,True
REC-11164,2026-05-02 09:34:00,22.448.691-2,Solicité la cancelación del seguro de desgravamen y lo siguen cobrando.,Seguros,Crédito Consumo,EJEC-019,App Móvil,1772000.0,287,Resuelto,False
REC-11165,2026-05-06 19:13:00,20.119.420-0,Aún no liberan el certificado de alzamiento de mi propiedad tras saldar la deuda.,Crédito Hipotecario,Crédito Hipotecario,EJEC-003,Call Center,1159000.0,317,Resuelto,True
REC-11166,2026-04-26 13:17:00,11.910.888-2,Solicité la cancelación del seguro de desgravamen y lo siguen cobrando.,Seguros,Seguros,EJEC-002,Call Center,620000.0,48,En Proceso,True
REC-11167,2026-04-02 21:11:00,20.675.249-2,Me están aplicando intereses moratorios indebidos en mi cuota.,Crédito Consumo,Seguros,EJEC-018,App Móvil,2061000.0,237,Rechazado,False
REC-11168,2026-06-04 04:06:00,14.851.162-1,Demora excesiva en la constitución de un Depósito a Plazo desde la banca en línea.,Inversiones / Fondos Mutuos,Inversiones / Fondos Mutuos,EJEC-013,Call Center,1753000.0,56,En Proceso,True
REC-11169,2026-03-08 06:58:00,9.403.125-0,Demora en la liquidación del siniestro denunciado el mes anterior.,Seguros,Seguros,EJEC-003,Sucursal,1165000.0,196,En Proceso,True
REC-11170,2026-06-10 13:02:00,22.260.708-K,La cuota cobrada este mes es mayor al dividendo pactado en el contrato inicial.,Crédito Consumo,Inversiones / Fondos Mutuos,EJEC-009,App Móvil,1767000.0,509,En Proceso,False
REC-11171,2026-02-11 20:01:00,9.430.117-0,No reconozco un cargo recurrente de una suscripción que cancelé hace meses.,Tarjeta de Crédito,Tarjeta de Crédito,EJEC-016,Sucursal,359000.0,429,Rechazado,True
REC-11172,2026-01-07 21:27:00,18.761.431-K,Me cobraron cobros excesivos por sobregiro cuando tenía saldo a favor.,Cuenta Corriente,Cuenta Corriente,EJEC-002,Sucursal,813000.0,85,Rechazado,True
REC-11173,2026-01-15 04:30:00,20.165.169-1,Traté de realizar una transferencia por PAC y el sistema debitó dos veces el monto.,Cuenta Corriente,Cuenta Corriente,EJEC-008,Web,1888000.0,410,En Proceso,True
REC-11174,2026-01-21 14:05:00,15.868.171-K,El cobro del dividendo no reflejó el abono adicional abonado en ventanilla.,Crédito Hipotecario,Crédito Hipotecario,EJEC-014,Call Center,1738000.0,136,Resuelto,True
REC-11175,2026-04-25 05:25:00,8.881.989-2,El cajero automático no me entregó el dinero pero descontó el saldo de mi cuenta.,Cuenta Corriente,Cuenta Corriente,EJEC-018,Web,136000.0,275,En Proceso,True
REC-11176,2026-01-11 01:26:00,12.876.338-1,Inconsistencia en el saldo contable tras realizar una transferencia bancaria.,Cuenta Corriente,Cuenta Corriente,EJEC-013,Call Center,53000.0,341,En Proceso,True
REC-11177,2026-01-07 22:51:00,18.663.169-0,Inconsistencia en el saldo contable tras realizar una transferencia bancaria.,Cuenta Corriente,Cuenta Corriente,EJEC-008,Call Center,23000.0,127,Rechazado,True
REC-11178,2026-04-05 17:22:00,10.506.317-1,Solicité el rescate de mi fondo mutuo y el dinero no ha sido depositado.,Inversiones / Fondos Mutuos,Seguros,EJEC-010,Sucursal,1393000.0,568,En Proceso,False
REC-11179,2026-02-10 06:52:00,24.362.442-1,No han enviado el certificado de prepago que solicité hace más de 15 días.,Crédito Consumo,Crédito Consumo,EJEC-010,Call Center,77000.0,569,En Proceso,True
REC-11180,2026-02-22 06:18:00,8.142.496-0,Solicité la cancelación del seguro de desgravamen y lo siguen cobrando.,Seguros,Seguros,EJEC-019,Sucursal,2083000.0,264,Rechazado,True
REC-11181,2026-03-19 12:19:00,19.155.763-1,Se ejecutó una orden de compra de acciones que no autoricé desde la app.,Inversiones / Fondos Mutuos,Inversiones / Fondos Mutuos,EJEC-001,Sucursal,36000.0,230,En Proceso,True
REC-11182,2026-02-22 17:03:00,17.837.435-K,El cobro del dividendo no reflejó el abono adicional abonado en ventanilla.,Crédito Hipotecario,Crédito Hipotecario,EJEC-016,Call Center,1404000.0,337,Rechazado,True
REC-11183,2026-03-05 02:39:00,24.209.100-0,Solicité el rescate de mi fondo mutuo y el dinero no ha sido depositado.,Inversiones / Fondos Mutuos,Crédito Consumo,EJEC-001,Sucursal,1115000.0,208,Resuelto,False
REC-11184,2026-01-14 12:33:00,11.761.295-K,No han gestionado el reembolso médico ingresado hace un mes.,Seguros,Seguros,EJEC-014,Web,747000.0,80,Resuelto,True
REC-11185,2026-03-19 04:50:00,13.567.919-1,Me aplicaron intereses de mora a pesar de haber realizado el pago antes del vencimiento.,Tarjeta de Crédito,Tarjeta de Crédito,EJEC-001,Call Center,441000.0,160,Resuelto,True
REC-11186,2026-07-05 08:00:00,19.990.693-2,La cuota cobrada este mes es mayor al dividendo pactado en el contrato inicial.,Crédito Consumo,Crédito Consumo,EJEC-016,Web,1830000.0,201,Resuelto,True
REC-11187,2026-01-17 13:34:00,17.130.138-K,Retraso injustificado en el proceso de tasación para el crédito solicitado.,Crédito Hipotecario,Crédito Hipotecario,EJEC-001,Web,1643000.0,332,Rechazado,True
REC-11188,2026-03-14 16:21:00,11.921.373-0,No han gestionado el reembolso médico ingresado hace un mes.,Seguros,Cuenta Corriente,EJEC-008,Call Center,2027000.0,90,Rechazado,False
REC-11189,2026-04-22 19:04:00,20.910.337-0,No han enviado el certificado de prepago que solicité hace más de 15 días.,Crédito Consumo,Crédito Consumo,EJEC-012,Call Center,2053000.0,212,En Proceso,True
REC-11190,2026-06-18 12:40:00,22.653.249-2,Demora en la liquidación del siniestro denunciado el mes anterior.,Seguros,Seguros,EJEC-006,Call Center,933000.0,400,En Proceso,True
REC-11191,2026-02-07 22:57:00,20.791.655-K,Me están aplicando intereses moratorios indebidos en mi cuota.,Crédito Consumo,Crédito Consumo,EJEC-009,App Móvil,835000.0,412,Rechazado,True
REC-11192,2026-04-30 15:23:00,22.982.796-1,Solicité el bloqueo de mi tarjeta por clonación y no se procesó a tiempo.,Tarjeta de Crédito,Tarjeta de Crédito,EJEC-005,Sucursal,1353000.0,208,Rechazado,True
REC-11193,2026-02-05 07:01:00,17.183.943-K,Se duplicó el cobro de la última compra efectuada en el supermercado con la tarjeta.,Tarjeta de Crédito,Tarjeta de Crédito,EJEC-017,Web,1441000.0,305,Rechazado,True
REC-11194,2026-06-20 05:37:00,12.800.826-2,La tasa de interés aplicada en el dividendo no coincide con la firma de la escritura.,Crédito Hipotecario,Crédito Hipotecario,EJEC-012,Call Center,1310000.0,447,Resuelto,True
REC-11195,2026-05-28 11:59:00,18.804.869-0,Cierre intempestivo de mi cuenta sin notificación formal por parte del banco.,Cuenta Corriente,Cuenta Corriente,EJEC-005,App Móvil,1792000.0,561,Resuelto,True
REC-11196,2026-05-07 04:55:00,7.811.413-1,Se aplicó el cobro del seguro asociado al crédito dos veces en el mismo período.,Crédito Hipotecario,Seguros,EJEC-004,App Móvil,64000.0,76,En Proceso,False
REC-11197,2026-01-31 07:04:00,10.947.894-0,Solicité el bloqueo de mi tarjeta por clonación y no se procesó a tiempo.,Tarjeta de Crédito,Tarjeta de Crédito,EJEC-004,Call Center,2362000.0,457,Resuelto,True
REC-11198,2026-06-28 20:23:00,14.451.497-2,Me cobraron cobros excesivos por sobregiro cuando tenía saldo a favor.,Cuenta Corriente,Cuenta Corriente,EJEC-019,Call Center,1590000.0,87,Rechazado,True
REC-11199,2026-05-06 01:04:00,20.427.459-0,Error en la reprogramación de cuotas solicitada el mes pasado.,Crédito Consumo,Crédito Consumo,EJEC-013,Web,1060000.0,404,Rechazado,True
REC-11200,2026-05-06 00:55:00,17.139.599-0,Se aplicó el cobro del seguro asociado al crédito dos veces en el mismo período.,Crédito Hipotecario,Crédito Hipotecario,EJEC-003,App Móvil,1812000.0,141,En Proceso,True
REC-11201,2026-04-08 11:30:00,12.718.580-0,No han enviado el certificado de prepago que solicité hace más de 15 días.,Crédito Consumo,Crédito Consumo,EJEC-015,App Móvil,1536000.0,142,Resuelto,True
REC-11202,2026-06-25 04:22:00,23.983.791-0,La rentabilidad reflejada en el cartola no cuadra con el saldo real.,Inversiones / Fondos Mutuos,Inversiones / Fondos Mutuos,EJEC-006,Call Center,690000.0,442,Rechazado,True
REC-11203,2026-06-17 01:39:00,13.699.220-K,Tengo la cuenta bloqueada sin previo aviso y no puedo realizar giros.,Cuenta Corriente,Cuenta Corriente,EJEC-006,Web,729000.0,384,En Proceso,True
REC-11204,2026-01-29 23:26:00,9.957.178-1,Retraso injustificado en el proceso de tasación para el crédito solicitado.,Crédito Hipotecario,Crédito Hipotecario,EJEC-013,App Móvil,1932000.0,89,En Proceso,True
REC-11205,2026-02-16 07:37:00,15.986.799-K,Cierre intempestivo de mi cuenta sin notificación formal por parte del banco.,Cuenta Corriente,Cuenta Corriente,EJEC-004,Web,415000.0,180,Rechazado,True
REC-11206,2026-06-04 19:12:00,5.548.608-2,Aumento no notificado en la prima mensual de la póliza de vida.,Seguros,Seguros,EJEC-017,Sucursal,1589000.0,153,En Proceso,True
REC-11207,2026-05-02 01:08:00,13.546.670-K,Me cobraron una comisión por mantención que no corresponde a mi tarjeta.,Tarjeta de Crédito,Tarjeta de Crédito,EJEC-012,Call Center,1006000.0,294,Resuelto,True
REC-11208,2026-01-31 00:49:00,10.188.684-1,Solicité la cancelación del seguro de desgravamen y lo siguen cobrando.,Seguros,Seguros,EJEC-018,Sucursal,1396000.0,534,Resuelto,True
REC-11209,2026-06-18 06:19:00,23.523.218-0,El cajero automático no me entregó el dinero pero descontó el saldo de mi cuenta.,Cuenta Corriente,Cuenta Corriente,EJEC-005,Call Center,33000.0,106,Rechazado,True
REC-11210,2026-01-04 03:50:00,21.781.372-0,Realicé el prepago total de mi crédito de consumo y aún figuro con deuda activa.,Crédito Consumo,Crédito Consumo,EJEC-008,Call Center,2004000.0,238,Rechazado,True
REC-11211,2026-05-02 16:19:00,20.319.201-1,El cobro del dividendo no reflejó el abono adicional abonado en ventanilla.,Crédito Hipotecario,Crédito Hipotecario,EJEC-018,Web,370000.0,175,Rechazado,True
REC-11212,2026-02-07 02:19:00,20.625.174-1,Cierre intempestivo de mi cuenta sin notificación formal por parte del banco.,Cuenta Corriente,Cuenta Corriente,EJEC-012,App Móvil,2071000.0,461,Resuelto,True
REC-11213,2026-07-12 14:44:00,6.991.428-K,Aparece un consumo no reconocido realizado en el extranjero el fin de semana.,Tarjeta de Crédito,Tarjeta de Crédito,EJEC-012,Call Center,1127000.0,275,Rechazado,True
REC-11214,2026-02-02 16:21:00,24.909.621-K,Demora en la liquidación del siniestro denunciado el mes anterior.,Seguros,Seguros,EJEC-020,Sucursal,1245000.0,121,En Proceso,True
REC-11215,2026-06-03 01:03:00,18.167.675-0,Solicité la cancelación del seguro de desgravamen y lo siguen cobrando.,Seguros,Seguros,EJEC-002,Sucursal,697000.0,332,En Proceso,True
REC-11216,2026-06-16 11:39:00,14.956.648-2,Me están aplicando intereses moratorios indebidos en mi cuota.,Crédito Consumo,Crédito Consumo,EJEC-013,App Móvil,1176000.0,138,Rechazado,True
REC-11217,2026-05-06 11:41:00,22.629.731-0,Error en la reprogramación de cuotas solicitada el mes pasado.,Crédito Consumo,Crédito Consumo,EJEC-009,Sucursal,1488000.0,278,En Proceso,True
REC-11218,2026-03-24 08:10:00,23.295.456-2,Cobro injustificado de mantención de cuenta corriente contratada bajo plan coste cero.,Cuenta Corriente,Cuenta Corriente,EJEC-014,Sucursal,663000.0,479,Rechazado,True
REC-11219,2026-06-18 06:25:00,24.905.242-2,Cierre intempestivo de mi cuenta sin notificación formal por parte del banco.,Cuenta Corriente,Cuenta Corriente,EJEC-018,Sucursal,515000.0,518,Rechazado,True
REC-11220,2026-05-14 05:55:00,8.841.840-2,Solicité la cancelación del seguro de desgravamen y lo siguen cobrando.,Seguros,Seguros,EJEC-011,App Móvil,2219000.0,553,En Proceso,True
REC-11221,2026-03-04 13:22:00,20.834.377-K,Se ejecutó una orden de compra de acciones que no autoricé desde la app.,Inversiones / Fondos Mutuos,Inversiones / Fondos Mutuos,EJEC-020,Web,635000.0,430,Rechazado,True
REC-11222,2026-04-11 00:06:00,7.293.931-2,Retraso injustificado en el proceso de tasación para el crédito solicitado.,Crédito Hipotecario,Seguros,EJEC-019,Sucursal,1280000.0,475,Resuelto,False
REC-11223,2026-03-10 01:44:00,18.743.601-0,Retraso injustificado en el proceso de tasación para el crédito solicitado.,Crédito Hipotecario,Crédito Hipotecario,EJEC-004,App Móvil,457000.0,415,Resuelto,True
REC-11224,2026-01-11 02:23:00,13.210.661-2,Cobro injustificado de mantención de cuenta corriente contratada bajo plan coste cero.,Cuenta Corriente,Cuenta Corriente,EJEC-014,App Móvil,105000.0,106,Resuelto,True
REC-11225,2026-01-29 11:31:00,24.836.383-2,Aún no liberan el certificado de alzamiento de mi propiedad tras saldar la deuda.,Crédito Hipotecario,Crédito Hipotecario,EJEC-020,Sucursal,2320000.0,407,Resuelto,True
REC-11226,2026-02-08 00:47:00,22.698.424-1,Cobro injustificado de mantención de cuenta corriente contratada bajo plan coste cero.,Cuenta Corriente,Inversiones / Fondos Mutuos,EJEC-007,Web,2386000.0,138,Rechazado,False
REC-11227,2026-07-09 20:57:00,13.928.597-0,Aparece un consumo no reconocido realizado en el extranjero el fin de semana.,Tarjeta de Crédito,Crédito Consumo,EJEC-008,Call Center,1526000.0,222,Resuelto,False
REC-11228,2026-03-13 03:39:00,5.344.787-2,El cobro del dividendo no reflejó el abono adicional abonado en ventanilla.,Crédito Hipotecario,Inversiones / Fondos Mutuos,EJEC-015,App Móvil,584000.0,128,En Proceso,False
REC-11229,2026-07-02 15:09:00,19.253.856-K,La rentabilidad reflejada en el cartola no cuadra con el saldo real.,Inversiones / Fondos Mutuos,Inversiones / Fondos Mutuos,EJEC-009,App Móvil,2205000.0,548,En Proceso,True
REC-11230,2026-05-15 11:41:00,15.121.611-K,El cobro del dividendo no reflejó el abono adicional abonado en ventanilla.,Crédito Hipotecario,Crédito Hipotecario,EJEC-005,Web,1504000.0,431,Resuelto,True
REC-11231,2026-04-14 07:04:00,11.421.461-K,Realicé el prepago total de mi crédito de consumo y aún figuro con deuda activa.,Crédito Consumo,Crédito Consumo,EJEC-008,Call Center,1503000.0,525,Resuelto,True
REC-11232,2026-06-25 19:13:00,12.760.814-0,Problemas con la renovación de la póliza de seguro contra incendio en el dividendo.,Crédito Hipotecario,Crédito Hipotecario,EJEC-013,Sucursal,902000.0,65,En Proceso,True
REC-11233,2026-04-22 15:12:00,18.191.547-2,Realicé el prepago total de mi crédito de consumo y aún figuro con deuda activa.,Crédito Consumo,Crédito Consumo,EJEC-009,Call Center,399000.0,269,Rechazado,True
REC-11234,2026-06-15 17:39:00,24.643.929-1,No me han abonado los puntos ni las millas acumuladas de mi tarjeta.,Tarjeta de Crédito,Tarjeta de Crédito,EJEC-008,Web,1769000.0,207,Resuelto,True
REC-11235,2026-06-07 23:44:00,22.151.356-0,Se ejecutó una orden de compra de acciones que no autoricé desde la app.,Inversiones / Fondos Mutuos,Inversiones / Fondos Mutuos,EJEC-010,App Móvil,2147000.0,330,Resuelto,True
REC-11236,2026-02-28 13:58:00,14.270.633-0,Cobro injustificado de mantención de cuenta corriente contratada bajo plan coste cero.,Cuenta Corriente,Cuenta Corriente,EJEC-002,App Móvil,724000.0,526,En Proceso,True
REC-11237,2026-02-12 08:03:00,5.927.300-0,No reconozco un cargo recurrente de una suscripción que cancelé hace meses.,Tarjeta de Crédito,Tarjeta de Crédito,EJEC-006,Web,1949000.0,422,Rechazado,True
REC-11238,2026-02-15 05:12:00,22.291.351-0,Realicé el prepago total de mi crédito de consumo y aún figuro con deuda activa.,Crédito Consumo,Crédito Consumo,EJEC-017,Web,1255000.0,103,En Proceso,True
REC-11239,2026-02-04 05:42:00,6.580.259-1,Cobro injustificado de mantención de cuenta corriente contratada bajo plan coste cero.,Cuenta Corriente,Cuenta Corriente,EJEC-012,Sucursal,1159000.0,510,Resuelto,True
REC-11240,2026-07-01 03:45:00,12.265.755-0,No me han abonado los puntos ni las millas acumuladas de mi tarjeta.,Tarjeta de Crédito,Tarjeta de Crédito,EJEC-010,Call Center,1325000.0,546,Rechazado,True
REC-11241,2026-07-13 13:28:00,22.654.843-K,La rentabilidad reflejada en el cartola no cuadra con el saldo real.,Inversiones / Fondos Mutuos,Seguros,EJEC-012,Call Center,1880000.0,581,En Proceso,False
REC-11242,2026-02-12 17:10:00,20.229.924-0,Traté de realizar una transferencia por PAC y el sistema debitó dos veces el monto.,Cuenta Corriente,Cuenta Corriente,EJEC-012,Sucursal,293000.0,467,En Proceso,True
REC-11243,2026-04-07 10:13:00,16.124.422-K,Cobro injustificado de mantención de cuenta corriente contratada bajo plan coste cero.,Cuenta Corriente,Cuenta Corriente,EJEC-014,App Móvil,1128000.0,188,Rechazado,True
REC-11244,2026-03-19 13:31:00,12.245.116-1,Se aplicó el cobro del seguro asociado al crédito dos veces en el mismo período.,Crédito Hipotecario,Crédito Hipotecario,EJEC-015,Call Center,932000.0,254,En Proceso,True
REC-11245,2026-02-03 14:11:00,6.351.249-0,No han enviado el certificado de prepago que solicité hace más de 15 días.,Crédito Consumo,Crédito Consumo,EJEC-015,Call Center,2218000.0,488,Resuelto,True
REC-11246,2026-06-03 10:02:00,16.940.624-K,No reconozco un cargo recurrente de una suscripción que cancelé hace meses.,Tarjeta de Crédito,Cuenta Corriente,EJEC-012,Sucursal,488000.0,563,Resuelto,False
REC-11247,2026-01-03 03:27:00,9.862.828-2,Me cobraron una comisión por mantención que no corresponde a mi tarjeta.,Tarjeta de Crédito,Tarjeta de Crédito,EJEC-017,Sucursal,65000.0,458,En Proceso,True
REC-11248,2026-06-06 15:42:00,16.736.434-2,La cuota cobrada este mes es mayor al dividendo pactado en el contrato inicial.,Crédito Consumo,Crédito Consumo,EJEC-019,Web,2209000.0,544,En Proceso,True
REC-11249,2026-07-15 17:32:00,6.782.898-0,Cobro injustificado de mantención de cuenta corriente contratada bajo plan coste cero.,Cuenta Corriente,Cuenta Corriente,EJEC-015,Sucursal,364000.0,246,Resuelto,True
REC-11250,2026-06-07 13:06:00,13.503.325-0,Solicité el bloqueo de mi tarjeta por clonación y no se procesó a tiempo.,Tarjeta de Crédito,Tarjeta de Crédito,EJEC-005,App Móvil,1049000.0,243,En Proceso,True
REC-11251,2026-02-08 14:34:00,22.681.361-1,Me cobraron una comisión por mantención que no corresponde a mi tarjeta.,Tarjeta de Crédito,Tarjeta de Crédito,EJEC-002,Sucursal,1819000.0,112,Resuelto,True
REC-11252,2026-04-30 05:39:00,20.216.181-K,Descuento duplicado por planilla de la cuota del crédito automotriz / consumo.,Crédito Consumo,Crédito Consumo,EJEC-012,Call Center,2389000.0,309,Rechazado,True
REC-11253,2026-05-23 18:42:00,15.746.780-2,Cobro no informado de comisiones por rescate anticipado de la inversión.,Inversiones / Fondos Mutuos,Inversiones / Fondos Mutuos,EJEC-019,Sucursal,2016000.0,296,Resuelto,True
REC-11254,2026-01-06 14:48:00,20.378.436-2,Problemas con la renovación de la póliza de seguro contra incendio en el dividendo.,Crédito Hipotecario,Tarjeta de Crédito,EJEC-019,Sucursal,2005000.0,308,Resuelto,False
REC-11255,2026-02-07 18:56:00,12.964.902-1,Tengo la cuenta bloqueada sin previo aviso y no puedo realizar giros.,Cuenta Corriente,Tarjeta de Crédito,EJEC-018,Sucursal,1035000.0,454,En Proceso,False
REC-11256,2026-05-26 11:18:00,14.183.348-1,La rentabilidad reflejada en el cartola no cuadra con el saldo real.,Inversiones / Fondos Mutuos,Tarjeta de Crédito,EJEC-011,Web,1092000.0,487,Resuelto,False
REC-11257,2026-04-17 16:09:00,5.441.479-0,Realicé el prepago total de mi crédito de consumo y aún figuro con deuda activa.,Crédito Consumo,Crédito Consumo,EJEC-016,Call Center,1473000.0,460,En Proceso,True
REC-11258,2026-03-02 09:46:00,12.725.923-1,Realicé el prepago total de mi crédito de consumo y aún figuro con deuda activa.,Crédito Consumo,Crédito Consumo,EJEC-019,Call Center,2134000.0,148,Resuelto,True
REC-11259,2026-01-22 00:17:00,9.653.538-K,No reconozco un cargo recurrente de una suscripción que cancelé hace meses.,Tarjeta de Crédito,Tarjeta de Crédito,EJEC-005,Web,10000.0,226,Resuelto,True
REC-11260,2026-02-04 09:56:00,16.795.802-2,Cobro no autorizado de seguro de protección de tarjeta no contratado.,Seguros,Seguros,EJEC-006,Sucursal,829000.0,84,Rechazado,True
REC-11261,2026-01-22 01:20:00,24.100.941-1,Tengo la cuenta bloqueada sin previo aviso y no puedo realizar giros.,Cuenta Corriente,Inversiones / Fondos Mutuos,EJEC-004,Sucursal,1485000.0,583,Resuelto,False
REC-11262,2026-06-06 09:42:00,9.166.573-2,Cierre intempestivo de mi cuenta sin notificación formal por parte del banco.,Cuenta Corriente,Cuenta Corriente,EJEC-017,Web,1244000.0,274,Rechazado,True
REC-11263,2026-03-14 01:05:00,17.972.446-1,Aumento no notificado en la prima mensual de la póliza de vida.,Seguros,Seguros,EJEC-012,Sucursal,738000.0,455,En Proceso,True
REC-11264,2026-03-02 10:33:00,15.315.346-K,Cierre intempestivo de mi cuenta sin notificación formal por parte del banco.,Cuenta Corriente,Cuenta Corriente,EJEC-003,Web,1471000.0,165,Resuelto,True
REC-11265,2026-01-28 15:19:00,9.252.840-0,No han enviado el certificado de prepago que solicité hace más de 15 días.,Crédito Consumo,Crédito Consumo,EJEC-019,App Móvil,1798000.0,490,En Proceso,True
REC-11266,2026-02-01 21:59:00,22.846.701-2,Solicité la cancelación del seguro de desgravamen y lo siguen cobrando.,Seguros,Tarjeta de Crédito,EJEC-012,App Móvil,980000.0,398,Resuelto,False
REC-11267,2026-01-13 01:04:00,13.498.291-K,Problemas con la renovación de la póliza de seguro contra incendio en el dividendo.,Crédito Hipotecario,Crédito Consumo,EJEC-015,App Móvil,2040000.0,477,Rechazado,False
REC-11268,2026-03-22 19:20:00,10.107.990-1,Me están aplicando intereses moratorios indebidos en mi cuota.,Crédito Consumo,Crédito Consumo,EJEC-011,App Móvil,110000.0,188,Resuelto,True
REC-11269,2026-05-12 20:36:00,20.384.307-1,La tasa de interés aplicada en el dividendo no coincide con la firma de la escritura.,Crédito Hipotecario,Crédito Hipotecario,EJEC-012,Sucursal,2002000.0,426,En Proceso,True
REC-11270,2026-01-01 03:34:00,20.890.944-1,El cajero automático no me entregó el dinero pero descontó el saldo de mi cuenta.,Cuenta Corriente,Cuenta Corriente,EJEC-017,Sucursal,1330000.0,586,Rechazado,True
REC-11271,2026-06-06 20:53:00,11.545.888-0,Problemas con la renovación de la póliza de seguro contra incendio en el dividendo.,Crédito Hipotecario,Crédito Hipotecario,EJEC-010,Call Center,116000.0,385,Resuelto,True
REC-11272,2026-04-15 20:06:00,25.910.164-K,Retraso injustificado en el proceso de tasación para el crédito solicitado.,Crédito Hipotecario,Seguros,EJEC-019,App Móvil,2308000.0,273,En Proceso,False
REC-11273,2026-03-09 10:14:00,25.972.139-1,Cobro no autorizado de seguro de protección de tarjeta no contratado.,Seguros,Seguros,EJEC-009,Web,1329000.0,86,Resuelto,True
REC-11274,2026-04-26 08:09:00,17.102.540-0,No reconozco un cargo recurrente de una suscripción que cancelé hace meses.,Tarjeta de Crédito,Tarjeta de Crédito,EJEC-018,Call Center,46000.0,358,Rechazado,True
REC-11275,2026-06-19 01:44:00,20.694.318-2,No reconozco un cargo recurrente de una suscripción que cancelé hace meses.,Tarjeta de Crédito,Tarjeta de Crédito,EJEC-013,Sucursal,447000.0,250,Resuelto,True
REC-11276,2026-06-25 14:39:00,7.436.762-1,La tasa de interés aplicada en el dividendo no coincide con la firma de la escritura.,Crédito Hipotecario,Crédito Hipotecario,EJEC-009,App Móvil,1645000.0,308,En Proceso,True
REC-11277,2026-02-11 14:33:00,11.846.267-2,No reconozco un cargo recurrente de una suscripción que cancelé hace meses.,Tarjeta de Crédito,Crédito Hipotecario,EJEC-018,Web,195000.0,204,Resuelto,False
REC-11278,2026-01-01 08:10:00,7.897.888-2,Traté de realizar una transferencia por PAC y el sistema debitó dos veces el monto.,Cuenta Corriente,Cuenta Corriente,EJEC-011,Web,1254000.0,592,En Proceso,True
REC-11279,2026-05-11 04:10:00,20.784.729-2,Solicité el bloqueo de mi tarjeta por clonación y no se procesó a tiempo.,Tarjeta de Crédito,Tarjeta de Crédito,EJEC-012,App Móvil,973000.0,238,Rechazado,True
REC-11280,2026-03-06 00:37:00,24.923.912-0,Aparece un consumo no reconocido realizado en el extranjero el fin de semana.,Tarjeta de Crédito,Tarjeta de Crédito,EJEC-006,App Móvil,1199000.0,404,Resuelto,True
REC-11281,2026-03-29 13:17:00,18.206.926-K,El cajero automático no me entregó el dinero pero descontó el saldo de mi cuenta.,Cuenta Corriente,Cuenta Corriente,EJEC-016,Web,2440000.0,277,Rechazado,True
REC-11282,2026-07-19 16:52:00,22.889.568-K,Error en la reprogramación de cuotas solicitada el mes pasado.,Crédito Consumo,Crédito Consumo,EJEC-002,Web,1135000.0,48,Rechazado,True
REC-11283,2026-04-01 00:35:00,16.764.446-K,El seguro de fraude rechazó la cobertura sin dar explicaciones claras.,Seguros,Crédito Hipotecario,EJEC-003,App Móvil,2108000.0,578,Rechazado,False
REC-11284,2026-07-16 03:58:00,23.239.584-K,Demora excesiva en la constitución de un Depósito a Plazo desde la banca en línea.,Inversiones / Fondos Mutuos,Inversiones / Fondos Mutuos,EJEC-011,Web,1564000.0,78,Rechazado,True
REC-11285,2026-03-23 08:23:00,14.649.941-K,La cuota cobrada este mes es mayor al dividendo pactado en el contrato inicial.,Crédito Consumo,Tarjeta de Crédito,EJEC-010,App Móvil,1741000.0,433,Resuelto,False
REC-11286,2026-03-13 11:36:00,18.176.643-2,No me han abonado los puntos ni las millas acumuladas de mi tarjeta.,Tarjeta de Crédito,Tarjeta de Crédito,EJEC-010,Call Center,62000.0,336,En Proceso,True
REC-11287,2026-02-17 03:10:00,9.637.717-0,La cuota cobrada este mes es mayor al dividendo pactado en el contrato inicial.,Crédito Consumo,Crédito Consumo,EJEC-009,Sucursal,799000.0,171,Resuelto,True
REC-11288,2026-05-28 07:14:00,23.919.180-1,Solicité el bloqueo de mi tarjeta por clonación y no se procesó a tiempo.,Tarjeta de Crédito,Tarjeta de Crédito,EJEC-018,Web,2030000.0,349,Rechazado,True
REC-11289,2026-06-18 10:09:00,8.513.870-0,Me están aplicando intereses moratorios indebidos en mi cuota.,Crédito Consumo,Crédito Consumo,EJEC-011,Sucursal,1854000.0,185,Resuelto,True
REC-11290,2026-01-25 20:04:00,5.209.588-0,Se aplicó el cobro del seguro asociado al crédito dos veces en el mismo período.,Crédito Hipotecario,Crédito Hipotecario,EJEC-004,Sucursal,401000.0,298,Resuelto,True
REC-11291,2026-03-27 05:44:00,10.764.682-0,El seguro de fraude rechazó la cobertura sin dar explicaciones claras.,Seguros,Seguros,EJEC-005,App Móvil,1846000.0,566,Resuelto,True
REC-11292,2026-04-15 00:10:00,21.996.379-1,El cobro del dividendo no reflejó el abono adicional abonado en ventanilla.,Crédito Hipotecario,Crédito Hipotecario,EJEC-014,App Móvil,1535000.0,442,Resuelto,True
REC-11293,2026-05-16 09:59:00,16.239.514-K,Se ejecutó una orden de compra de acciones que no autoricé desde la app.,Inversiones / Fondos Mutuos,Inversiones / Fondos Mutuos,EJEC-020,Web,1769000.0,306,Rechazado,True
REC-11294,2026-06-04 16:59:00,5.217.515-1,No han gestionado el reembolso médico ingresado hace un mes.,Seguros,Seguros,EJEC-019,App Móvil,2037000.0,167,Rechazado,True
REC-11295,2026-03-05 04:31:00,6.336.355-0,El seguro de fraude rechazó la cobertura sin dar explicaciones claras.,Seguros,Seguros,EJEC-005,App Móvil,695000.0,160,Rechazado,True
REC-11296,2026-01-01 22:14:00,11.834.213-0,La tasa de interés aplicada en el dividendo no coincide con la firma de la escritura.,Crédito Hipotecario,Crédito Hipotecario,EJEC-015,App Móvil,372000.0,171,En Proceso,True
REC-11297,2026-03-25 14:01:00,17.775.631-2,Problemas con la renovación de la póliza de seguro contra incendio en el dividendo.,Crédito Hipotecario,Crédito Hipotecario,EJEC-005,App Móvil,976000.0,237,Rechazado,True
REC-11298,2026-06-19 08:17:00,20.600.380-K,Solicité el bloqueo de mi tarjeta por clonación y no se procesó a tiempo.,Tarjeta de Crédito,Tarjeta de Crédito,EJEC-015,App Móvil,158000.0,106,Rechazado,True
REC-11299,2026-04-28 17:53:00,14.308.523-0,Realicé el prepago total de mi crédito de consumo y aún figuro con deuda activa.,Crédito Consumo,Crédito Consumo,EJEC-006,Call Center,1924000.0,529,Rechazado,True
REC-11300,2026-01-17 20:01:00,19.456.410-1,Aún no liberan el certificado de alzamiento de mi propiedad tras saldar la deuda.,Crédito Hipotecario,Crédito Hipotecario,EJEC-009,Call Center,2409000.0,321,Resuelto,True
REC-11301,2026-05-03 07:31:00,19.236.117-1,Aumento no notificado en la prima mensual de la póliza de vida.,Seguros,Seguros,EJEC-018,App Móvil,279000.0,424,Rechazado,True
REC-11302,2026-03-07 23:32:00,8.378.982-2,Aumento no notificado en la prima mensual de la póliza de vida.,Seguros,Seguros,EJEC-019,Web,607000.0,334,En Proceso,True
REC-11303,2026-03-04 22:48:00,22.976.728-1,Aumento no notificado en la prima mensual de la póliza de vida.,Seguros,Tarjeta de Crédito,EJEC-005,Web,822000.0,474,Rechazado,False
REC-11304,2026-03-29 00:02:00,20.298.291-0,No han gestionado el reembolso médico ingresado hace un mes.,Seguros,Seguros,EJEC-014,Sucursal,1742000.0,323,Rechazado,True
REC-11305,2026-02-21 21:27:00,17.785.962-2,No me han abonado los puntos ni las millas acumuladas de mi tarjeta.,Tarjeta de Crédito,Tarjeta de Crédito,EJEC-007,App Móvil,815000.0,389,En Proceso,True
REC-11306,2026-05-01 08:13:00,22.441.604-1,El cobro del dividendo no reflejó el abono adicional abonado en ventanilla.,Crédito Hipotecario,Crédito Hipotecario,EJEC-003,Web,1415000.0,185,Resuelto,True
REC-11307,2026-04-16 01:29:00,11.578.522-0,Me aplicaron intereses de mora a pesar de haber realizado el pago antes del vencimiento.,Tarjeta de Crédito,Seguros,EJEC-015,App Móvil,556000.0,264,Resuelto,False
REC-11308,2026-04-05 03:18:00,6.362.111-K,Solicité el bloqueo de mi tarjeta por clonación y no se procesó a tiempo.,Tarjeta de Crédito,Tarjeta de Crédito,EJEC-015,App Móvil,238000.0,287,Rechazado,True
REC-11309,2026-01-31 03:11:00,13.910.712-1,No me han abonado los puntos ni las millas acumuladas de mi tarjeta.,Tarjeta de Crédito,Tarjeta de Crédito,EJEC-018,App Móvil,1645000.0,51,En Proceso,True
REC-11310,2026-02-25 14:03:00,15.202.190-1,Se ejecutó una orden de compra de acciones que no autoricé desde la app.,Inversiones / Fondos Mutuos,Inversiones / Fondos Mutuos,EJEC-012,Sucursal,1885000.0,213,Resuelto,True
REC-11311,2026-07-09 03:19:00,25.685.121-2,El cajero automático no me entregó el dinero pero descontó el saldo de mi cuenta.,Cuenta Corriente,Crédito Consumo,EJEC-002,App Móvil,494000.0,259,Resuelto,False
REC-11312,2026-02-03 10:04:00,19.162.777-K,Inconsistencia en el saldo contable tras realizar una transferencia bancaria.,Cuenta Corriente,Cuenta Corriente,EJEC-004,App Móvil,920000.0,351,Rechazado,True
REC-11313,2026-04-21 05:15:00,7.953.262-K,La tasa de interés aplicada en el dividendo no coincide con la firma de la escritura.,Crédito Hipotecario,Crédito Hipotecario,EJEC-002,App Móvil,1713000.0,475,Resuelto,True
REC-11314,2026-01-22 05:22:00,11.174.257-K,No me han abonado los puntos ni las millas acumuladas de mi tarjeta.,Tarjeta de Crédito,Tarjeta de Crédito,EJEC-006,Sucursal,1786000.0,588,Rechazado,True
REC-11315,2026-05-30 11:15:00,19.261.948-1,Retraso injustificado en el proceso de tasación para el crédito solicitado.,Crédito Hipotecario,Crédito Hipotecario,EJEC-015,Sucursal,793000.0,264,Rechazado,True
REC-11316,2026-07-17 00:41:00,11.515.402-K,La rentabilidad reflejada en el cartola no cuadra con el saldo real.,Inversiones / Fondos Mutuos,Seguros,EJEC-004,App Móvil,2253000.0,280,Rechazado,False
REC-11317,2026-06-29 18:12:00,8.673.590-K,Cobro no autorizado de seguro de protección de tarjeta no contratado.,Seguros,Seguros,EJEC-005,Web,1297000.0,596,Resuelto,True
REC-11318,2026-02-02 08:12:00,6.620.978-0,Inconsistencia en el saldo contable tras realizar una transferencia bancaria.,Cuenta Corriente,Cuenta Corriente,EJEC-011,Web,653000.0,385,Rechazado,True
REC-11319,2026-02-04 06:05:00,6.537.602-1,Cobro injustificado de mantención de cuenta corriente contratada bajo plan coste cero.,Cuenta Corriente,Cuenta Corriente,EJEC-003,App Móvil,1564000.0,118,En Proceso,True
REC-11320,2026-07-04 21:38:00,22.182.855-2,Aún no liberan el certificado de alzamiento de mi propiedad tras saldar la deuda.,Crédito Hipotecario,Crédito Hipotecario,EJEC-011,Web,88000.0,56,Resuelto,True
REC-11321,2026-07-18 22:41:00,5.983.929-0,Solicité el bloqueo de mi tarjeta por clonación y no se procesó a tiempo.,Tarjeta de Crédito,Tarjeta de Crédito,EJEC-019,Web,211000.0,239,En Proceso,True
REC-11322,2026-01-26 14:59:00,22.763.480-0,Demora en la liquidación del siniestro denunciado el mes anterior.,Seguros,Tarjeta de Crédito,EJEC-005,Sucursal,786000.0,162,Rechazado,False
REC-11323,2026-06-15 09:53:00,14.367.263-0,Cobro no informado de comisiones por rescate anticipado de la inversión.,Inversiones / Fondos Mutuos,Inversiones / Fondos Mutuos,EJEC-019,Call Center,722000.0,579,Resuelto,True
REC-11324,2026-02-08 05:59:00,14.613.736-0,Me están aplicando intereses moratorios indebidos en mi cuota.,Crédito Consumo,Crédito Consumo,EJEC-017,Call Center,1171000.0,90,Rechazado,True
REC-11325,2026-01-13 00:05:00,13.351.486-2,No han gestionado el reembolso médico ingresado hace un mes.,Seguros,Seguros,EJEC-017,Sucursal,1327000.0,459,En Proceso,True
REC-11326,2026-05-25 04:11:00,12.522.252-2,Cobro no informado de comisiones por rescate anticipado de la inversión.,Inversiones / Fondos Mutuos,Crédito Consumo,EJEC-002,Sucursal,779000.0,219,Rechazado,False
REC-11327,2026-04-07 01:25:00,22.831.140-K,No me han abonado los puntos ni las millas acumuladas de mi tarjeta.,Tarjeta de Crédito,Tarjeta de Crédito,EJEC-014,Call Center,1547000.0,62,Rechazado,True
REC-11328,2026-07-19 21:43:00,21.289.228-0,Solicité el bloqueo de mi tarjeta por clonación y no se procesó a tiempo.,Tarjeta de Crédito,Tarjeta de Crédito,EJEC-004,Call Center,636000.0,586,Resuelto,True
REC-11329,2026-05-23 18:03:00,5.367.740-2,Solicité la cancelación del seguro de desgravamen y lo siguen cobrando.,Seguros,Seguros,EJEC-016,Call Center,2202000.0,299,Rechazado,True
REC-11330,2026-02-19 12:54:00,11.641.763-0,Se aplicó el cobro del seguro asociado al crédito dos veces en el mismo período.,Crédito Hipotecario,Crédito Hipotecario,EJEC-003,App Móvil,1743000.0,347,Rechazado,True
REC-11331,2026-02-13 17:48:00,23.760.785-2,Se aplicó el cobro del seguro asociado al crédito dos veces en el mismo período.,Crédito Hipotecario,Crédito Hipotecario,EJEC-008,Call Center,1892000.0,178,En Proceso,True
REC-11332,2026-07-04 18:02:00,18.319.206-2,La cuota cobrada este mes es mayor al dividendo pactado en el contrato inicial.,Crédito Consumo,Crédito Consumo,EJEC-002,Call Center,733000.0,444,Resuelto,True
REC-11333,2026-04-01 12:45:00,14.987.994-0,Tengo la cuenta bloqueada sin previo aviso y no puedo realizar giros.,Cuenta Corriente,Cuenta Corriente,EJEC-012,Sucursal,1361000.0,236,En Proceso,True
REC-11334,2026-02-19 00:47:00,7.581.486-2,Se aplicó el cobro del seguro asociado al crédito dos veces en el mismo período.,Crédito Hipotecario,Seguros,EJEC-019,Web,1931000.0,156,En Proceso,False
REC-11335,2026-03-03 18:58:00,21.631.282-2,Error en la reprogramación de cuotas solicitada el mes pasado.,Crédito Consumo,Inversiones / Fondos Mutuos,EJEC-020,Web,1686000.0,393,Resuelto,False
REC-11336,2026-03-16 23:26:00,25.158.973-2,El cajero automático no me entregó el dinero pero descontó el saldo de mi cuenta.,Cuenta Corriente,Crédito Consumo,EJEC-012,App Móvil,2072000.0,308,Rechazado,False
REC-11337,2026-03-22 04:10:00,17.845.327-1,Me cobraron una comisión por mantención que no corresponde a mi tarjeta.,Tarjeta de Crédito,Tarjeta de Crédito,EJEC-020,Call Center,1318000.0,171,Rechazado,True
REC-11338,2026-01-13 20:42:00,11.346.707-0,Demora en la liquidación del siniestro denunciado el mes anterior.,Seguros,Seguros,EJEC-007,App Móvil,1015000.0,375,Resuelto,True
REC-11339,2026-01-11 13:52:00,6.840.178-0,Demora excesiva en la constitución de un Depósito a Plazo desde la banca en línea.,Inversiones / Fondos Mutuos,Inversiones / Fondos Mutuos,EJEC-011,Call Center,243000.0,557,En Proceso,True
REC-11340,2026-07-19 18:51:00,21.108.110-1,Cobro injustificado de mantención de cuenta corriente contratada bajo plan coste cero.,Cuenta Corriente,Cuenta Corriente,EJEC-001,Web,840000.0,469,Resuelto,True
REC-11341,2026-05-21 04:21:00,24.636.113-1,Aumento no notificado en la prima mensual de la póliza de vida.,Seguros,Seguros,EJEC-016,Sucursal,1825000.0,167,Rechazado,True
REC-11342,2026-04-17 00:06:00,24.796.318-K,Descuento duplicado por planilla de la cuota del crédito automotriz / consumo.,Crédito Consumo,Crédito Consumo,EJEC-005,Web,195000.0,117,Resuelto,True
REC-11343,2026-05-15 21:49:00,23.393.211-2,El cajero automático no me entregó el dinero pero descontó el saldo de mi cuenta.,Cuenta Corriente,Cuenta Corriente,EJEC-016,Sucursal,2096000.0,187,En Proceso,True
REC-11344,2026-02-19 05:49:00,10.320.721-1,Aparece un consumo no reconocido realizado en el extranjero el fin de semana.,Tarjeta de Crédito,Tarjeta de Crédito,EJEC-011,Sucursal,1049000.0,139,En Proceso,True
REC-11345,2026-01-10 23:44:00,14.233.632-K,El seguro de fraude rechazó la cobertura sin dar explicaciones claras.,Seguros,Tarjeta de Crédito,EJEC-011,App Móvil,1233000.0,449,En Proceso,False
REC-11346,2026-04-22 01:34:00,21.810.198-0,Solicité la cancelación del seguro de desgravamen y lo siguen cobrando.,Seguros,Seguros,EJEC-001,Web,2360000.0,101,Rechazado,True
REC-11347,2026-02-22 12:19:00,17.507.722-0,No me han abonado los puntos ni las millas acumuladas de mi tarjeta.,Tarjeta de Crédito,Tarjeta de Crédito,EJEC-015,Web,804000.0,262,Resuelto,True
REC-11348,2026-02-14 07:27:00,13.448.464-0,El cobro del dividendo no reflejó el abono adicional abonado en ventanilla.,Crédito Hipotecario,Crédito Hipotecario,EJEC-014,Web,1216000.0,541,En Proceso,True
REC-11349,2026-07-15 19:09:00,25.246.736-1,Se ejecutó una orden de compra de acciones que no autoricé desde la app.,Inversiones / Fondos Mutuos,Inversiones / Fondos Mutuos,EJEC-002,Web,609000.0,50,Rechazado,True
REC-11350,2026-04-25 06:37:00,15.405.343-K,Cobro no autorizado de seguro de protección de tarjeta no contratado.,Seguros,Seguros,EJEC-017,App Móvil,1022000.0,262,Resuelto,True
REC-11351,2026-06-15 12:46:00,24.841.227-0,Me aplicaron intereses de mora a pesar de haber realizado el pago antes del vencimiento.,Tarjeta de Crédito,Tarjeta de Crédito,EJEC-001,Web,1271000.0,111,En Proceso,True
REC-11352,2026-03-15 19:35:00,10.116.831-K,Descuento duplicado por planilla de la cuota del crédito automotriz / consumo.,Crédito Consumo,Crédito Consumo,EJEC-013,Call Center,1918000.0,429,Rechazado,True
REC-11353,2026-03-17 18:51:00,25.719.877-K,Se duplicó el cobro de la última compra efectuada en el supermercado con la tarjeta.,Tarjeta de Crédito,Tarjeta de Crédito,EJEC-018,Sucursal,1450000.0,299,Resuelto,True
REC-11354,2026-03-26 19:17:00,8.401.121-2,Demora excesiva en la constitución de un Depósito a Plazo desde la banca en línea.,Inversiones / Fondos Mutuos,Inversiones / Fondos Mutuos,EJEC-007,App Móvil,2227000.0,155,Resuelto,True
REC-11355,2026-07-19 07:36:00,14.899.244-K,El cobro del dividendo no reflejó el abono adicional abonado en ventanilla.,Crédito Hipotecario,Crédito Hipotecario,EJEC-002,Call Center,1557000.0,68,Rechazado,True
REC-11356,2026-05-02 05:17:00,17.755.220-K,La tasa de interés aplicada en el dividendo no coincide con la firma de la escritura.,Crédito Hipotecario,Crédito Hipotecario,EJEC-006,App Móvil,777000.0,278,Rechazado,True
REC-11357,2026-06-05 07:31:00,15.786.778-2,Solicité la cancelación del seguro de desgravamen y lo siguen cobrando.,Seguros,Inversiones / Fondos Mutuos,EJEC-005,Web,2091000.0,336,Resuelto,False
REC-11358,2026-03-30 13:54:00,8.245.811-K,La cuota cobrada este mes es mayor al dividendo pactado en el contrato inicial.,Crédito Consumo,Crédito Consumo,EJEC-005,Call Center,1478000.0,412,Rechazado,True
REC-11359,2026-06-23 05:00:00,18.776.372-0,La rentabilidad reflejada en el cartola no cuadra con el saldo real.,Inversiones / Fondos Mutuos,Inversiones / Fondos Mutuos,EJEC-012,Call Center,1578000.0,266,Resuelto,True
REC-11360,2026-05-24 16:26:00,18.200.788-1,Cobro injustificado de mantención de cuenta corriente contratada bajo plan coste cero.,Cuenta Corriente,Cuenta Corriente,EJEC-019,Sucursal,2451000.0,168,En Proceso,True
REC-11361,2026-02-19 09:06:00,17.654.252-1,Se ejecutó una orden de compra de acciones que no autoricé desde la app.,Inversiones / Fondos Mutuos,Crédito Consumo,EJEC-002,Web,2082000.0,213,En Proceso,False
REC-11362,2026-07-12 07:38:00,5.106.783-K,La rentabilidad reflejada en el cartola no cuadra con el saldo real.,Inversiones / Fondos Mutuos,Crédito Hipotecario,EJEC-003,Web,296000.0,441,Rechazado,False
REC-11363,2026-02-21 02:33:00,7.784.297-2,Me cobraron una comisión por mantención que no corresponde a mi tarjeta.,Tarjeta de Crédito,Inversiones / Fondos Mutuos,EJEC-017,Web,1532000.0,330,Resuelto,False
REC-11364,2026-03-17 21:29:00,24.174.978-2,No me han abonado los puntos ni las millas acumuladas de mi tarjeta.,Tarjeta de Crédito,Tarjeta de Crédito,EJEC-006,App Móvil,2180000.0,498,Rechazado,True
REC-11365,2026-04-16 21:24:00,9.151.847-2,Cierre intempestivo de mi cuenta sin notificación formal por parte del banco.,Cuenta Corriente,Cuenta Corriente,EJEC-001,Call Center,1104000.0,333,En Proceso,True
REC-11366,2026-02-11 01:59:00,19.243.843-K,Problemas con la renovación de la póliza de seguro contra incendio en el dividendo.,Crédito Hipotecario,Crédito Hipotecario,EJEC-005,Sucursal,54000.0,139,Rechazado,True
REC-11367,2026-05-06 21:20:00,20.493.148-1,No se aplicó la exención tributaria pactada al momento de la inversión.,Inversiones / Fondos Mutuos,Tarjeta de Crédito,EJEC-009,Web,996000.0,581,Rechazado,False
REC-11368,2026-05-17 08:58:00,7.299.303-1,Aún no liberan el certificado de alzamiento de mi propiedad tras saldar la deuda.,Crédito Hipotecario,Crédito Hipotecario,EJEC-005,Sucursal,898000.0,220,Resuelto,True
REC-11369,2026-03-30 13:41:00,8.578.657-0,La tasa de interés aplicada en el dividendo no coincide con la firma de la escritura.,Crédito Hipotecario,Crédito Hipotecario,EJEC-006,Web,201000.0,212,Resuelto,True
REC-11370,2026-04-08 03:50:00,12.868.532-1,No se aplicó la exención tributaria pactada al momento de la inversión.,Inversiones / Fondos Mutuos,Inversiones / Fondos Mutuos,EJEC-015,Call Center,1368000.0,398,En Proceso,True
REC-11371,2026-02-01 06:29:00,11.558.176-2,No han enviado el certificado de prepago que solicité hace más de 15 días.,Crédito Consumo,Crédito Consumo,EJEC-006,Sucursal,124000.0,450,En Proceso,True
REC-11372,2026-05-11 01:28:00,8.541.382-2,Aparece un consumo no reconocido realizado en el extranjero el fin de semana.,Tarjeta de Crédito,Tarjeta de Crédito,EJEC-009,Web,999000.0,592,Resuelto,True
REC-11373,2026-02-06 15:48:00,20.783.625-1,Traté de realizar una transferencia por PAC y el sistema debitó dos veces el monto.,Cuenta Corriente,Cuenta Corriente,EJEC-006,Web,2196000.0,594,Resuelto,True
REC-11374,2026-01-27 21:26:00,11.367.631-K,Inconsistencia en el saldo contable tras realizar una transferencia bancaria.,Cuenta Corriente,Cuenta Corriente,EJEC-016,Call Center,588000.0,481,Resuelto,True
REC-11375,2026-05-19 08:17:00,8.968.627-1,No se aplicó la exención tributaria pactada al momento de la inversión.,Inversiones / Fondos Mutuos,Crédito Hipotecario,EJEC-001,Sucursal,576000.0,505,Rechazado,False
REC-11376,2026-01-06 16:49:00,23.657.836-K,Problemas con la renovación de la póliza de seguro contra incendio en el dividendo.,Crédito Hipotecario,Tarjeta de Crédito,EJEC-015,Call Center,1752000.0,457,En Proceso,False
REC-11377,2026-03-02 13:49:00,21.898.926-1,Solicité el bloqueo de mi tarjeta por clonación y no se procesó a tiempo.,Tarjeta de Crédito,Tarjeta de Crédito,EJEC-013,App Móvil,215000.0,220,Resuelto,True
REC-11378,2026-02-27 21:28:00,16.435.790-1,No me han abonado los puntos ni las millas acumuladas de mi tarjeta.,Tarjeta de Crédito,Tarjeta de Crédito,EJEC-012,Web,1944000.0,597,En Proceso,True
REC-11379,2026-01-27 23:26:00,13.514.683-1,El seguro de fraude rechazó la cobertura sin dar explicaciones claras.,Seguros,Seguros,EJEC-006,Web,2454000.0,187,En Proceso,True
REC-11380,2026-05-26 13:34:00,19.873.708-0,Demora excesiva en la constitución de un Depósito a Plazo desde la banca en línea.,Inversiones / Fondos Mutuos,Inversiones / Fondos Mutuos,EJEC-009,App Móvil,1078000.0,599,En Proceso,True
REC-11381,2026-07-20 18:39:00,5.262.229-0,La cuota cobrada este mes es mayor al dividendo pactado en el contrato inicial.,Crédito Consumo,Cuenta Corriente,EJEC-018,Call Center,2438000.0,301,Rechazado,False
REC-11382,2026-03-16 22:07:00,9.405.720-2,Cobro no autorizado de seguro de protección de tarjeta no contratado.,Seguros,Seguros,EJEC-003,Web,712000.0,507,Rechazado,True
REC-11383,2026-05-20 17:19:00,19.929.869-0,Demora en la liquidación del siniestro denunciado el mes anterior.,Seguros,Seguros,EJEC-012,App Móvil,592000.0,456,En Proceso,True
REC-11384,2026-04-10 16:18:00,11.652.887-1,Se duplicó el cobro de la última compra efectuada en el supermercado con la tarjeta.,Tarjeta de Crédito,Tarjeta de Crédito,EJEC-013,Web,2409000.0,110,Rechazado,True
REC-11385,2026-06-10 22:39:00,19.606.725-K,El cobro del dividendo no reflejó el abono adicional abonado en ventanilla.,Crédito Hipotecario,Crédito Hipotecario,EJEC-020,Call Center,1267000.0,202,Resuelto,True
REC-11386,2026-03-23 17:37:00,23.300.605-0,Cobro no autorizado de seguro de protección de tarjeta no contratado.,Seguros,Seguros,EJEC-017,Web,999000.0,235,Rechazado,True
REC-11387,2026-06-10 08:06:00,16.153.812-2,Me aplicaron intereses de mora a pesar de haber realizado el pago antes del vencimiento.,Tarjeta de Crédito,Crédito Hipotecario,EJEC-013,Call Center,1821000.0,384,Rechazado,False
REC-11388,2026-04-27 19:25:00,6.131.789-0,Me cobraron cobros excesivos por sobregiro cuando tenía saldo a favor.,Cuenta Corriente,Crédito Consumo,EJEC-011,Sucursal,674000.0,231,Rechazado,False
REC-11389,2026-04-11 15:43:00,23.503.300-1,Descuento duplicado por planilla de la cuota del crédito automotriz / consumo.,Crédito Consumo,Crédito Consumo,EJEC-008,App Móvil,1710000.0,320,En Proceso,True
REC-11390,2026-02-26 06:38:00,22.686.205-2,Aún no liberan el certificado de alzamiento de mi propiedad tras saldar la deuda.,Crédito Hipotecario,Crédito Hipotecario,EJEC-011,App Móvil,1335000.0,390,Rechazado,True
REC-11391,2026-05-04 06:04:00,15.498.271-1,El cobro del dividendo no reflejó el abono adicional abonado en ventanilla.,Crédito Hipotecario,Crédito Hipotecario,EJEC-008,Sucursal,1327000.0,423,Resuelto,True
REC-11392,2026-02-27 17:13:00,8.673.827-K,No han enviado el certificado de prepago que solicité hace más de 15 días.,Crédito Consumo,Crédito Consumo,EJEC-016,Sucursal,2391000.0,377,Resuelto,True
REC-11393,2026-06-06 10:56:00,20.891.796-2,Realicé el prepago total de mi crédito de consumo y aún figuro con deuda activa.,Crédito Consumo,Crédito Consumo,EJEC-010,Web,2195000.0,569,Rechazado,True
REC-11394,2026-01-20 03:51:00,20.713.595-1,Aparece un consumo no reconocido realizado en el extranjero el fin de semana.,Tarjeta de Crédito,Tarjeta de Crédito,EJEC-011,App Móvil,676000.0,83,Resuelto,True
REC-11395,2026-04-04 07:10:00,17.414.190-2,Me están aplicando intereses moratorios indebidos en mi cuota.,Crédito Consumo,Crédito Consumo,EJEC-011,App Móvil,273000.0,222,En Proceso,True
REC-11396,2026-06-08 07:19:00,18.587.845-0,Cobro injustificado de mantención de cuenta corriente contratada bajo plan coste cero.,Cuenta Corriente,Cuenta Corriente,EJEC-011,Web,45000.0,317,Resuelto,True
REC-11397,2026-06-28 21:57:00,8.390.888-0,No reconozco un cargo recurrente de una suscripción que cancelé hace meses.,Tarjeta de Crédito,Tarjeta de Crédito,EJEC-015,Call Center,1541000.0,169,Rechazado,True
REC-11398,2026-06-01 17:52:00,20.674.161-1,La tasa de interés aplicada en el dividendo no coincide con la firma de la escritura.,Crédito Hipotecario,Crédito Hipotecario,EJEC-005,App Móvil,2113000.0,584,Rechazado,True
REC-11399,2026-07-16 11:53:00,17.266.240-2,La rentabilidad reflejada en el cartola no cuadra con el saldo real.,Inversiones / Fondos Mutuos,Inversiones / Fondos Mutuos,EJEC-011,Call Center,1982000.0,505,Rechazado,True
REC-11400,2026-04-24 09:32:00,14.983.271-1,Problemas con la renovación de la póliza de seguro contra incendio en el dividendo.,Crédito Hipotecario,Crédito Hipotecario,EJEC-011,Sucursal,1356000.0,392,Rechazado,True
REC-11401,2026-05-31 14:24:00,16.915.987-2,Cobro no autorizado de seguro de protección de tarjeta no contratado.,Seguros,Seguros,EJEC-017,App Móvil,765000.0,166,Resuelto,True
REC-11402,2026-06-27 14:36:00,15.126.239-0,Me cobraron una comisión por mantención que no corresponde a mi tarjeta.,Tarjeta de Crédito,Tarjeta de Crédito,EJEC-010,Sucursal,1600000.0,282,Resuelto,True
REC-11403,2026-03-02 04:28:00,25.998.945-0,No han enviado el certificado de prepago que solicité hace más de 15 días.,Crédito Consumo,Crédito Consumo,EJEC-001,Sucursal,853000.0,79,Rechazado,True
REC-11404,2026-02-22 21:37:00,25.535.668-1,El seguro de fraude rechazó la cobertura sin dar explicaciones claras.,Seguros,Seguros,EJEC-010,Call Center,968000.0,547,Resuelto,True
REC-11405,2026-05-08 23:33:00,12.533.559-K,No han gestionado el reembolso médico ingresado hace un mes.,Seguros,Seguros,EJEC-005,Web,329000.0,572,Rechazado,True
REC-11406,2026-06-30 05:43:00,16.394.314-0,Cobro no informado de comisiones por rescate anticipado de la inversión.,Inversiones / Fondos Mutuos,Inversiones / Fondos Mutuos,EJEC-006,Web,1844000.0,239,Resuelto,True
REC-11407,2026-02-02 06:49:00,24.246.999-0,No han gestionado el reembolso médico ingresado hace un mes.,Seguros,Seguros,EJEC-002,Call Center,1847000.0,137,Rechazado,True
REC-11408,2026-03-04 14:10:00,13.601.263-1,Cobro no autorizado de seguro de protección de tarjeta no contratado.,Seguros,Seguros,EJEC-001,App Móvil,1919000.0,458,Rechazado,True
REC-11409,2026-06-30 02:58:00,19.281.905-1,Me están aplicando intereses moratorios indebidos en mi cuota.,Crédito Consumo,Crédito Consumo,EJEC-009,Sucursal,1407000.0,317,En Proceso,True
REC-11410,2026-02-04 12:56:00,9.983.684-0,Realicé el prepago total de mi crédito de consumo y aún figuro con deuda activa.,Crédito Consumo,Crédito Consumo,EJEC-017,Call Center,959000.0,291,Rechazado,True
REC-11411,2026-01-27 13:23:00,6.662.989-1,Aumento no notificado en la prima mensual de la póliza de vida.,Seguros,Crédito Hipotecario,EJEC-006,Web,1146000.0,265,Resuelto,False
REC-11412,2026-04-24 07:24:00,23.771.696-1,Solicité el bloqueo de mi tarjeta por clonación y no se procesó a tiempo.,Tarjeta de Crédito,Tarjeta de Crédito,EJEC-005,App Móvil,1854000.0,220,Resuelto,True
REC-11413,2026-07-07 14:34:00,15.773.974-0,No han gestionado el reembolso médico ingresado hace un mes.,Seguros,Seguros,EJEC-018,App Móvil,595000.0,215,En Proceso,True
REC-11414,2026-06-17 12:24:00,12.908.691-1,Descuento duplicado por planilla de la cuota del crédito automotriz / consumo.,Crédito Consumo,Crédito Hipotecario,EJEC-014,Web,1225000.0,519,Rechazado,False
REC-11415,2026-07-10 16:49:00,12.265.927-K,Realicé el prepago total de mi crédito de consumo y aún figuro con deuda activa.,Crédito Consumo,Seguros,EJEC-011,Sucursal,2164000.0,555,Rechazado,False
REC-11416,2026-07-03 03:58:00,10.557.718-K,Aparece un consumo no reconocido realizado en el extranjero el fin de semana.,Tarjeta de Crédito,Tarjeta de Crédito,EJEC-015,Web,409000.0,384,Resuelto,True
REC-11417,2026-06-20 20:20:00,19.877.639-K,El seguro de fraude rechazó la cobertura sin dar explicaciones claras.,Seguros,Seguros,EJEC-011,App Móvil,1451000.0,576,Resuelto,True
REC-11418,2026-02-03 05:05:00,5.931.791-0,Cobro injustificado de mantención de cuenta corriente contratada bajo plan coste cero.,Cuenta Corriente,Cuenta Corriente,EJEC-002,App Móvil,437000.0,90,En Proceso,True
REC-11419,2026-07-14 18:55:00,20.721.930-K,Demora excesiva en la constitución de un Depósito a Plazo desde la banca en línea.,Inversiones / Fondos Mutuos,Inversiones / Fondos Mutuos,EJEC-019,Call Center,877000.0,260,Rechazado,True
REC-11420,2026-07-09 12:42:00,21.465.289-1,Cobro no autorizado de seguro de protección de tarjeta no contratado.,Seguros,Seguros,EJEC-002,Web,509000.0,329,En Proceso,True
REC-11421,2026-03-02 13:14:00,25.183.934-2,No me han abonado los puntos ni las millas acumuladas de mi tarjeta.,Tarjeta de Crédito,Tarjeta de Crédito,EJEC-006,App Móvil,2181000.0,140,Resuelto,True
REC-11422,2026-07-19 05:05:00,25.691.271-2,El seguro de fraude rechazó la cobertura sin dar explicaciones claras.,Seguros,Seguros,EJEC-007,Call Center,697000.0,568,Resuelto,True
REC-11423,2026-01-15 20:53:00,11.105.690-K,La tasa de interés aplicada en el dividendo no coincide con la firma de la escritura.,Crédito Hipotecario,Crédito Hipotecario,EJEC-019,Call Center,237000.0,162,Resuelto,True
REC-11424,2026-04-12 01:39:00,25.254.849-1,Aparece un consumo no reconocido realizado en el extranjero el fin de semana.,Tarjeta de Crédito,Tarjeta de Crédito,EJEC-015,Call Center,1169000.0,187,Resuelto,True
REC-11425,2026-01-30 20:40:00,7.218.215-K,La tasa de interés aplicada en el dividendo no coincide con la firma de la escritura.,Crédito Hipotecario,Crédito Hipotecario,EJEC-006,Web,307000.0,77,En Proceso,True
REC-11426,2026-02-04 11:42:00,21.878.548-1,Inconsistencia en el saldo contable tras realizar una transferencia bancaria.,Cuenta Corriente,Cuenta Corriente,EJEC-007,Web,738000.0,242,En Proceso,True
REC-11427,2026-04-08 11:30:00,11.649.113-1,Problemas con la renovación de la póliza de seguro contra incendio en el dividendo.,Crédito Hipotecario,Crédito Consumo,EJEC-017,Web,378000.0,333,Resuelto,False
REC-11428,2026-01-26 03:04:00,14.123.908-K,Cobro no autorizado de seguro de protección de tarjeta no contratado.,Seguros,Seguros,EJEC-011,Web,1443000.0,379,Resuelto,True
REC-11429,2026-02-08 20:21:00,14.484.231-0,Cobro no informado de comisiones por rescate anticipado de la inversión.,Inversiones / Fondos Mutuos,Inversiones / Fondos Mutuos,EJEC-012,Sucursal,1805000.0,112,Rechazado,True
REC-11430,2026-07-08 22:21:00,5.924.319-2,Cobro injustificado de mantención de cuenta corriente contratada bajo plan coste cero.,Cuenta Corriente,Cuenta Corriente,EJEC-016,Web,1942000.0,279,En Proceso,True
REC-11431,2026-01-31 04:50:00,13.295.534-2,Se ejecutó una orden de compra de acciones que no autoricé desde la app.,Inversiones / Fondos Mutuos,Inversiones / Fondos Mutuos,EJEC-013,Sucursal,1908000.0,178,Resuelto,True
REC-11432,2026-01-07 08:51:00,7.860.897-1,Aparece un consumo no reconocido realizado en el extranjero el fin de semana.,Tarjeta de Crédito,Cuenta Corriente,EJEC-014,Web,908000.0,210,En Proceso,False
REC-11433,2026-03-01 19:01:00,20.384.161-1,Demora excesiva en la constitución de un Depósito a Plazo desde la banca en línea.,Inversiones / Fondos Mutuos,Inversiones / Fondos Mutuos,EJEC-003,Call Center,1068000.0,67,En Proceso,True
REC-11434,2026-02-28 04:26:00,9.980.388-0,No han enviado el certificado de prepago que solicité hace más de 15 días.,Crédito Consumo,Crédito Consumo,EJEC-006,Web,558000.0,337,Resuelto,True
REC-11435,2026-03-05 02:00:00,8.117.730-2,Retraso injustificado en el proceso de tasación para el crédito solicitado.,Crédito Hipotecario,Crédito Hipotecario,EJEC-015,Sucursal,1061000.0,360,Rechazado,True
REC-11436,2026-01-17 12:39:00,19.704.793-2,No han enviado el certificado de prepago que solicité hace más de 15 días.,Crédito Consumo,Crédito Consumo,EJEC-006,App Móvil,632000.0,153,Resuelto,True
REC-11437,2026-03-06 15:45:00,18.102.213-0,Solicité el rescate de mi fondo mutuo y el dinero no ha sido depositado.,Inversiones / Fondos Mutuos,Inversiones / Fondos Mutuos,EJEC-017,Web,102000.0,72,Rechazado,True
REC-11438,2026-04-16 18:54:00,12.202.560-K,La cuota cobrada este mes es mayor al dividendo pactado en el contrato inicial.,Crédito Consumo,Crédito Consumo,EJEC-014,Web,1363000.0,574,Resuelto,True
REC-11439,2026-07-06 22:52:00,16.558.209-1,Solicité el rescate de mi fondo mutuo y el dinero no ha sido depositado.,Inversiones / Fondos Mutuos,Tarjeta de Crédito,EJEC-011,Web,1161000.0,245,Rechazado,False
REC-11440,2026-01-11 13:56:00,19.204.352-0,Problemas con la renovación de la póliza de seguro contra incendio en el dividendo.,Crédito Hipotecario,Crédito Hipotecario,EJEC-003,Web,2033000.0,339,En Proceso,True
REC-11441,2026-05-16 09:24:00,20.407.304-K,Traté de realizar una transferencia por PAC y el sistema debitó dos veces el monto.,Cuenta Corriente,Cuenta Corriente,EJEC-001,Web,1415000.0,231,En Proceso,True
REC-11442,2026-05-17 18:01:00,16.557.536-K,Se ejecutó una orden de compra de acciones que no autoricé desde la app.,Inversiones / Fondos Mutuos,Inversiones / Fondos Mutuos,EJEC-007,Web,1405000.0,386,Resuelto,True
REC-11443,2026-06-21 06:50:00,24.512.260-K,Me están aplicando intereses moratorios indebidos en mi cuota.,Crédito Consumo,Inversiones / Fondos Mutuos,EJEC-005,Web,886000.0,110,Rechazado,False
REC-11444,2026-03-03 04:43:00,20.119.132-0,Me están aplicando intereses moratorios indebidos en mi cuota.,Crédito Consumo,Crédito Consumo,EJEC-004,Sucursal,2413000.0,70,Resuelto,True
REC-11445,2026-01-30 01:43:00,19.702.597-K,Solicité el bloqueo de mi tarjeta por clonación y no se procesó a tiempo.,Tarjeta de Crédito,Tarjeta de Crédito,EJEC-009,App Móvil,1362000.0,114,Rechazado,True
REC-11446,2026-05-25 23:53:00,25.813.376-0,Realicé el prepago total de mi crédito de consumo y aún figuro con deuda activa.,Crédito Consumo,Crédito Consumo,EJEC-003,Sucursal,1962000.0,88,En Proceso,True
REC-11447,2026-06-06 20:46:00,21.138.927-2,Cobro no autorizado de seguro de protección de tarjeta no contratado.,Seguros,Crédito Hipotecario,EJEC-020,Call Center,1599000.0,111,Resuelto,False
REC-11448,2026-04-29 20:08:00,19.801.223-K,El cobro del dividendo no reflejó el abono adicional abonado en ventanilla.,Crédito Hipotecario,Crédito Hipotecario,EJEC-010,Web,1030000.0,436,Resuelto,True
REC-11449,2026-02-08 07:22:00,20.393.150-K,El cobro del dividendo no reflejó el abono adicional abonado en ventanilla.,Crédito Hipotecario,Crédito Hipotecario,EJEC-008,App Móvil,1907000.0,492,Resuelto,True
REC-11450,2026-02-23 23:30:00,21.785.705-2,Demora excesiva en la constitución de un Depósito a Plazo desde la banca en línea.,Inversiones / Fondos Mutuos,Seguros,EJEC-015,Web,172000.0,315,Resuelto,False
REC-11451,2026-04-21 22:32:00,9.126.319-K,Se duplicó el cobro de la última compra efectuada en el supermercado con la tarjeta.,Tarjeta de Crédito,Tarjeta de Crédito,EJEC-018,App Móvil,269000.0,465,Resuelto,True
REC-11452,2026-02-10 22:33:00,5.745.922-2,No reconozco un cargo recurrente de una suscripción que cancelé hace meses.,Tarjeta de Crédito,Seguros,EJEC-003,App Móvil,927000.0,570,Rechazado,False
REC-11453,2026-05-10 19:57:00,19.250.214-0,La tasa de interés aplicada en el dividendo no coincide con la firma de la escritura.,Crédito Hipotecario,Crédito Hipotecario,EJEC-018,Sucursal,2320000.0,565,Resuelto,True
REC-11454,2026-01-19 18:39:00,17.366.411-1,Cobro injustificado de mantención de cuenta corriente contratada bajo plan coste cero.,Cuenta Corriente,Cuenta Corriente,EJEC-012,App Móvil,1430000.0,495,Rechazado,True
REC-11455,2026-04-06 14:56:00,5.652.276-0,Solicité el bloqueo de mi tarjeta por clonación y no se procesó a tiempo.,Tarjeta de Crédito,Tarjeta de Crédito,EJEC-014,Call Center,804000.0,140,Resuelto,True
REC-11456,2026-02-18 12:58:00,23.187.406-K,No reconozco un cargo recurrente de una suscripción que cancelé hace meses.,Tarjeta de Crédito,Tarjeta de Crédito,EJEC-003,App Móvil,1280000.0,556,Rechazado,True
REC-11457,2026-06-01 09:13:00,10.714.786-K,Demora excesiva en la constitución de un Depósito a Plazo desde la banca en línea.,Inversiones / Fondos Mutuos,Inversiones / Fondos Mutuos,EJEC-013,Call Center,1663000.0,96,En Proceso,True
REC-11458,2026-01-12 20:05:00,16.334.830-0,La cuota cobrada este mes es mayor al dividendo pactado en el contrato inicial.,Crédito Consumo,Crédito Consumo,EJEC-014,Web,890000.0,90,En Proceso,True
REC-11459,2026-05-22 21:55:00,12.281.599-2,Demora en la liquidación del siniestro denunciado el mes anterior.,Seguros,Seguros,EJEC-008,Sucursal,1809000.0,407,Resuelto,True
REC-11460,2026-07-19 15:42:00,23.917.979-K,Me cobraron cobros excesivos por sobregiro cuando tenía saldo a favor.,Cuenta Corriente,Cuenta Corriente,EJEC-020,Call Center,1757000.0,334,Rechazado,True
REC-11461,2026-04-07 13:05:00,22.354.837-2,La rentabilidad reflejada en el cartola no cuadra con el saldo real.,Inversiones / Fondos Mutuos,Inversiones / Fondos Mutuos,EJEC-015,Sucursal,383000.0,499,Resuelto,True
REC-11462,2026-02-09 19:08:00,15.204.495-1,Me cobraron cobros excesivos por sobregiro cuando tenía saldo a favor.,Cuenta Corriente,Cuenta Corriente,EJEC-008,Call Center,692000.0,173,Resuelto,True
REC-11463,2026-05-09 19:35:00,12.372.647-K,No se aplicó la exención tributaria pactada al momento de la inversión.,Inversiones / Fondos Mutuos,Inversiones / Fondos Mutuos,EJEC-020,Web,2201000.0,185,En Proceso,True
REC-11464,2026-04-12 16:22:00,9.870.639-K,Demora excesiva en la constitución de un Depósito a Plazo desde la banca en línea.,Inversiones / Fondos Mutuos,Inversiones / Fondos Mutuos,EJEC-001,Web,228000.0,120,Resuelto,True
REC-11465,2026-01-29 20:01:00,12.466.777-1,Cierre intempestivo de mi cuenta sin notificación formal por parte del banco.,Cuenta Corriente,Cuenta Corriente,EJEC-008,App Móvil,1190000.0,462,Resuelto,True
REC-11466,2026-03-29 06:22:00,12.144.360-2,Demora excesiva en la constitución de un Depósito a Plazo desde la banca en línea.,Inversiones / Fondos Mutuos,Inversiones / Fondos Mutuos,EJEC-011,Web,2275000.0,413,En Proceso,True
REC-11467,2026-07-12 10:18:00,20.248.368-0,Solicité el rescate de mi fondo mutuo y el dinero no ha sido depositado.,Inversiones / Fondos Mutuos,Inversiones / Fondos Mutuos,EJEC-002,App Móvil,1744000.0,325,Resuelto,True
REC-11468,2026-05-26 14:12:00,17.965.164-K,Aumento no notificado en la prima mensual de la póliza de vida.,Seguros,Tarjeta de Crédito,EJEC-017,App Móvil,1752000.0,596,Rechazado,False
REC-11469,2026-07-12 18:39:00,25.142.659-0,Retraso injustificado en el proceso de tasación para el crédito solicitado.,Crédito Hipotecario,Cuenta Corriente,EJEC-004,Sucursal,204000.0,322,En Proceso,False
REC-11470,2026-05-13 03:34:00,12.959.434-1,Problemas con la renovación de la póliza de seguro contra incendio en el dividendo.,Crédito Hipotecario,Crédito Hipotecario,EJEC-009,Call Center,1543000.0,596,Rechazado,True
REC-11471,2026-03-05 23:51:00,23.505.813-K,Descuento duplicado por planilla de la cuota del crédito automotriz / consumo.,Crédito Consumo,Crédito Consumo,EJEC-010,Web,822000.0,312,En Proceso,True
REC-11472,2026-06-18 01:40:00,8.227.728-1,Cobro no autorizado de seguro de protección de tarjeta no contratado.,Seguros,Seguros,EJEC-002,Call Center,2487000.0,297,Rechazado,True
REC-11473,2026-04-08 23:42:00,6.459.216-0,La tasa de interés aplicada en el dividendo no coincide con la firma de la escritura.,Crédito Hipotecario,Crédito Hipotecario,EJEC-002,App Móvil,2082000.0,595,Rechazado,True
REC-11474,2026-04-12 07:04:00,18.421.354-K,Demora en la liquidación del siniestro denunciado el mes anterior.,Seguros,Seguros,EJEC-017,Sucursal,822000.0,102,En Proceso,True
REC-11475,2026-05-05 00:15:00,6.125.708-2,Me cobraron cobros excesivos por sobregiro cuando tenía saldo a favor.,Cuenta Corriente,Cuenta Corriente,EJEC-019,Sucursal,451000.0,345,En Proceso,True
REC-11476,2026-04-07 23:17:00,13.904.858-K,Retraso injustificado en el proceso de tasación para el crédito solicitado.,Crédito Hipotecario,Crédito Hipotecario,EJEC-011,Call Center,659000.0,59,En Proceso,True
REC-11477,2026-03-22 14:27:00,16.601.874-K,Descuento duplicado por planilla de la cuota del crédito automotriz / consumo.,Crédito Consumo,Seguros,EJEC-015,Sucursal,1921000.0,271,Resuelto,False
REC-11478,2026-07-20 17:17:00,24.129.535-1,Cobro injustificado de mantención de cuenta corriente contratada bajo plan coste cero.,Cuenta Corriente,Cuenta Corriente,EJEC-009,Call Center,2190000.0,178,Rechazado,True
REC-11479,2026-02-17 14:17:00,15.817.396-0,No me han abonado los puntos ni las millas acumuladas de mi tarjeta.,Tarjeta de Crédito,Tarjeta de Crédito,EJEC-020,Sucursal,576000.0,99,Resuelto,True
REC-11480,2026-06-27 23:02:00,18.264.976-1,Aparece un consumo no reconocido realizado en el extranjero el fin de semana.,Tarjeta de Crédito,Tarjeta de Crédito,EJEC-006,Call Center,1073000.0,534,Rechazado,True
REC-11481,2026-06-18 16:10:00,14.510.237-2,Solicité el rescate de mi fondo mutuo y el dinero no ha sido depositado.,Inversiones / Fondos Mutuos,Inversiones / Fondos Mutuos,EJEC-004,Web,446000.0,147,Resuelto,True
REC-11482,2026-04-06 17:10:00,13.646.916-K,Me cobraron una comisión por mantención que no corresponde a mi tarjeta.,Tarjeta de Crédito,Tarjeta de Crédito,EJEC-018,Web,275000.0,573,En Proceso,True
REC-11483,2026-05-04 16:52:00,22.230.300-0,Inconsistencia en el saldo contable tras realizar una transferencia bancaria.,Cuenta Corriente,Cuenta Corriente,EJEC-012,Call Center,2327000.0,58,En Proceso,True
REC-11484,2026-04-25 04:36:00,18.911.369-1,Aumento no notificado en la prima mensual de la póliza de vida.,Seguros,Seguros,EJEC-004,App Móvil,138000.0,586,En Proceso,True
REC-11485,2026-02-28 16:20:00,15.333.540-2,Cobro no autorizado de seguro de protección de tarjeta no contratado.,Seguros,Seguros,EJEC-018,Web,1156000.0,403,Rechazado,True
REC-11486,2026-02-13 12:34:00,13.626.279-2,Traté de realizar una transferencia por PAC y el sistema debitó dos veces el monto.,Cuenta Corriente,Cuenta Corriente,EJEC-008,Sucursal,2197000.0,415,En Proceso,True
REC-11487,2026-01-13 01:04:00,18.360.412-2,Error en la reprogramación de cuotas solicitada el mes pasado.,Crédito Consumo,Crédito Consumo,EJEC-005,App Móvil,2115000.0,123,Resuelto,True
REC-11488,2026-02-05 06:36:00,9.830.558-2,Demora excesiva en la constitución de un Depósito a Plazo desde la banca en línea.,Inversiones / Fondos Mutuos,Inversiones / Fondos Mutuos,EJEC-016,Web,1130000.0,452,Resuelto,True
REC-11489,2026-03-04 22:40:00,14.760.756-1,Aún no liberan el certificado de alzamiento de mi propiedad tras saldar la deuda.,Crédito Hipotecario,Crédito Hipotecario,EJEC-018,Call Center,1714000.0,119,En Proceso,True
REC-11490,2026-04-01 00:25:00,25.655.162-0,La rentabilidad reflejada en el cartola no cuadra con el saldo real.,Inversiones / Fondos Mutuos,Tarjeta de Crédito,EJEC-009,Sucursal,1788000.0,244,Resuelto,False
REC-11491,2026-04-09 20:46:00,12.432.836-1,Descuento duplicado por planilla de la cuota del crédito automotriz / consumo.,Crédito Consumo,Crédito Hipotecario,EJEC-008,Sucursal,34000.0,151,Rechazado,False
REC-11492,2026-01-18 13:31:00,19.585.617-2,Solicité el rescate de mi fondo mutuo y el dinero no ha sido depositado.,Inversiones / Fondos Mutuos,Crédito Consumo,EJEC-006,Sucursal,639000.0,413,En Proceso,False
REC-11493,2026-03-09 14:35:00,6.945.644-1,Se ejecutó una orden de compra de acciones que no autoricé desde la app.,Inversiones / Fondos Mutuos,Inversiones / Fondos Mutuos,EJEC-016,App Móvil,1129000.0,154,Resuelto,True
REC-11494,2026-06-14 23:25:00,25.873.919-2,Cierre intempestivo de mi cuenta sin notificación formal por parte del banco.,Cuenta Corriente,Cuenta Corriente,EJEC-005,Call Center,2401000.0,569,Rechazado,True
REC-11495,2026-03-07 18:23:00,17.923.737-K,Demora excesiva en la constitución de un Depósito a Plazo desde la banca en línea.,Inversiones / Fondos Mutuos,Inversiones / Fondos Mutuos,EJEC-005,Web,769000.0,367,En Proceso,True
REC-11496,2026-05-29 23:59:00,9.957.590-0,Me están aplicando intereses moratorios indebidos en mi cuota.,Crédito Consumo,Crédito Consumo,EJEC-009,Call Center,585000.0,136,Rechazado,True
REC-11497,2026-06-03 18:26:00,17.827.358-1,Realicé el prepago total de mi crédito de consumo y aún figuro con deuda activa.,Crédito Consumo,Seguros,EJEC-008,Call Center,411000.0,286,Resuelto,False
REC-11498,2026-05-26 03:31:00,9.215.761-K,No me han abonado los puntos ni las millas acumuladas de mi tarjeta.,Tarjeta de Crédito,Crédito Consumo,EJEC-019,App Móvil,2459000.0,574,Rechazado,False
REC-11499,2026-01-13 19:43:00,22.317.271-1,Me cobraron una comisión por mantención que no corresponde a mi tarjeta.,Tarjeta de Crédito,Tarjeta de Crédito,EJEC-001,App Móvil,579000.0,47,Resuelto,True
REC-11500,2026-01-17 23:36:00,21.495.572-K,La tasa de interés aplicada en el dividendo no coincide con la firma de la escritura.,Crédito Hipotecario,Crédito Hipotecario,EJEC-001,Call Center,1789000.0,169,Resuelto,True
REC-11501,2026-05-21 02:51:00,14.293.481-K,Solicité el bloqueo de mi tarjeta por clonación y no se procesó a tiempo.,Tarjeta de Crédito,Tarjeta de Crédito,EJEC-008,Sucursal,2322000.0,294,Rechazado,True
REC-11502,2026-01-22 20:07:00,21.873.148-K,Me están aplicando intereses moratorios indebidos en mi cuota.,Crédito Consumo,Crédito Consumo,EJEC-018,App Móvil,491000.0,361,En Proceso,True
REC-11503,2026-05-31 10:47:00,8.135.103-1,El seguro de fraude rechazó la cobertura sin dar explicaciones claras.,Seguros,Seguros,EJEC-013,App Móvil,14000.0,330,En Proceso,True
REC-11504,2026-07-10 20:04:00,17.548.954-0,La cuota cobrada este mes es mayor al dividendo pactado en el contrato inicial.,Crédito Consumo,Tarjeta de Crédito,EJEC-014,Call Center,2431000.0,444,En Proceso,False
REC-11505,2026-03-10 03:08:00,7.113.762-K,No han enviado el certificado de prepago que solicité hace más de 15 días.,Crédito Consumo,Tarjeta de Crédito,EJEC-008,Sucursal,9000.0,502,Rechazado,False
REC-11506,2026-03-24 03:25:00,17.728.937-2,La rentabilidad reflejada en el cartola no cuadra con el saldo real.,Inversiones / Fondos Mutuos,Inversiones / Fondos Mutuos,EJEC-020,Web,921000.0,244,En Proceso,True
REC-11507,2026-04-18 18:42:00,11.401.667-1,El cobro del dividendo no reflejó el abono adicional abonado en ventanilla.,Crédito Hipotecario,Crédito Hipotecario,EJEC-019,Call Center,402000.0,515,Resuelto,True
REC-11508,2026-05-16 07:59:00,22.543.671-0,El cobro del dividendo no reflejó el abono adicional abonado en ventanilla.,Crédito Hipotecario,Inversiones / Fondos Mutuos,EJEC-020,Web,913000.0,424,Rechazado,False
REC-11509,2026-04-20 06:09:00,16.564.964-0,La rentabilidad reflejada en el cartola no cuadra con el saldo real.,Inversiones / Fondos Mutuos,Tarjeta de Crédito,EJEC-020,App Móvil,321000.0,134,Resuelto,False
REC-11510,2026-04-21 23:56:00,16.565.969-1,La tasa de interés aplicada en el dividendo no coincide con la firma de la escritura.,Crédito Hipotecario,Crédito Hipotecario,EJEC-003,Web,1904000.0,422,Resuelto,True
REC-11511,2026-01-19 15:44:00,16.443.622-2,No me han abonado los puntos ni las millas acumuladas de mi tarjeta.,Tarjeta de Crédito,Tarjeta de Crédito,EJEC-010,Web,1679000.0,186,En Proceso,True
REC-11512,2026-03-17 13:08:00,24.289.902-0,Se duplicó el cobro de la última compra efectuada en el supermercado con la tarjeta.,Tarjeta de Crédito,Tarjeta de Crédito,EJEC-018,App Móvil,704000.0,457,Resuelto,True
REC-11513,2026-04-22 09:05:00,10.266.244-K,Descuento duplicado por planilla de la cuota del crédito automotriz / consumo.,Crédito Consumo,Crédito Consumo,EJEC-015,Web,2029000.0,315,Rechazado,True
REC-11514,2026-07-07 12:30:00,13.235.207-2,No han gestionado el reembolso médico ingresado hace un mes.,Seguros,Seguros,EJEC-002,Sucursal,1091000.0,562,Resuelto,True
REC-11515,2026-01-01 19:43:00,9.229.964-2,La tasa de interés aplicada en el dividendo no coincide con la firma de la escritura.,Crédito Hipotecario,Crédito Hipotecario,EJEC-001,Web,163000.0,453,Resuelto,True
REC-11516,2026-06-30 11:40:00,18.381.154-K,El cajero automático no me entregó el dinero pero descontó el saldo de mi cuenta.,Cuenta Corriente,Crédito Hipotecario,EJEC-016,App Móvil,1260000.0,380,Rechazado,False
REC-11517,2026-03-13 00:10:00,6.191.597-1,Cierre intempestivo de mi cuenta sin notificación formal por parte del banco.,Cuenta Corriente,Cuenta Corriente,EJEC-015,App Móvil,230000.0,474,Resuelto,True
REC-11518,2026-04-10 18:30:00,16.106.593-0,No reconozco un cargo recurrente de una suscripción que cancelé hace meses.,Tarjeta de Crédito,Tarjeta de Crédito,EJEC-018,Web,233000.0,425,Resuelto,True
REC-11519,2026-06-06 06:04:00,19.926.211-0,Realicé el prepago total de mi crédito de consumo y aún figuro con deuda activa.,Crédito Consumo,Crédito Consumo,EJEC-002,Sucursal,572000.0,496,Resuelto,True
REC-11520,2026-05-26 04:38:00,11.144.133-K,No reconozco un cargo recurrente de una suscripción que cancelé hace meses.,Tarjeta de Crédito,Tarjeta de Crédito,EJEC-011,Web,16000.0,540,En Proceso,True
REC-11521,2026-06-29 22:18:00,7.998.616-2,No se aplicó la exención tributaria pactada al momento de la inversión.,Inversiones / Fondos Mutuos,Inversiones / Fondos Mutuos,EJEC-010,App Móvil,2028000.0,189,Rechazado,True
REC-11522,2026-05-14 15:59:00,18.707.668-1,Se aplicó el cobro del seguro asociado al crédito dos veces en el mismo período.,Crédito Hipotecario,Crédito Hipotecario,EJEC-009,Sucursal,2392000.0,163,En Proceso,True
REC-11523,2026-07-07 03:00:00,24.912.838-1,Aún no liberan el certificado de alzamiento de mi propiedad tras saldar la deuda.,Crédito Hipotecario,Crédito Hipotecario,EJEC-018,Web,537000.0,117,Resuelto,True
REC-11524,2026-03-08 11:20:00,6.257.460-K,Cierre intempestivo de mi cuenta sin notificación formal por parte del banco.,Cuenta Corriente,Cuenta Corriente,EJEC-015,Sucursal,537000.0,413,En Proceso,True
REC-11525,2026-03-07 17:53:00,12.445.992-1,El cobro del dividendo no reflejó el abono adicional abonado en ventanilla.,Crédito Hipotecario,Crédito Hipotecario,EJEC-009,Call Center,102000.0,484,En Proceso,True
REC-11526,2026-02-19 20:04:00,22.324.834-2,Descuento duplicado por planilla de la cuota del crédito automotriz / consumo.,Crédito Consumo,Crédito Consumo,EJEC-018,Sucursal,2419000.0,370,Resuelto,True
REC-11527,2026-04-08 21:31:00,14.515.241-0,No han enviado el certificado de prepago que solicité hace más de 15 días.,Crédito Consumo,Crédito Consumo,EJEC-015,Sucursal,1763000.0,447,En Proceso,True
REC-11528,2026-04-25 21:09:00,15.460.181-2,Aún no liberan el certificado de alzamiento de mi propiedad tras saldar la deuda.,Crédito Hipotecario,Crédito Hipotecario,EJEC-006,Web,1487000.0,598,En Proceso,True
REC-11529,2026-07-16 11:04:00,8.143.605-2,El seguro de fraude rechazó la cobertura sin dar explicaciones claras.,Seguros,Seguros,EJEC-020,Web,2224000.0,147,Resuelto,True
REC-11530,2026-01-26 15:47:00,21.497.197-0,Me cobraron cobros excesivos por sobregiro cuando tenía saldo a favor.,Cuenta Corriente,Cuenta Corriente,EJEC-015,Call Center,140000.0,226,Resuelto,True
REC-11531,2026-06-12 00:48:00,17.834.735-2,Me cobraron cobros excesivos por sobregiro cuando tenía saldo a favor.,Cuenta Corriente,Cuenta Corriente,EJEC-009,Web,1708000.0,45,Resuelto,True
REC-11532,2026-06-20 04:36:00,10.548.421-2,Me cobraron una comisión por mantención que no corresponde a mi tarjeta.,Tarjeta de Crédito,Tarjeta de Crédito,EJEC-014,Web,202000.0,158,En Proceso,True
REC-11533,2026-02-24 06:14:00,16.917.770-2,Problemas con la renovación de la póliza de seguro contra incendio en el dividendo.,Crédito Hipotecario,Crédito Consumo,EJEC-002,Call Center,710000.0,549,Resuelto,False
REC-11534,2026-07-15 15:07:00,11.964.232-K,Demora excesiva en la constitución de un Depósito a Plazo desde la banca en línea.,Inversiones / Fondos Mutuos,Inversiones / Fondos Mutuos,EJEC-012,Sucursal,1612000.0,281,Rechazado,True
REC-11535,2026-07-12 02:14:00,6.109.502-2,Cobro no autorizado de seguro de protección de tarjeta no contratado.,Seguros,Seguros,EJEC-010,Web,512000.0,166,Resuelto,True
REC-11536,2026-03-13 11:53:00,9.132.999-1,La tasa de interés aplicada en el dividendo no coincide con la firma de la escritura.,Crédito Hipotecario,Crédito Hipotecario,EJEC-010,Web,185000.0,352,Rechazado,True
REC-11537,2026-06-07 03:12:00,12.769.444-1,Se ejecutó una orden de compra de acciones que no autoricé desde la app.,Inversiones / Fondos Mutuos,Inversiones / Fondos Mutuos,EJEC-008,Sucursal,1717000.0,393,Resuelto,True
REC-11538,2026-01-12 12:20:00,17.172.134-0,Retraso injustificado en el proceso de tasación para el crédito solicitado.,Crédito Hipotecario,Crédito Hipotecario,EJEC-019,Web,1612000.0,452,Rechazado,True
REC-11539,2026-04-20 18:41:00,6.175.659-K,Aumento no notificado en la prima mensual de la póliza de vida.,Seguros,Seguros,EJEC-002,App Móvil,2490000.0,557,En Proceso,True
REC-11540,2026-06-27 23:13:00,9.833.323-1,Se ejecutó una orden de compra de acciones que no autoricé desde la app.,Inversiones / Fondos Mutuos,Inversiones / Fondos Mutuos,EJEC-012,App Móvil,56000.0,447,En Proceso,True
REC-11541,2026-04-28 12:52:00,10.442.435-0,El cajero automático no me entregó el dinero pero descontó el saldo de mi cuenta.,Cuenta Corriente,Cuenta Corriente,EJEC-001,Web,1236000.0,433,En Proceso,True
REC-11542,2026-03-07 04:26:00,17.288.392-0,El cobro del dividendo no reflejó el abono adicional abonado en ventanilla.,Crédito Hipotecario,Crédito Hipotecario,EJEC-019,Web,1571000.0,198,Resuelto,True
REC-11543,2026-02-26 10:30:00,15.976.197-0,Me aplicaron intereses de mora a pesar de haber realizado el pago antes del vencimiento.,Tarjeta de Crédito,Tarjeta de Crédito,EJEC-019,Web,1610000.0,476,Rechazado,True
REC-11544,2026-01-12 12:09:00,12.105.752-K,Se ejecutó una orden de compra de acciones que no autoricé desde la app.,Inversiones / Fondos Mutuos,Inversiones / Fondos Mutuos,EJEC-005,Web,226000.0,447,En Proceso,True
REC-11545,2026-02-26 04:38:00,24.106.388-2,Se aplicó el cobro del seguro asociado al crédito dos veces en el mismo período.,Crédito Hipotecario,Crédito Hipotecario,EJEC-019,Call Center,812000.0,235,Resuelto,True
REC-11546,2026-02-13 20:15:00,23.889.533-2,Tengo la cuenta bloqueada sin previo aviso y no puedo realizar giros.,Cuenta Corriente,Cuenta Corriente,EJEC-008,Call Center,1679000.0,228,Resuelto,True
REC-11547,2026-06-27 04:49:00,19.478.462-1,Solicité el bloqueo de mi tarjeta por clonación y no se procesó a tiempo.,Tarjeta de Crédito,Tarjeta de Crédito,EJEC-015,Web,1739000.0,174,Resuelto,True
REC-11548,2026-04-24 03:54:00,7.920.452-1,Cierre intempestivo de mi cuenta sin notificación formal por parte del banco.,Cuenta Corriente,Cuenta Corriente,EJEC-001,App Móvil,477000.0,217,Resuelto,True
REC-11549,2026-06-15 20:45:00,10.169.461-0,Demora excesiva en la constitución de un Depósito a Plazo desde la banca en línea.,Inversiones / Fondos Mutuos,Tarjeta de Crédito,EJEC-012,Web,1087000.0,159,Rechazado,False
REC-11550,2026-04-22 07:13:00,22.480.440-0,Cobro no autorizado de seguro de protección de tarjeta no contratado.,Seguros,Inversiones / Fondos Mutuos,EJEC-015,Call Center,423000.0,141,En Proceso,False
REC-11551,2026-05-23 17:38:00,6.825.151-2,Tengo la cuenta bloqueada sin previo aviso y no puedo realizar giros.,Cuenta Corriente,Cuenta Corriente,EJEC-020,App Móvil,173000.0,429,Rechazado,True
REC-11552,2026-02-09 17:21:00,23.591.276-2,No han enviado el certificado de prepago que solicité hace más de 15 días.,Crédito Consumo,Tarjeta de Crédito,EJEC-017,App Móvil,424000.0,533,Resuelto,False
REC-11553,2026-01-01 01:50:00,10.664.318-2,Cobro no informado de comisiones por rescate anticipado de la inversión.,Inversiones / Fondos Mutuos,Inversiones / Fondos Mutuos,EJEC-008,App Móvil,1658000.0,204,Resuelto,True
REC-11554,2026-03-06 03:01:00,13.385.598-2,Solicité la cancelación del seguro de desgravamen y lo siguen cobrando.,Seguros,Seguros,EJEC-017,Web,170000.0,413,Rechazado,True
REC-11555,2026-06-04 06:41:00,5.789.229-0,Traté de realizar una transferencia por PAC y el sistema debitó dos veces el monto.,Cuenta Corriente,Cuenta Corriente,EJEC-002,Sucursal,2343000.0,197,Resuelto,True
REC-11556,2026-02-03 04:27:00,19.609.467-1,El seguro de fraude rechazó la cobertura sin dar explicaciones claras.,Seguros,Seguros,EJEC-007,Web,2247000.0,178,Rechazado,True
REC-11557,2026-01-24 14:15:00,15.148.516-2,Aún no liberan el certificado de alzamiento de mi propiedad tras saldar la deuda.,Crédito Hipotecario,Crédito Hipotecario,EJEC-002,Sucursal,1790000.0,281,En Proceso,True
REC-11558,2026-04-27 15:41:00,16.507.698-0,Demora excesiva en la constitución de un Depósito a Plazo desde la banca en línea.,Inversiones / Fondos Mutuos,Inversiones / Fondos Mutuos,EJEC-003,Web,1631000.0,136,En Proceso,True
REC-11559,2026-06-24 23:24:00,7.580.405-K,Solicité el rescate de mi fondo mutuo y el dinero no ha sido depositado.,Inversiones / Fondos Mutuos,Cuenta Corriente,EJEC-019,App Móvil,303000.0,74,En Proceso,False
REC-11560,2026-03-05 18:28:00,13.168.734-K,Aún no liberan el certificado de alzamiento de mi propiedad tras saldar la deuda.,Crédito Hipotecario,Crédito Hipotecario,EJEC-003,App Móvil,2348000.0,474,En Proceso,True
REC-11561,2026-01-04 17:06:00,6.475.515-2,Retraso injustificado en el proceso de tasación para el crédito solicitado.,Crédito Hipotecario,Crédito Hipotecario,EJEC-002,Call Center,589000.0,448,Resuelto,True
REC-11562,2026-01-22 19:28:00,21.923.503-2,La cuota cobrada este mes es mayor al dividendo pactado en el contrato inicial.,Crédito Consumo,Crédito Consumo,EJEC-010,Sucursal,755000.0,82,En Proceso,True
REC-11563,2026-04-21 13:21:00,11.801.413-1,Solicité la cancelación del seguro de desgravamen y lo siguen cobrando.,Seguros,Seguros,EJEC-012,Web,759000.0,430,Resuelto,True
REC-11564,2026-04-27 06:28:00,9.966.272-K,Tengo la cuenta bloqueada sin previo aviso y no puedo realizar giros.,Cuenta Corriente,Tarjeta de Crédito,EJEC-003,Sucursal,2422000.0,306,Resuelto,False
REC-11565,2026-04-16 22:42:00,9.948.856-2,Cobro no autorizado de seguro de protección de tarjeta no contratado.,Seguros,Seguros,EJEC-009,App Móvil,258000.0,572,Rechazado,True
REC-11566,2026-06-12 01:20:00,22.852.604-0,Cobro no autorizado de seguro de protección de tarjeta no contratado.,Seguros,Cuenta Corriente,EJEC-008,Sucursal,2269000.0,131,Rechazado,False
REC-11567,2026-06-03 19:29:00,17.369.325-1,Se ejecutó una orden de compra de acciones que no autoricé desde la app.,Inversiones / Fondos Mutuos,Inversiones / Fondos Mutuos,EJEC-005,Sucursal,2368000.0,236,En Proceso,True
REC-11568,2026-06-20 01:57:00,16.644.341-1,Me cobraron cobros excesivos por sobregiro cuando tenía saldo a favor.,Cuenta Corriente,Tarjeta de Crédito,EJEC-008,Web,201000.0,419,Rechazado,False
REC-11569,2026-05-16 17:02:00,17.128.482-2,Me están aplicando intereses moratorios indebidos en mi cuota.,Crédito Consumo,Crédito Consumo,EJEC-013,Sucursal,1251000.0,509,En Proceso,True
REC-11570,2026-05-31 09:09:00,25.443.304-2,Tengo la cuenta bloqueada sin previo aviso y no puedo realizar giros.,Cuenta Corriente,Cuenta Corriente,EJEC-016,Sucursal,986000.0,559,En Proceso,True
REC-11571,2026-01-17 14:42:00,11.387.229-0,Me cobraron cobros excesivos por sobregiro cuando tenía saldo a favor.,Cuenta Corriente,Cuenta Corriente,EJEC-001,Web,1434000.0,358,Rechazado,True
REC-11572,2026-01-23 11:39:00,10.878.508-1,No han enviado el certificado de prepago que solicité hace más de 15 días.,Crédito Consumo,Crédito Consumo,EJEC-013,Sucursal,2111000.0,231,Resuelto,True
REC-11573,2026-03-03 00:27:00,19.990.382-1,Me cobraron cobros excesivos por sobregiro cuando tenía saldo a favor.,Cuenta Corriente,Cuenta Corriente,EJEC-019,Web,668000.0,439,Resuelto,True
REC-11574,2026-03-15 01:47:00,13.766.657-1,Cobro injustificado de mantención de cuenta corriente contratada bajo plan coste cero.,Cuenta Corriente,Inversiones / Fondos Mutuos,EJEC-004,Sucursal,1943000.0,361,Resuelto,False
REC-11575,2026-07-03 01:54:00,19.680.522-1,Aumento no notificado en la prima mensual de la póliza de vida.,Seguros,Seguros,EJEC-001,Web,1338000.0,169,En Proceso,True
REC-11576,2026-05-16 12:09:00,10.245.223-0,Error en la reprogramación de cuotas solicitada el mes pasado.,Crédito Consumo,Crédito Consumo,EJEC-003,Sucursal,799000.0,259,En Proceso,True
REC-11577,2026-06-18 09:32:00,10.543.617-K,No han enviado el certificado de prepago que solicité hace más de 15 días.,Crédito Consumo,Inversiones / Fondos Mutuos,EJEC-002,Web,1246000.0,212,Rechazado,False
REC-11578,2026-06-23 00:51:00,21.520.915-2,Solicité la cancelación del seguro de desgravamen y lo siguen cobrando.,Seguros,Seguros,EJEC-015,Call Center,1135000.0,485,En Proceso,True
REC-11579,2026-06-24 11:03:00,18.292.299-K,Me cobraron una comisión por mantención que no corresponde a mi tarjeta.,Tarjeta de Crédito,Tarjeta de Crédito,EJEC-002,Web,2313000.0,410,Resuelto,True
REC-11580,2026-04-23 18:19:00,7.125.476-2,Cobro no autorizado de seguro de protección de tarjeta no contratado.,Seguros,Seguros,EJEC-002,Web,68000.0,200,En Proceso,True
REC-11581,2026-06-24 06:04:00,9.167.416-1,Me están aplicando intereses moratorios indebidos en mi cuota.,Crédito Consumo,Crédito Consumo,EJEC-007,Web,1066000.0,353,Resuelto,True
REC-11582,2026-05-27 23:37:00,8.887.322-K,No se aplicó la exención tributaria pactada al momento de la inversión.,Inversiones / Fondos Mutuos,Inversiones / Fondos Mutuos,EJEC-016,App Móvil,2272000.0,248,Resuelto,True
REC-11583,2026-02-20 12:54:00,24.454.459-1,La rentabilidad reflejada en el cartola no cuadra con el saldo real.,Inversiones / Fondos Mutuos,Inversiones / Fondos Mutuos,EJEC-001,App Móvil,1441000.0,541,Resuelto,True
REC-11584,2026-03-30 04:21:00,16.730.460-1,El cajero automático no me entregó el dinero pero descontó el saldo de mi cuenta.,Cuenta Corriente,Cuenta Corriente,EJEC-015,App Móvil,1750000.0,239,Rechazado,True
REC-11585,2026-06-04 20:45:00,10.101.394-2,Problemas con la renovación de la póliza de seguro contra incendio en el dividendo.,Crédito Hipotecario,Crédito Hipotecario,EJEC-008,Sucursal,568000.0,277,En Proceso,True
REC-11586,2026-04-20 02:58:00,21.458.135-K,La tasa de interés aplicada en el dividendo no coincide con la firma de la escritura.,Crédito Hipotecario,Seguros,EJEC-015,Web,1281000.0,443,Rechazado,False
REC-11587,2026-05-08 04:07:00,21.926.262-1,La tasa de interés aplicada en el dividendo no coincide con la firma de la escritura.,Crédito Hipotecario,Crédito Hipotecario,EJEC-016,Web,394000.0,147,En Proceso,True
REC-11588,2026-06-15 18:53:00,12.671.794-1,El seguro de fraude rechazó la cobertura sin dar explicaciones claras.,Seguros,Crédito Hipotecario,EJEC-014,Sucursal,1338000.0,309,En Proceso,False
REC-11589,2026-05-03 06:50:00,15.553.871-2,El cajero automático no me entregó el dinero pero descontó el saldo de mi cuenta.,Cuenta Corriente,Cuenta Corriente,EJEC-007,App Móvil,358000.0,210,Rechazado,True
REC-11590,2026-05-11 00:34:00,25.208.872-2,Realicé el prepago total de mi crédito de consumo y aún figuro con deuda activa.,Crédito Consumo,Crédito Consumo,EJEC-019,App Móvil,1795000.0,233,Resuelto,True
REC-11591,2026-07-07 12:04:00,17.158.486-1,Se ejecutó una orden de compra de acciones que no autoricé desde la app.,Inversiones / Fondos Mutuos,Inversiones / Fondos Mutuos,EJEC-002,Call Center,609000.0,535,Resuelto,True
REC-11592,2026-01-18 22:06:00,8.644.156-2,Problemas con la renovación de la póliza de seguro contra incendio en el dividendo.,Crédito Hipotecario,Crédito Hipotecario,EJEC-009,Web,2070000.0,51,En Proceso,True
REC-11593,2026-06-21 10:45:00,12.977.672-2,Me aplicaron intereses de mora a pesar de haber realizado el pago antes del vencimiento.,Tarjeta de Crédito,Tarjeta de Crédito,EJEC-005,Web,2222000.0,118,Resuelto,True
REC-11594,2026-07-18 13:09:00,10.510.776-0,Se ejecutó una orden de compra de acciones que no autoricé desde la app.,Inversiones / Fondos Mutuos,Inversiones / Fondos Mutuos,EJEC-008,Call Center,1644000.0,440,Resuelto,True
REC-11595,2026-03-22 09:26:00,20.146.470-2,Descuento duplicado por planilla de la cuota del crédito automotriz / consumo.,Crédito Consumo,Crédito Consumo,EJEC-006,Web,924000.0,483,Rechazado,True
REC-11596,2026-03-10 02:27:00,7.679.884-2,Me están aplicando intereses moratorios indebidos en mi cuota.,Crédito Consumo,Crédito Consumo,EJEC-019,Web,1443000.0,429,Rechazado,True
REC-11597,2026-02-24 20:10:00,15.561.660-K,Realicé el prepago total de mi crédito de consumo y aún figuro con deuda activa.,Crédito Consumo,Crédito Consumo,EJEC-001,App Móvil,50000.0,217,En Proceso,True
REC-11598,2026-02-10 22:45:00,5.172.737-K,Aparece un consumo no reconocido realizado en el extranjero el fin de semana.,Tarjeta de Crédito,Tarjeta de Crédito,EJEC-003,App Móvil,772000.0,251,Rechazado,True
REC-11599,2026-03-04 14:40:00,24.513.573-K,La tasa de interés aplicada en el dividendo no coincide con la firma de la escritura.,Crédito Hipotecario,Crédito Hipotecario,EJEC-017,Call Center,543000.0,213,En Proceso,True
REC-11600,2026-05-06 16:30:00,12.181.917-1,Tengo la cuenta bloqueada sin previo aviso y no puedo realizar giros.,Cuenta Corriente,Cuenta Corriente,EJEC-001,Call Center,2398000.0,588,Rechazado,True
REC-11601,2026-06-09 16:13:00,25.657.530-2,Cobro injustificado de mantención de cuenta corriente contratada bajo plan coste cero.,Cuenta Corriente,Cuenta Corriente,EJEC-007,Sucursal,512000.0,138,Rechazado,True
REC-11602,2026-07-17 13:02:00,15.416.292-0,No se aplicó la exención tributaria pactada al momento de la inversión.,Inversiones / Fondos Mutuos,Inversiones / Fondos Mutuos,EJEC-019,Sucursal,458000.0,172,Resuelto,True
REC-11603,2026-01-12 05:24:00,8.700.170-2,No reconozco un cargo recurrente de una suscripción que cancelé hace meses.,Tarjeta de Crédito,Tarjeta de Crédito,EJEC-013,Sucursal,2483000.0,512,En Proceso,True
REC-11604,2026-05-03 00:14:00,6.101.243-K,La rentabilidad reflejada en el cartola no cuadra con el saldo real.,Inversiones / Fondos Mutuos,Inversiones / Fondos Mutuos,EJEC-010,Call Center,1244000.0,349,Rechazado,True
REC-11605,2026-04-25 20:14:00,19.416.191-K,Tengo la cuenta bloqueada sin previo aviso y no puedo realizar giros.,Cuenta Corriente,Inversiones / Fondos Mutuos,EJEC-002,Sucursal,2145000.0,78,Resuelto,False
REC-11606,2026-04-15 08:20:00,16.422.815-1,Aún no liberan el certificado de alzamiento de mi propiedad tras saldar la deuda.,Crédito Hipotecario,Crédito Hipotecario,EJEC-013,Sucursal,1415000.0,235,En Proceso,True
REC-11607,2026-04-23 02:41:00,8.750.679-2,Inconsistencia en el saldo contable tras realizar una transferencia bancaria.,Cuenta Corriente,Cuenta Corriente,EJEC-008,Sucursal,519000.0,424,Rechazado,True
REC-11608,2026-04-30 00:16:00,10.476.458-0,Inconsistencia en el saldo contable tras realizar una transferencia bancaria.,Cuenta Corriente,Cuenta Corriente,EJEC-014,App Móvil,1069000.0,285,Resuelto,True
REC-11609,2026-03-22 20:57:00,14.637.735-2,La rentabilidad reflejada en el cartola no cuadra con el saldo real.,Inversiones / Fondos Mutuos,Inversiones / Fondos Mutuos,EJEC-010,Call Center,1645000.0,298,En Proceso,True
REC-11610,2026-03-26 08:56:00,14.863.326-2,No han gestionado el reembolso médico ingresado hace un mes.,Seguros,Seguros,EJEC-010,Web,992000.0,295,Rechazado,True
REC-11611,2026-03-04 08:49:00,13.692.561-2,Inconsistencia en el saldo contable tras realizar una transferencia bancaria.,Cuenta Corriente,Inversiones / Fondos Mutuos,EJEC-009,Web,1317000.0,220,Resuelto,False
REC-11612,2026-02-27 01:37:00,23.436.612-K,Inconsistencia en el saldo contable tras realizar una transferencia bancaria.,Cuenta Corriente,Cuenta Corriente,EJEC-007,Sucursal,254000.0,206,Resuelto,True
REC-11613,2026-01-03 19:29:00,19.232.162-1,No reconozco un cargo recurrente de una suscripción que cancelé hace meses.,Tarjeta de Crédito,Tarjeta de Crédito,EJEC-002,Call Center,820000.0,576,En Proceso,True
REC-11614,2026-02-19 09:47:00,25.826.903-K,No han enviado el certificado de prepago que solicité hace más de 15 días.,Crédito Consumo,Crédito Consumo,EJEC-019,App Móvil,2149000.0,173,Resuelto,True
REC-11615,2026-03-04 00:20:00,6.409.384-K,Me están aplicando intereses moratorios indebidos en mi cuota.,Crédito Consumo,Cuenta Corriente,EJEC-020,App Móvil,1419000.0,73,Resuelto,False
REC-11616,2026-07-08 12:08:00,8.239.897-0,Cierre intempestivo de mi cuenta sin notificación formal por parte del banco.,Cuenta Corriente,Crédito Hipotecario,EJEC-013,Sucursal,1324000.0,446,Resuelto,False
REC-11617,2026-03-26 19:52:00,15.743.793-K,Se duplicó el cobro de la última compra efectuada en el supermercado con la tarjeta.,Tarjeta de Crédito,Cuenta Corriente,EJEC-019,App Móvil,2361000.0,312,Rechazado,False
REC-11618,2026-04-03 18:51:00,14.293.365-2,Retraso injustificado en el proceso de tasación para el crédito solicitado.,Crédito Hipotecario,Crédito Hipotecario,EJEC-003,App Móvil,2337000.0,424,Resuelto,True
REC-11619,2026-02-22 10:07:00,10.295.948-K,Cierre intempestivo de mi cuenta sin notificación formal por parte del banco.,Cuenta Corriente,Cuenta Corriente,EJEC-002,App Móvil,491000.0,513,En Proceso,True
REC-11620,2026-02-16 09:02:00,18.312.771-0,Solicité el bloqueo de mi tarjeta por clonación y no se procesó a tiempo.,Tarjeta de Crédito,Tarjeta de Crédito,EJEC-015,Call Center,1264000.0,450,Rechazado,True
REC-11621,2026-01-08 01:06:00,22.910.766-2,Demora en la liquidación del siniestro denunciado el mes anterior.,Seguros,Inversiones / Fondos Mutuos,EJEC-009,Call Center,1884000.0,96,Resuelto,False
REC-11622,2026-06-17 03:03:00,25.778.598-K,La cuota cobrada este mes es mayor al dividendo pactado en el contrato inicial.,Crédito Consumo,Crédito Consumo,EJEC-007,Web,759000.0,371,Resuelto,True
REC-11623,2026-02-09 07:47:00,22.912.910-2,Aparece un consumo no reconocido realizado en el extranjero el fin de semana.,Tarjeta de Crédito,Tarjeta de Crédito,EJEC-018,Sucursal,1058000.0,391,Resuelto,True
REC-11624,2026-04-25 11:29:00,10.303.305-1,Cobro no informado de comisiones por rescate anticipado de la inversión.,Inversiones / Fondos Mutuos,Inversiones / Fondos Mutuos,EJEC-008,Web,345000.0,182,En Proceso,True
REC-11625,2026-04-13 19:34:00,8.320.309-0,Traté de realizar una transferencia por PAC y el sistema debitó dos veces el monto.,Cuenta Corriente,Cuenta Corriente,EJEC-009,Call Center,1174000.0,114,Rechazado,True
REC-11626,2026-06-27 04:11:00,18.902.567-2,No me han abonado los puntos ni las millas acumuladas de mi tarjeta.,Tarjeta de Crédito,Crédito Consumo,EJEC-016,Sucursal,1879000.0,367,Resuelto,False
REC-11627,2026-07-11 01:56:00,10.384.757-2,Traté de realizar una transferencia por PAC y el sistema debitó dos veces el monto.,Cuenta Corriente,Cuenta Corriente,EJEC-006,App Móvil,1838000.0,309,En Proceso,True
REC-11628,2026-02-13 08:01:00,5.321.377-1,Aparece un consumo no reconocido realizado en el extranjero el fin de semana.,Tarjeta de Crédito,Tarjeta de Crédito,EJEC-015,Web,2367000.0,61,Resuelto,True
REC-11629,2026-04-27 05:33:00,10.777.916-1,La cuota cobrada este mes es mayor al dividendo pactado en el contrato inicial.,Crédito Consumo,Tarjeta de Crédito,EJEC-015,Call Center,2291000.0,310,Rechazado,False
REC-11630,2026-05-20 15:47:00,8.951.587-K,No han enviado el certificado de prepago que solicité hace más de 15 días.,Crédito Consumo,Crédito Consumo,EJEC-020,App Móvil,2315000.0,96,En Proceso,True
REC-11631,2026-04-03 21:50:00,22.332.649-K,Cobro injustificado de mantención de cuenta corriente contratada bajo plan coste cero.,Cuenta Corriente,Cuenta Corriente,EJEC-005,Sucursal,1267000.0,110,Resuelto,True
REC-11632,2026-02-09 10:48:00,24.141.921-2,Retraso injustificado en el proceso de tasación para el crédito solicitado.,Crédito Hipotecario,Crédito Hipotecario,EJEC-010,Sucursal,2288000.0,195,Resuelto,True
REC-11633,2026-05-05 08:30:00,25.292.562-0,Traté de realizar una transferencia por PAC y el sistema debitó dos veces el monto.,Cuenta Corriente,Cuenta Corriente,EJEC-003,Web,302000.0,513,Rechazado,True
REC-11634,2026-01-11 08:02:00,16.804.666-K,Cobro no autorizado de seguro de protección de tarjeta no contratado.,Seguros,Seguros,EJEC-003,Call Center,2138000.0,541,En Proceso,True
REC-11635,2026-06-27 01:13:00,25.330.712-1,La cuota cobrada este mes es mayor al dividendo pactado en el contrato inicial.,Crédito Consumo,Crédito Consumo,EJEC-020,Sucursal,1738000.0,227,Rechazado,True
REC-11636,2026-03-23 03:44:00,20.204.276-1,Tengo la cuenta bloqueada sin previo aviso y no puedo realizar giros.,Cuenta Corriente,Crédito Hipotecario,EJEC-008,App Móvil,1396000.0,231,Resuelto,False
REC-11637,2026-01-06 12:18:00,14.253.247-0,Aún no liberan el certificado de alzamiento de mi propiedad tras saldar la deuda.,Crédito Hipotecario,Crédito Hipotecario,EJEC-011,Sucursal,1480000.0,436,Resuelto,True
REC-11638,2026-02-19 00:03:00,22.936.300-1,No han enviado el certificado de prepago que solicité hace más de 15 días.,Crédito Consumo,Crédito Consumo,EJEC-001,Sucursal,1258000.0,576,En Proceso,True
REC-11639,2026-05-11 20:27:00,23.438.112-2,La tasa de interés aplicada en el dividendo no coincide con la firma de la escritura.,Crédito Hipotecario,Crédito Hipotecario,EJEC-001,Sucursal,1537000.0,431,Rechazado,True
REC-11640,2026-06-25 11:55:00,7.726.884-2,Cobro injustificado de mantención de cuenta corriente contratada bajo plan coste cero.,Cuenta Corriente,Cuenta Corriente,EJEC-016,Sucursal,1562000.0,231,En Proceso,True
REC-11641,2026-04-20 21:39:00,11.263.998-2,Aún no liberan el certificado de alzamiento de mi propiedad tras saldar la deuda.,Crédito Hipotecario,Crédito Hipotecario,EJEC-015,Call Center,1188000.0,219,Resuelto,True
REC-11642,2026-04-02 19:21:00,9.117.528-0,Se aplicó el cobro del seguro asociado al crédito dos veces en el mismo período.,Crédito Hipotecario,Crédito Hipotecario,EJEC-005,App Móvil,74000.0,422,Rechazado,True
REC-11643,2026-07-05 05:22:00,9.706.392-0,Solicité el bloqueo de mi tarjeta por clonación y no se procesó a tiempo.,Tarjeta de Crédito,Inversiones / Fondos Mutuos,EJEC-007,Web,383000.0,370,En Proceso,False
REC-11644,2026-07-13 22:41:00,23.511.338-K,Tengo la cuenta bloqueada sin previo aviso y no puedo realizar giros.,Cuenta Corriente,Cuenta Corriente,EJEC-005,Call Center,435000.0,348,Rechazado,True
REC-11645,2026-07-15 06:08:00,6.541.486-0,Error en la reprogramación de cuotas solicitada el mes pasado.,Crédito Consumo,Crédito Consumo,EJEC-017,Web,1618000.0,392,Resuelto,True
REC-11646,2026-02-19 06:59:00,8.328.770-0,Solicité el bloqueo de mi tarjeta por clonación y no se procesó a tiempo.,Tarjeta de Crédito,Tarjeta de Crédito,EJEC-008,App Móvil,165000.0,130,Resuelto,True
REC-11647,2026-02-08 03:13:00,10.900.178-2,No han gestionado el reembolso médico ingresado hace un mes.,Seguros,Seguros,EJEC-004,Sucursal,1348000.0,490,Rechazado,True
REC-11648,2026-04-17 18:17:00,20.511.405-0,No reconozco un cargo recurrente de una suscripción que cancelé hace meses.,Tarjeta de Crédito,Tarjeta de Crédito,EJEC-017,Sucursal,659000.0,595,Resuelto,True
REC-11649,2026-04-10 10:33:00,14.868.236-0,No reconozco un cargo recurrente de una suscripción que cancelé hace meses.,Tarjeta de Crédito,Tarjeta de Crédito,EJEC-019,Call Center,1108000.0,582,En Proceso,True
REC-11650,2026-03-04 10:42:00,21.435.894-K,Aumento no notificado en la prima mensual de la póliza de vida.,Seguros,Seguros,EJEC-013,Sucursal,1939000.0,166,Rechazado,True
REC-11651,2026-04-22 04:24:00,11.403.774-1,Se duplicó el cobro de la última compra efectuada en el supermercado con la tarjeta.,Tarjeta de Crédito,Tarjeta de Crédito,EJEC-014,App Móvil,452000.0,242,Resuelto,True
REC-11652,2026-01-05 10:25:00,7.146.391-1,Se ejecutó una orden de compra de acciones que no autoricé desde la app.,Inversiones / Fondos Mutuos,Inversiones / Fondos Mutuos,EJEC-004,Sucursal,1833000.0,568,Rechazado,True
REC-11653,2026-07-17 23:53:00,8.192.582-K,Cobro injustificado de mantención de cuenta corriente contratada bajo plan coste cero.,Cuenta Corriente,Cuenta Corriente,EJEC-019,Sucursal,1441000.0,584,Resuelto,True
REC-11654,2026-06-16 05:29:00,21.815.303-0,Cobro no autorizado de seguro de protección de tarjeta no contratado.,Seguros,Seguros,EJEC-008,Call Center,1059000.0,66,Rechazado,True
REC-11655,2026-06-26 05:44:00,5.163.105-2,Cierre intempestivo de mi cuenta sin notificación formal por parte del banco.,Cuenta Corriente,Cuenta Corriente,EJEC-011,App Móvil,1362000.0,238,Resuelto,True
REC-11656,2026-01-01 10:58:00,25.147.434-1,Realicé el prepago total de mi crédito de consumo y aún figuro con deuda activa.,Crédito Consumo,Cuenta Corriente,EJEC-018,Web,2339000.0,210,En Proceso,False
REC-11657,2026-06-07 05:50:00,23.885.726-0,No me han abonado los puntos ni las millas acumuladas de mi tarjeta.,Tarjeta de Crédito,Tarjeta de Crédito,EJEC-014,App Móvil,2057000.0,491,Resuelto,True
REC-11658,2026-02-28 06:03:00,22.311.993-K,Solicité la cancelación del seguro de desgravamen y lo siguen cobrando.,Seguros,Seguros,EJEC-016,Call Center,2251000.0,130,Rechazado,True
REC-11659,2026-03-28 21:40:00,8.746.655-K,Tengo la cuenta bloqueada sin previo aviso y no puedo realizar giros.,Cuenta Corriente,Cuenta Corriente,EJEC-008,Call Center,1383000.0,156,Resuelto,True
REC-11660,2026-01-20 06:28:00,9.779.617-1,El cajero automático no me entregó el dinero pero descontó el saldo de mi cuenta.,Cuenta Corriente,Cuenta Corriente,EJEC-005,Web,1684000.0,565,Rechazado,True
REC-11661,2026-02-27 11:55:00,10.572.854-0,La rentabilidad reflejada en el cartola no cuadra con el saldo real.,Inversiones / Fondos Mutuos,Inversiones / Fondos Mutuos,EJEC-001,Call Center,2382000.0,538,En Proceso,True
REC-11662,2026-04-09 03:14:00,25.144.532-2,Cobro no informado de comisiones por rescate anticipado de la inversión.,Inversiones / Fondos Mutuos,Inversiones / Fondos Mutuos,EJEC-018,Web,2141000.0,317,Resuelto,True
REC-11663,2026-07-17 02:33:00,24.230.578-K,La tasa de interés aplicada en el dividendo no coincide con la firma de la escritura.,Crédito Hipotecario,Crédito Hipotecario,EJEC-017,Web,884000.0,474,Rechazado,True
REC-11664,2026-05-17 21:57:00,12.654.809-2,Error en la reprogramación de cuotas solicitada el mes pasado.,Crédito Consumo,Crédito Consumo,EJEC-001,App Móvil,1755000.0,430,En Proceso,True
REC-11665,2026-06-28 13:37:00,22.493.882-1,Se ejecutó una orden de compra de acciones que no autoricé desde la app.,Inversiones / Fondos Mutuos,Inversiones / Fondos Mutuos,EJEC-004,App Móvil,813000.0,254,En Proceso,True
REC-11666,2026-06-07 17:18:00,23.679.266-2,Realicé el prepago total de mi crédito de consumo y aún figuro con deuda activa.,Crédito Consumo,Crédito Consumo,EJEC-014,Web,1911000.0,350,Resuelto,True
REC-11667,2026-05-29 20:44:00,5.555.374-K,Cobro injustificado de mantención de cuenta corriente contratada bajo plan coste cero.,Cuenta Corriente,Cuenta Corriente,EJEC-014,Sucursal,162000.0,493,Rechazado,True
REC-11668,2026-06-08 13:31:00,20.122.675-0,Demora excesiva en la constitución de un Depósito a Plazo desde la banca en línea.,Inversiones / Fondos Mutuos,Inversiones / Fondos Mutuos,EJEC-016,Sucursal,1400000.0,336,En Proceso,True
REC-11669,2026-03-12 02:34:00,21.298.921-2,No me han abonado los puntos ni las millas acumuladas de mi tarjeta.,Tarjeta de Crédito,Tarjeta de Crédito,EJEC-010,Call Center,1300000.0,396,Resuelto,True
REC-11670,2026-04-13 19:50:00,22.927.646-0,Se aplicó el cobro del seguro asociado al crédito dos veces en el mismo período.,Crédito Hipotecario,Crédito Hipotecario,EJEC-018,Web,667000.0,368,Resuelto,True
REC-11671,2026-06-04 05:41:00,25.627.925-K,Solicité el bloqueo de mi tarjeta por clonación y no se procesó a tiempo.,Tarjeta de Crédito,Cuenta Corriente,EJEC-002,App Móvil,999000.0,514,Resuelto,False
REC-11672,2026-04-12 13:39:00,14.666.716-0,No reconozco un cargo recurrente de una suscripción que cancelé hace meses.,Tarjeta de Crédito,Tarjeta de Crédito,EJEC-009,Sucursal,900000.0,151,Resuelto,True
REC-11673,2026-01-01 18:59:00,22.686.668-1,El seguro de fraude rechazó la cobertura sin dar explicaciones claras.,Seguros,Seguros,EJEC-010,App Móvil,1549000.0,530,En Proceso,True
REC-11674,2026-07-10 03:37:00,22.455.525-1,Aparece un consumo no reconocido realizado en el extranjero el fin de semana.,Tarjeta de Crédito,Inversiones / Fondos Mutuos,EJEC-012,Web,123000.0,262,Resuelto,False
REC-11675,2026-06-23 11:46:00,17.878.795-K,Se duplicó el cobro de la última compra efectuada en el supermercado con la tarjeta.,Tarjeta de Crédito,Seguros,EJEC-012,App Móvil,48000.0,411,En Proceso,False
REC-11676,2026-03-16 03:18:00,22.367.885-1,El cobro del dividendo no reflejó el abono adicional abonado en ventanilla.,Crédito Hipotecario,Crédito Hipotecario,EJEC-010,Call Center,1125000.0,98,Rechazado,True
REC-11677,2026-07-14 16:22:00,5.769.221-K,Tengo la cuenta bloqueada sin previo aviso y no puedo realizar giros.,Cuenta Corriente,Tarjeta de Crédito,EJEC-001,Web,1579000.0,253,En Proceso,False
REC-11678,2026-04-06 23:28:00,8.148.336-2,No han enviado el certificado de prepago que solicité hace más de 15 días.,Crédito Consumo,Crédito Hipotecario,EJEC-005,Web,987000.0,325,Rechazado,False
REC-11679,2026-03-29 14:24:00,22.510.938-2,Me cobraron cobros excesivos por sobregiro cuando tenía saldo a favor.,Cuenta Corriente,Inversiones / Fondos Mutuos,EJEC-005,App Móvil,296000.0,397,Rechazado,False
REC-11680,2026-06-02 14:53:00,20.240.422-K,El cajero automático no me entregó el dinero pero descontó el saldo de mi cuenta.,Cuenta Corriente,Crédito Consumo,EJEC-004,Web,833000.0,265,Rechazado,False
REC-11681,2026-06-15 22:31:00,14.550.912-0,Me están aplicando intereses moratorios indebidos en mi cuota.,Crédito Consumo,Crédito Consumo,EJEC-013,Sucursal,1355000.0,378,En Proceso,True
REC-11682,2026-06-02 07:36:00,24.547.434-1,No reconozco un cargo recurrente de una suscripción que cancelé hace meses.,Tarjeta de Crédito,Crédito Consumo,EJEC-018,App Móvil,785000.0,545,Resuelto,False
REC-11683,2026-02-05 09:48:00,15.846.456-1,Aparece un consumo no reconocido realizado en el extranjero el fin de semana.,Tarjeta de Crédito,Tarjeta de Crédito,EJEC-020,Web,13000.0,300,En Proceso,True
REC-11684,2026-02-02 22:28:00,10.193.989-0,Aumento no notificado en la prima mensual de la póliza de vida.,Seguros,Seguros,EJEC-005,Call Center,1239000.0,480,En Proceso,True
REC-11685,2026-05-18 21:55:00,22.849.352-2,Se ejecutó una orden de compra de acciones que no autoricé desde la app.,Inversiones / Fondos Mutuos,Inversiones / Fondos Mutuos,EJEC-011,Sucursal,432000.0,357,Resuelto,True
REC-11686,2026-06-24 11:49:00,9.829.979-2,No me han abonado los puntos ni las millas acumuladas de mi tarjeta.,Tarjeta de Crédito,Tarjeta de Crédito,EJEC-017,Sucursal,1226000.0,131,En Proceso,True
REC-11687,2026-01-18 01:52:00,15.153.641-0,No han enviado el certificado de prepago que solicité hace más de 15 días.,Crédito Consumo,Crédito Consumo,EJEC-009,Call Center,1138000.0,320,En Proceso,True
REC-11688,2026-02-28 12:29:00,25.319.465-1,Me están aplicando intereses moratorios indebidos en mi cuota.,Crédito Consumo,Crédito Hipotecario,EJEC-004,Call Center,302000.0,352,Rechazado,False
REC-11689,2026-05-27 15:40:00,11.366.396-1,Solicité el bloqueo de mi tarjeta por clonación y no se procesó a tiempo.,Tarjeta de Crédito,Tarjeta de Crédito,EJEC-017,Web,560000.0,172,Rechazado,True
REC-11690,2026-02-25 14:22:00,7.994.906-0,Solicité la cancelación del seguro de desgravamen y lo siguen cobrando.,Seguros,Seguros,EJEC-017,App Móvil,1071000.0,83,Rechazado,True
REC-11691,2026-05-02 17:16:00,22.279.931-0,Realicé el prepago total de mi crédito de consumo y aún figuro con deuda activa.,Crédito Consumo,Crédito Consumo,EJEC-016,App Móvil,29000.0,490,Resuelto,True
REC-11692,2026-03-22 23:21:00,7.420.285-0,Problemas con la renovación de la póliza de seguro contra incendio en el dividendo.,Crédito Hipotecario,Crédito Hipotecario,EJEC-011,App Móvil,2317000.0,276,En Proceso,True
REC-11693,2026-07-20 17:28:00,6.203.624-0,Me están aplicando intereses moratorios indebidos en mi cuota.,Crédito Consumo,Crédito Consumo,EJEC-007,Sucursal,702000.0,435,En Proceso,True
REC-11694,2026-01-23 16:21:00,19.860.487-1,La rentabilidad reflejada en el cartola no cuadra con el saldo real.,Inversiones / Fondos Mutuos,Inversiones / Fondos Mutuos,EJEC-003,Sucursal,565000.0,450,Resuelto,True
REC-11695,2026-05-31 20:38:00,23.363.485-K,No han enviado el certificado de prepago que solicité hace más de 15 días.,Crédito Consumo,Crédito Consumo,EJEC-019,Web,1725000.0,159,Resuelto,True
REC-11696,2026-05-17 20:19:00,22.448.591-1,Solicité el rescate de mi fondo mutuo y el dinero no ha sido depositado.,Inversiones / Fondos Mutuos,Inversiones / Fondos Mutuos,EJEC-008,Sucursal,413000.0,132,Rechazado,True
REC-11697,2026-06-02 13:58:00,21.397.394-1,No han gestionado el reembolso médico ingresado hace un mes.,Seguros,Seguros,EJEC-017,Sucursal,1550000.0,513,Rechazado,True
REC-11698,2026-04-05 14:57:00,10.674.997-2,Se aplicó el cobro del seguro asociado al crédito dos veces en el mismo período.,Crédito Hipotecario,Crédito Hipotecario,EJEC-019,Sucursal,1887000.0,174,Rechazado,True
REC-11699,2026-07-09 03:47:00,23.152.283-1,No me han abonado los puntos ni las millas acumuladas de mi tarjeta.,Tarjeta de Crédito,Tarjeta de Crédito,EJEC-015,Web,2051000.0,351,Rechazado,True
REC-11700,2026-05-19 06:24:00,25.723.980-K,No me han abonado los puntos ni las millas acumuladas de mi tarjeta.,Tarjeta de Crédito,Tarjeta de Crédito,EJEC-011,Sucursal,2290000.0,313,En Proceso,True
REC-11701,2026-01-26 09:04:00,11.535.608-1,La rentabilidad reflejada en el cartola no cuadra con el saldo real.,Inversiones / Fondos Mutuos,Tarjeta de Crédito,EJEC-003,App Móvil,1817000.0,75,Resuelto,False
REC-11702,2026-05-16 17:09:00,15.870.544-0,Se duplicó el cobro de la última compra efectuada en el supermercado con la tarjeta.,Tarjeta de Crédito,Tarjeta de Crédito,EJEC-016,Web,691000.0,389,Rechazado,True
REC-11703,2026-01-03 00:46:00,24.772.987-1,No me han abonado los puntos ni las millas acumuladas de mi tarjeta.,Tarjeta de Crédito,Tarjeta de Crédito,EJEC-002,Sucursal,792000.0,480,En Proceso,True
REC-11704,2026-05-30 07:05:00,12.942.908-2,Me aplicaron intereses de mora a pesar de haber realizado el pago antes del vencimiento.,Tarjeta de Crédito,Crédito Hipotecario,EJEC-017,Web,1888000.0,520,Rechazado,False
REC-11705,2026-01-04 22:49:00,15.299.229-K,Me aplicaron intereses de mora a pesar de haber realizado el pago antes del vencimiento.,Tarjeta de Crédito,Tarjeta de Crédito,EJEC-004,App Móvil,1969000.0,126,Resuelto,True
REC-11706,2026-03-05 18:10:00,9.973.687-K,Realicé el prepago total de mi crédito de consumo y aún figuro con deuda activa.,Crédito Consumo,Crédito Consumo,EJEC-011,Sucursal,308000.0,481,Resuelto,True
REC-11707,2026-05-27 02:00:00,21.435.946-0,No se aplicó la exención tributaria pactada al momento de la inversión.,Inversiones / Fondos Mutuos,Inversiones / Fondos Mutuos,EJEC-010,Sucursal,157000.0,183,En Proceso,True
REC-11708,2026-02-24 15:44:00,11.510.171-2,Cobro no autorizado de seguro de protección de tarjeta no contratado.,Seguros,Seguros,EJEC-013,Call Center,354000.0,495,Resuelto,True
REC-11709,2026-02-25 23:33:00,16.621.837-K,Cobro no informado de comisiones por rescate anticipado de la inversión.,Inversiones / Fondos Mutuos,Inversiones / Fondos Mutuos,EJEC-008,Web,1762000.0,386,Rechazado,True
REC-11710,2026-03-24 14:41:00,7.475.748-2,Problemas con la renovación de la póliza de seguro contra incendio en el dividendo.,Crédito Hipotecario,Crédito Hipotecario,EJEC-011,Call Center,2052000.0,290,Rechazado,True
REC-11711,2026-05-05 19:23:00,10.465.455-0,No me han abonado los puntos ni las millas acumuladas de mi tarjeta.,Tarjeta de Crédito,Tarjeta de Crédito,EJEC-013,Web,1652000.0,565,Resuelto,True
REC-11712,2026-05-01 16:35:00,10.567.128-1,Demora excesiva en la constitución de un Depósito a Plazo desde la banca en línea.,Inversiones / Fondos Mutuos,Inversiones / Fondos Mutuos,EJEC-013,Call Center,17000.0,300,En Proceso,True
REC-11713,2026-02-15 17:47:00,7.486.926-2,La cuota cobrada este mes es mayor al dividendo pactado en el contrato inicial.,Crédito Consumo,Crédito Consumo,EJEC-014,Web,92000.0,152,Rechazado,True
REC-11714,2026-06-28 15:45:00,15.749.309-2,No se aplicó la exención tributaria pactada al momento de la inversión.,Inversiones / Fondos Mutuos,Crédito Hipotecario,EJEC-009,Web,2438000.0,172,Resuelto,False
REC-11715,2026-02-18 22:50:00,22.659.101-1,Aún no liberan el certificado de alzamiento de mi propiedad tras saldar la deuda.,Crédito Hipotecario,Crédito Hipotecario,EJEC-005,Call Center,1052000.0,477,Resuelto,True
REC-11716,2026-05-11 03:29:00,13.748.365-2,La tasa de interés aplicada en el dividendo no coincide con la firma de la escritura.,Crédito Hipotecario,Crédito Hipotecario,EJEC-019,App Móvil,1482000.0,261,Resuelto,True
REC-11717,2026-05-28 14:03:00,23.916.145-K,Retraso injustificado en el proceso de tasación para el crédito solicitado.,Crédito Hipotecario,Crédito Hipotecario,EJEC-020,Web,1426000.0,222,Rechazado,True
REC-11718,2026-05-18 09:29:00,24.621.565-2,No han enviado el certificado de prepago que solicité hace más de 15 días.,Crédito Consumo,Crédito Consumo,EJEC-008,Sucursal,1346000.0,509,Resuelto,True
REC-11719,2026-05-06 04:12:00,19.372.301-0,Aumento no notificado en la prima mensual de la póliza de vida.,Seguros,Seguros,EJEC-018,Web,1973000.0,437,En Proceso,True
REC-11720,2026-07-18 01:11:00,11.412.313-0,La rentabilidad reflejada en el cartola no cuadra con el saldo real.,Inversiones / Fondos Mutuos,Inversiones / Fondos Mutuos,EJEC-016,Call Center,1631000.0,412,Rechazado,True
REC-11721,2026-02-26 07:59:00,11.514.390-K,La tasa de interés aplicada en el dividendo no coincide con la firma de la escritura.,Crédito Hipotecario,Tarjeta de Crédito,EJEC-008,Web,1515000.0,160,En Proceso,False
REC-11722,2026-02-19 17:29:00,25.994.529-0,Inconsistencia en el saldo contable tras realizar una transferencia bancaria.,Cuenta Corriente,Cuenta Corriente,EJEC-005,Sucursal,665000.0,215,Resuelto,True
REC-11723,2026-03-09 02:18:00,25.967.274-1,Se duplicó el cobro de la última compra efectuada en el supermercado con la tarjeta.,Tarjeta de Crédito,Tarjeta de Crédito,EJEC-012,Call Center,1157000.0,52,En Proceso,True
REC-11724,2026-07-14 09:32:00,7.120.157-K,Cobro no autorizado de seguro de protección de tarjeta no contratado.,Seguros,Crédito Consumo,EJEC-004,App Móvil,403000.0,425,Resuelto,False
REC-11725,2026-05-22 21:57:00,7.160.736-K,Cobro no autorizado de seguro de protección de tarjeta no contratado.,Seguros,Seguros,EJEC-005,App Móvil,1878000.0,521,Resuelto,True
REC-11726,2026-05-31 19:02:00,20.254.862-K,Descuento duplicado por planilla de la cuota del crédito automotriz / consumo.,Crédito Consumo,Crédito Consumo,EJEC-006,App Móvil,936000.0,552,En Proceso,True
REC-11727,2026-02-06 06:19:00,14.114.371-1,Tengo la cuenta bloqueada sin previo aviso y no puedo realizar giros.,Cuenta Corriente,Cuenta Corriente,EJEC-018,Web,93000.0,357,En Proceso,True
REC-11728,2026-05-15 14:43:00,8.804.490-1,No me han abonado los puntos ni las millas acumuladas de mi tarjeta.,Tarjeta de Crédito,Tarjeta de Crédito,EJEC-018,Call Center,1124000.0,218,Resuelto,True
REC-11729,2026-02-08 01:11:00,6.708.443-1,Retraso injustificado en el proceso de tasación para el crédito solicitado.,Crédito Hipotecario,Crédito Hipotecario,EJEC-003,Sucursal,496000.0,76,Resuelto,True
REC-11730,2026-03-28 15:52:00,20.719.420-0,Me cobraron una comisión por mantención que no corresponde a mi tarjeta.,Tarjeta de Crédito,Tarjeta de Crédito,EJEC-005,Sucursal,2389000.0,57,Resuelto,True
REC-11731,2026-04-29 07:22:00,24.572.191-1,Me aplicaron intereses de mora a pesar de haber realizado el pago antes del vencimiento.,Tarjeta de Crédito,Tarjeta de Crédito,EJEC-006,Web,277000.0,598,En Proceso,True
REC-11732,2026-05-25 01:24:00,21.583.177-K,Aún no liberan el certificado de alzamiento de mi propiedad tras saldar la deuda.,Crédito Hipotecario,Crédito Hipotecario,EJEC-001,Sucursal,794000.0,331,Rechazado,True
REC-11733,2026-04-15 03:49:00,20.213.683-1,Solicité el rescate de mi fondo mutuo y el dinero no ha sido depositado.,Inversiones / Fondos Mutuos,Inversiones / Fondos Mutuos,EJEC-001,Call Center,646000.0,295,En Proceso,True
REC-11734,2026-01-14 04:56:00,12.877.408-2,El cajero automático no me entregó el dinero pero descontó el saldo de mi cuenta.,Cuenta Corriente,Cuenta Corriente,EJEC-003,Call Center,43000.0,395,Resuelto,True
REC-11735,2026-02-24 20:03:00,13.873.184-1,Demora en la liquidación del siniestro denunciado el mes anterior.,Seguros,Seguros,EJEC-019,Sucursal,766000.0,501,En Proceso,True
REC-11736,2026-02-16 12:49:00,24.123.313-1,Problemas con la renovación de la póliza de seguro contra incendio en el dividendo.,Crédito Hipotecario,Crédito Hipotecario,EJEC-011,Web,566000.0,178,En Proceso,True
REC-11737,2026-04-15 02:41:00,25.576.717-2,Cobro no autorizado de seguro de protección de tarjeta no contratado.,Seguros,Seguros,EJEC-005,Sucursal,2370000.0,412,Rechazado,True
REC-11738,2026-05-19 11:58:00,8.491.137-1,Me cobraron una comisión por mantención que no corresponde a mi tarjeta.,Tarjeta de Crédito,Tarjeta de Crédito,EJEC-004,Sucursal,2388000.0,594,Rechazado,True
REC-11739,2026-01-24 05:49:00,18.653.514-2,Cobro no autorizado de seguro de protección de tarjeta no contratado.,Seguros,Seguros,EJEC-014,Sucursal,1200000.0,483,Rechazado,True
REC-11740,2026-06-22 14:22:00,9.319.574-K,Me cobraron una comisión por mantención que no corresponde a mi tarjeta.,Tarjeta de Crédito,Tarjeta de Crédito,EJEC-009,Sucursal,1143000.0,69,Rechazado,True
REC-11741,2026-07-11 07:52:00,19.940.773-0,Solicité el rescate de mi fondo mutuo y el dinero no ha sido depositado.,Inversiones / Fondos Mutuos,Inversiones / Fondos Mutuos,EJEC-016,Sucursal,1551000.0,178,Resuelto,True
REC-11742,2026-04-22 10:15:00,6.151.513-1,El cobro del dividendo no reflejó el abono adicional abonado en ventanilla.,Crédito Hipotecario,Cuenta Corriente,EJEC-007,Sucursal,2449000.0,330,Rechazado,False
REC-11743,2026-03-10 17:24:00,18.376.559-0,Cobro no informado de comisiones por rescate anticipado de la inversión.,Inversiones / Fondos Mutuos,Inversiones / Fondos Mutuos,EJEC-019,Call Center,800000.0,487,Resuelto,True
REC-11744,2026-02-07 00:19:00,10.167.270-1,Demora en la liquidación del siniestro denunciado el mes anterior.,Seguros,Seguros,EJEC-005,Web,901000.0,381,Resuelto,True
REC-11745,2026-02-23 07:26:00,5.162.121-0,Demora excesiva en la constitución de un Depósito a Plazo desde la banca en línea.,Inversiones / Fondos Mutuos,Inversiones / Fondos Mutuos,EJEC-010,Call Center,1136000.0,158,Rechazado,True
REC-11746,2026-01-02 00:06:00,21.633.685-0,Solicité el bloqueo de mi tarjeta por clonación y no se procesó a tiempo.,Tarjeta de Crédito,Tarjeta de Crédito,EJEC-001,Web,1451000.0,139,En Proceso,True
REC-11747,2026-05-26 21:25:00,9.940.340-1,Aumento no notificado en la prima mensual de la póliza de vida.,Seguros,Seguros,EJEC-015,Call Center,1851000.0,90,En Proceso,True
REC-11748,2026-01-03 18:29:00,15.407.656-0,La rentabilidad reflejada en el cartola no cuadra con el saldo real.,Inversiones / Fondos Mutuos,Inversiones / Fondos Mutuos,EJEC-009,Call Center,616000.0,96,Resuelto,True
REC-11749,2026-06-02 20:07:00,21.383.800-1,Tengo la cuenta bloqueada sin previo aviso y no puedo realizar giros.,Cuenta Corriente,Cuenta Corriente,EJEC-004,App Móvil,2383000.0,129,Resuelto,True
REC-11750,2026-05-14 02:54:00,15.194.778-2,No han gestionado el reembolso médico ingresado hace un mes.,Seguros,Seguros,EJEC-005,Sucursal,379000.0,63,Resuelto,True
REC-11751,2026-06-12 08:52:00,5.170.471-1,Realicé el prepago total de mi crédito de consumo y aún figuro con deuda activa.,Crédito Consumo,Crédito Consumo,EJEC-014,Web,1119000.0,429,Rechazado,True
REC-11752,2026-06-05 20:23:00,13.390.695-2,Retraso injustificado en el proceso de tasación para el crédito solicitado.,Crédito Hipotecario,Crédito Hipotecario,EJEC-002,Web,151000.0,186,En Proceso,True
REC-11753,2026-06-14 00:32:00,9.823.888-0,Cobro no autorizado de seguro de protección de tarjeta no contratado.,Seguros,Seguros,EJEC-005,App Móvil,1286000.0,340,Resuelto,True
REC-11754,2026-02-08 13:20:00,9.134.643-2,Solicité el rescate de mi fondo mutuo y el dinero no ha sido depositado.,Inversiones / Fondos Mutuos,Inversiones / Fondos Mutuos,EJEC-011,App Móvil,1172000.0,412,Rechazado,True
REC-11755,2026-02-19 14:02:00,14.263.327-2,La tasa de interés aplicada en el dividendo no coincide con la firma de la escritura.,Crédito Hipotecario,Crédito Hipotecario,EJEC-003,App Móvil,1551000.0,187,Rechazado,True
REC-11756,2026-06-29 11:19:00,8.662.218-K,Me aplicaron intereses de mora a pesar de haber realizado el pago antes del vencimiento.,Tarjeta de Crédito,Tarjeta de Crédito,EJEC-011,Sucursal,1413000.0,338,Rechazado,True
REC-11757,2026-04-12 03:54:00,6.162.575-1,Traté de realizar una transferencia por PAC y el sistema debitó dos veces el monto.,Cuenta Corriente,Cuenta Corriente,EJEC-014,Web,139000.0,175,Rechazado,True
REC-11758,2026-03-04 17:49:00,9.569.188-0,Me aplicaron intereses de mora a pesar de haber realizado el pago antes del vencimiento.,Tarjeta de Crédito,Crédito Consumo,EJEC-007,App Móvil,1422000.0,482,Resuelto,False
REC-11759,2026-03-31 03:03:00,9.130.770-2,No se aplicó la exención tributaria pactada al momento de la inversión.,Inversiones / Fondos Mutuos,Inversiones / Fondos Mutuos,EJEC-016,Call Center,1091000.0,377,Resuelto,True
REC-11760,2026-07-17 08:49:00,14.490.842-0,Error en la reprogramación de cuotas solicitada el mes pasado.,Crédito Consumo,Crédito Consumo,EJEC-005,Call Center,1050000.0,269,Rechazado,True
REC-11761,2026-03-18 13:04:00,5.209.736-0,Realicé el prepago total de mi crédito de consumo y aún figuro con deuda activa.,Crédito Consumo,Crédito Consumo,EJEC-016,App Móvil,2410000.0,361,En Proceso,True
REC-11762,2026-02-08 08:51:00,12.458.671-K,No me han abonado los puntos ni las millas acumuladas de mi tarjeta.,Tarjeta de Crédito,Seguros,EJEC-006,App Móvil,2351000.0,148,Rechazado,False
REC-11763,2026-06-23 04:18:00,19.784.287-K,La tasa de interés aplicada en el dividendo no coincide con la firma de la escritura.,Crédito Hipotecario,Crédito Hipotecario,EJEC-014,Call Center,2338000.0,454,Resuelto,True
REC-11764,2026-02-03 09:25:00,7.736.552-K,La rentabilidad reflejada en el cartola no cuadra con el saldo real.,Inversiones / Fondos Mutuos,Inversiones / Fondos Mutuos,EJEC-009,Sucursal,1186000.0,127,Rechazado,True
REC-11765,2026-02-10 19:44:00,6.754.312-2,Me cobraron una comisión por mantención que no corresponde a mi tarjeta.,Tarjeta de Crédito,Tarjeta de Crédito,EJEC-004,Sucursal,1254000.0,539,En Proceso,True
REC-11766,2026-02-07 04:17:00,12.420.984-2,Me cobraron cobros excesivos por sobregiro cuando tenía saldo a favor.,Cuenta Corriente,Cuenta Corriente,EJEC-014,Call Center,1371000.0,158,Resuelto,True
REC-11767,2026-01-23 11:28:00,25.543.963-2,No se aplicó la exención tributaria pactada al momento de la inversión.,Inversiones / Fondos Mutuos,Inversiones / Fondos Mutuos,EJEC-006,Sucursal,646000.0,221,Resuelto,True
REC-11768,2026-04-13 22:31:00,13.920.389-0,Me cobraron una comisión por mantención que no corresponde a mi tarjeta.,Tarjeta de Crédito,Tarjeta de Crédito,EJEC-020,Call Center,1936000.0,127,Rechazado,True
REC-11769,2026-02-07 15:49:00,12.102.977-K,Me cobraron cobros excesivos por sobregiro cuando tenía saldo a favor.,Cuenta Corriente,Cuenta Corriente,EJEC-019,Sucursal,1254000.0,559,Resuelto,True
REC-11770,2026-07-05 02:12:00,21.629.383-K,Solicité el rescate de mi fondo mutuo y el dinero no ha sido depositado.,Inversiones / Fondos Mutuos,Crédito Hipotecario,EJEC-009,Web,872000.0,145,Resuelto,False
REC-11771,2026-01-12 06:12:00,7.264.934-2,Realicé el prepago total de mi crédito de consumo y aún figuro con deuda activa.,Crédito Consumo,Crédito Consumo,EJEC-009,Web,2006000.0,235,Resuelto,True
REC-11772,2026-01-08 04:02:00,17.152.418-K,No reconozco un cargo recurrente de una suscripción que cancelé hace meses.,Tarjeta de Crédito,Inversiones / Fondos Mutuos,EJEC-005,Web,1785000.0,562,En Proceso,False
REC-11773,2026-01-14 01:59:00,11.267.163-1,Se duplicó el cobro de la última compra efectuada en el supermercado con la tarjeta.,Tarjeta de Crédito,Tarjeta de Crédito,EJEC-019,Web,205000.0,327,Resuelto,True
REC-11774,2026-01-04 07:09:00,14.586.932-0,Traté de realizar una transferencia por PAC y el sistema debitó dos veces el monto.,Cuenta Corriente,Cuenta Corriente,EJEC-016,Web,1476000.0,522,Rechazado,True
REC-11775,2026-05-23 14:09:00,6.899.867-0,Aumento no notificado en la prima mensual de la póliza de vida.,Seguros,Cuenta Corriente,EJEC-012,Web,1806000.0,309,Resuelto,False
REC-11776,2026-05-29 22:07:00,14.965.751-K,Se ejecutó una orden de compra de acciones que no autoricé desde la app.,Inversiones / Fondos Mutuos,Tarjeta de Crédito,EJEC-004,Web,519000.0,493,En Proceso,False
REC-11777,2026-02-27 11:31:00,21.269.823-0,No me han abonado los puntos ni las millas acumuladas de mi tarjeta.,Tarjeta de Crédito,Seguros,EJEC-017,Call Center,1309000.0,48,En Proceso,False
REC-11778,2026-02-05 15:58:00,24.878.157-1,La tasa de interés aplicada en el dividendo no coincide con la firma de la escritura.,Crédito Hipotecario,Tarjeta de Crédito,EJEC-014,Web,1384000.0,569,Resuelto,False
REC-11779,2026-07-19 21:00:00,20.954.258-1,Cierre intempestivo de mi cuenta sin notificación formal por parte del banco.,Cuenta Corriente,Cuenta Corriente,EJEC-019,Call Center,632000.0,547,Resuelto,True
REC-11780,2026-05-18 06:45:00,20.446.957-1,No me han abonado los puntos ni las millas acumuladas de mi tarjeta.,Tarjeta de Crédito,Seguros,EJEC-004,Web,459000.0,338,Rechazado,False
REC-11781,2026-01-04 22:59:00,22.475.903-2,El cobro del dividendo no reflejó el abono adicional abonado en ventanilla.,Crédito Hipotecario,Crédito Hipotecario,EJEC-006,Sucursal,1674000.0,345,Resuelto,True
REC-11782,2026-07-16 04:36:00,11.997.504-1,Cobro injustificado de mantención de cuenta corriente contratada bajo plan coste cero.,Cuenta Corriente,Cuenta Corriente,EJEC-019,Web,1974000.0,438,Rechazado,True
REC-11783,2026-06-21 13:03:00,22.460.967-K,Me están aplicando intereses moratorios indebidos en mi cuota.,Crédito Consumo,Crédito Consumo,EJEC-001,Call Center,2003000.0,410,Resuelto,True
REC-11784,2026-04-22 21:09:00,8.351.691-2,Demora en la liquidación del siniestro denunciado el mes anterior.,Seguros,Cuenta Corriente,EJEC-003,Sucursal,142000.0,163,En Proceso,False
REC-11785,2026-03-18 04:57:00,17.174.104-K,Aparece un consumo no reconocido realizado en el extranjero el fin de semana.,Tarjeta de Crédito,Tarjeta de Crédito,EJEC-002,Sucursal,2233000.0,205,En Proceso,True
REC-11786,2026-02-24 23:59:00,8.734.651-1,Cobro no informado de comisiones por rescate anticipado de la inversión.,Inversiones / Fondos Mutuos,Inversiones / Fondos Mutuos,EJEC-010,Web,555000.0,55,En Proceso,True
REC-11787,2026-01-28 14:30:00,24.928.928-0,Solicité el bloqueo de mi tarjeta por clonación y no se procesó a tiempo.,Tarjeta de Crédito,Cuenta Corriente,EJEC-005,Web,924000.0,117,En Proceso,False
REC-11788,2026-05-02 12:26:00,22.497.815-2,Problemas con la renovación de la póliza de seguro contra incendio en el dividendo.,Crédito Hipotecario,Crédito Hipotecario,EJEC-008,Sucursal,586000.0,137,Resuelto,True
REC-11789,2026-01-01 11:07:00,5.939.221-2,Retraso injustificado en el proceso de tasación para el crédito solicitado.,Crédito Hipotecario,Crédito Hipotecario,EJEC-005,Call Center,1266000.0,479,Resuelto,True
REC-11790,2026-03-23 16:07:00,12.665.445-2,El seguro de fraude rechazó la cobertura sin dar explicaciones claras.,Seguros,Seguros,EJEC-003,Call Center,2269000.0,382,Resuelto,True
REC-11791,2026-02-04 07:59:00,23.481.883-K,Solicité el rescate de mi fondo mutuo y el dinero no ha sido depositado.,Inversiones / Fondos Mutuos,Inversiones / Fondos Mutuos,EJEC-009,App Móvil,944000.0,91,Rechazado,True
REC-11792,2026-06-03 15:45:00,10.332.851-K,Aparece un consumo no reconocido realizado en el extranjero el fin de semana.,Tarjeta de Crédito,Tarjeta de Crédito,EJEC-010,Call Center,1897000.0,423,En Proceso,True
REC-11793,2026-04-19 15:47:00,19.244.137-2,No me han abonado los puntos ni las millas acumuladas de mi tarjeta.,Tarjeta de Crédito,Tarjeta de Crédito,EJEC-015,App Móvil,158000.0,557,En Proceso,True
REC-11794,2026-02-01 12:20:00,17.924.369-K,No se aplicó la exención tributaria pactada al momento de la inversión.,Inversiones / Fondos Mutuos,Inversiones / Fondos Mutuos,EJEC-016,Web,545000.0,543,En Proceso,True
REC-11795,2026-03-20 07:47:00,21.116.894-1,Se aplicó el cobro del seguro asociado al crédito dos veces en el mismo período.,Crédito Hipotecario,Crédito Consumo,EJEC-017,Sucursal,1766000.0,230,En Proceso,False
REC-11796,2026-01-13 05:31:00,23.276.440-2,Problemas con la renovación de la póliza de seguro contra incendio en el dividendo.,Crédito Hipotecario,Crédito Hipotecario,EJEC-005,Call Center,469000.0,573,En Proceso,True
REC-11797,2026-01-12 15:18:00,18.538.356-1,No me han abonado los puntos ni las millas acumuladas de mi tarjeta.,Tarjeta de Crédito,Tarjeta de Crédito,EJEC-013,App Móvil,364000.0,114,Rechazado,True
REC-11798,2026-02-22 11:32:00,11.844.661-K,Retraso injustificado en el proceso de tasación para el crédito solicitado.,Crédito Hipotecario,Crédito Hipotecario,EJEC-012,App Móvil,549000.0,586,En Proceso,True
REC-11799,2026-07-04 17:12:00,20.721.153-K,Demora en la liquidación del siniestro denunciado el mes anterior.,Seguros,Seguros,EJEC-009,Call Center,1480000.0,284,Resuelto,True
REC-11800,2026-01-15 23:41:00,15.898.479-1,La cuota cobrada este mes es mayor al dividendo pactado en el contrato inicial.,Crédito Consumo,Crédito Consumo,EJEC-001,App Móvil,1188000.0,473,Rechazado,True
REC-11801,2026-01-22 11:10:00,24.974.560-K,La cuota cobrada este mes es mayor al dividendo pactado en el contrato inicial.,Crédito Consumo,Crédito Consumo,EJEC-011,Call Center,1128000.0,530,Rechazado,True
REC-11802,2026-06-02 15:48:00,20.827.447-2,Realicé el prepago total de mi crédito de consumo y aún figuro con deuda activa.,Crédito Consumo,Crédito Consumo,EJEC-003,Web,607000.0,584,En Proceso,True
REC-11803,2026-02-07 06:10:00,20.315.980-K,Solicité la cancelación del seguro de desgravamen y lo siguen cobrando.,Seguros,Seguros,EJEC-007,App Móvil,154000.0,225,Resuelto,True
REC-11804,2026-06-14 05:01:00,20.205.208-0,Se aplicó el cobro del seguro asociado al crédito dos veces en el mismo período.,Crédito Hipotecario,Crédito Hipotecario,EJEC-016,Call Center,1519000.0,548,Resuelto,True
REC-11805,2026-04-19 05:36:00,6.898.401-1,Demora excesiva en la constitución de un Depósito a Plazo desde la banca en línea.,Inversiones / Fondos Mutuos,Inversiones / Fondos Mutuos,EJEC-010,Sucursal,2094000.0,458,Rechazado,True
REC-11806,2026-05-22 07:56:00,6.483.279-0,El cobro del dividendo no reflejó el abono adicional abonado en ventanilla.,Crédito Hipotecario,Crédito Hipotecario,EJEC-019,App Móvil,472000.0,229,Rechazado,True
REC-11807,2026-04-16 19:24:00,22.114.197-2,Cierre intempestivo de mi cuenta sin notificación formal por parte del banco.,Cuenta Corriente,Cuenta Corriente,EJEC-016,Web,156000.0,70,Resuelto,True
REC-11808,2026-04-26 15:51:00,5.321.925-0,Aún no liberan el certificado de alzamiento de mi propiedad tras saldar la deuda.,Crédito Hipotecario,Crédito Hipotecario,EJEC-002,Sucursal,1715000.0,78,En Proceso,True
REC-11809,2026-05-30 06:46:00,11.289.523-K,Me cobraron cobros excesivos por sobregiro cuando tenía saldo a favor.,Cuenta Corriente,Inversiones / Fondos Mutuos,EJEC-019,App Móvil,2133000.0,496,Resuelto,False
REC-11810,2026-05-25 09:30:00,19.543.347-0,Cobro no informado de comisiones por rescate anticipado de la inversión.,Inversiones / Fondos Mutuos,Tarjeta de Crédito,EJEC-013,Sucursal,654000.0,205,En Proceso,False
REC-11811,2026-06-07 20:54:00,22.432.211-1,Cobro no autorizado de seguro de protección de tarjeta no contratado.,Seguros,Seguros,EJEC-015,App Móvil,2478000.0,550,Resuelto,True
REC-11812,2026-05-19 02:58:00,10.686.220-K,Me cobraron cobros excesivos por sobregiro cuando tenía saldo a favor.,Cuenta Corriente,Cuenta Corriente,EJEC-010,Call Center,153000.0,485,Rechazado,True
REC-11813,2026-04-18 15:26:00,17.761.439-1,Aún no liberan el certificado de alzamiento de mi propiedad tras saldar la deuda.,Crédito Hipotecario,Crédito Hipotecario,EJEC-010,Sucursal,2443000.0,545,En Proceso,True
REC-11814,2026-06-09 21:23:00,23.482.123-K,El seguro de fraude rechazó la cobertura sin dar explicaciones claras.,Seguros,Seguros,EJEC-018,Call Center,757000.0,47,En Proceso,True
REC-11815,2026-07-11 16:54:00,16.871.522-0,Traté de realizar una transferencia por PAC y el sistema debitó dos veces el monto.,Cuenta Corriente,Cuenta Corriente,EJEC-004,App Móvil,1490000.0,214,Resuelto,True
REC-11816,2026-07-17 02:39:00,16.895.945-2,Inconsistencia en el saldo contable tras realizar una transferencia bancaria.,Cuenta Corriente,Cuenta Corriente,EJEC-009,Web,1464000.0,222,Resuelto,True
REC-11817,2026-03-31 06:34:00,12.311.277-0,El cajero automático no me entregó el dinero pero descontó el saldo de mi cuenta.,Cuenta Corriente,Cuenta Corriente,EJEC-002,App Móvil,2025000.0,384,En Proceso,True
REC-11818,2026-01-16 03:52:00,24.846.331-2,No han enviado el certificado de prepago que solicité hace más de 15 días.,Crédito Consumo,Crédito Consumo,EJEC-002,App Móvil,2139000.0,561,Rechazado,True
REC-11819,2026-05-24 09:43:00,11.738.298-1,El cajero automático no me entregó el dinero pero descontó el saldo de mi cuenta.,Cuenta Corriente,Cuenta Corriente,EJEC-008,Call Center,2298000.0,481,Resuelto,True
REC-11820,2026-01-02 18:20:00,5.455.677-1,Aparece un consumo no reconocido realizado en el extranjero el fin de semana.,Tarjeta de Crédito,Crédito Hipotecario,EJEC-009,Web,408000.0,103,En Proceso,False
REC-11821,2026-07-19 11:22:00,24.502.420-1,Me cobraron una comisión por mantención que no corresponde a mi tarjeta.,Tarjeta de Crédito,Tarjeta de Crédito,EJEC-016,Call Center,499000.0,537,En Proceso,True
REC-11822,2026-03-21 20:04:00,16.384.263-0,No me han abonado los puntos ni las millas acumuladas de mi tarjeta.,Tarjeta de Crédito,Tarjeta de Crédito,EJEC-009,Web,1418000.0,503,En Proceso,True
REC-11823,2026-06-09 03:20:00,23.235.285-K,La tasa de interés aplicada en el dividendo no coincide con la firma de la escritura.,Crédito Hipotecario,Crédito Hipotecario,EJEC-004,Call Center,934000.0,455,Resuelto,True
REC-11824,2026-04-19 09:21:00,20.426.254-K,Me están aplicando intereses moratorios indebidos en mi cuota.,Crédito Consumo,Crédito Consumo,EJEC-005,Web,2226000.0,480,Resuelto,True
REC-11825,2026-04-25 07:48:00,5.104.684-1,Demora en la liquidación del siniestro denunciado el mes anterior.,Seguros,Crédito Consumo,EJEC-011,App Móvil,680000.0,240,Resuelto,False
REC-11826,2026-06-30 03:36:00,7.462.807-1,No han enviado el certificado de prepago que solicité hace más de 15 días.,Crédito Consumo,Crédito Consumo,EJEC-004,Sucursal,529000.0,187,Resuelto,True
REC-11827,2026-05-29 21:50:00,8.406.343-0,La rentabilidad reflejada en el cartola no cuadra con el saldo real.,Inversiones / Fondos Mutuos,Inversiones / Fondos Mutuos,EJEC-019,Call Center,1596000.0,312,En Proceso,True
REC-11828,2026-06-04 04:19:00,16.809.859-2,El cajero automático no me entregó el dinero pero descontó el saldo de mi cuenta.,Cuenta Corriente,Seguros,EJEC-018,App Móvil,1772000.0,305,Rechazado,False
REC-11829,2026-06-22 10:58:00,22.910.212-1,El seguro de fraude rechazó la cobertura sin dar explicaciones claras.,Seguros,Seguros,EJEC-018,Call Center,1234000.0,486,En Proceso,True
REC-11830,2026-06-12 13:02:00,23.303.313-1,Inconsistencia en el saldo contable tras realizar una transferencia bancaria.,Cuenta Corriente,Cuenta Corriente,EJEC-018,Call Center,889000.0,411,Rechazado,True
REC-11831,2026-01-15 05:39:00,15.578.833-2,Se aplicó el cobro del seguro asociado al crédito dos veces en el mismo período.,Crédito Hipotecario,Crédito Hipotecario,EJEC-017,Sucursal,1593000.0,412,Rechazado,True
REC-11832,2026-05-15 18:06:00,11.949.856-1,Error en la reprogramación de cuotas solicitada el mes pasado.,Crédito Consumo,Crédito Consumo,EJEC-016,App Móvil,1014000.0,221,Resuelto,True
REC-11833,2026-07-09 17:20:00,13.507.593-1,Cobro no autorizado de seguro de protección de tarjeta no contratado.,Seguros,Seguros,EJEC-012,Sucursal,2310000.0,371,Rechazado,True
REC-11834,2026-04-06 02:44:00,23.501.272-1,El cajero automático no me entregó el dinero pero descontó el saldo de mi cuenta.,Cuenta Corriente,Tarjeta de Crédito,EJEC-004,App Móvil,885000.0,460,Resuelto,False
REC-11835,2026-07-13 10:14:00,19.276.665-K,Inconsistencia en el saldo contable tras realizar una transferencia bancaria.,Cuenta Corriente,Cuenta Corriente,EJEC-006,Web,231000.0,218,Resuelto,True
REC-11836,2026-03-04 09:20:00,7.394.683-1,Solicité el rescate de mi fondo mutuo y el dinero no ha sido depositado.,Inversiones / Fondos Mutuos,Inversiones / Fondos Mutuos,EJEC-020,Call Center,989000.0,499,Resuelto,True
REC-11837,2026-02-04 13:59:00,17.100.368-2,Se duplicó el cobro de la última compra efectuada en el supermercado con la tarjeta.,Tarjeta de Crédito,Tarjeta de Crédito,EJEC-007,App Móvil,172000.0,336,Rechazado,True
REC-11838,2026-01-11 00:38:00,12.729.176-0,El seguro de fraude rechazó la cobertura sin dar explicaciones claras.,Seguros,Seguros,EJEC-008,Sucursal,1909000.0,596,Rechazado,True
REC-11839,2026-02-15 04:35:00,10.405.956-K,Me cobraron una comisión por mantención que no corresponde a mi tarjeta.,Tarjeta de Crédito,Crédito Consumo,EJEC-013,Web,1739000.0,474,Resuelto,False
REC-11840,2026-05-16 04:54:00,19.597.774-0,Me están aplicando intereses moratorios indebidos en mi cuota.,Crédito Consumo,Crédito Consumo,EJEC-004,Call Center,2078000.0,101,En Proceso,True
REC-11841,2026-04-22 04:25:00,17.388.323-2,Me cobraron una comisión por mantención que no corresponde a mi tarjeta.,Tarjeta de Crédito,Tarjeta de Crédito,EJEC-008,Call Center,438000.0,322,En Proceso,True
REC-11842,2026-01-24 15:10:00,18.774.250-1,El seguro de fraude rechazó la cobertura sin dar explicaciones claras.,Seguros,Seguros,EJEC-007,Call Center,291000.0,310,En Proceso,True
REC-11843,2026-07-02 03:10:00,18.406.240-1,El seguro de fraude rechazó la cobertura sin dar explicaciones claras.,Seguros,Seguros,EJEC-009,Sucursal,295000.0,246,En Proceso,True
REC-11844,2026-02-15 15:50:00,20.774.497-2,Retraso injustificado en el proceso de tasación para el crédito solicitado.,Crédito Hipotecario,Tarjeta de Crédito,EJEC-014,App Móvil,1976000.0,344,Resuelto,False
REC-11845,2026-06-09 01:32:00,13.538.928-0,Se aplicó el cobro del seguro asociado al crédito dos veces en el mismo período.,Crédito Hipotecario,Tarjeta de Crédito,EJEC-017,Call Center,54000.0,133,En Proceso,False
REC-11846,2026-06-08 21:00:00,23.293.276-2,Solicité la cancelación del seguro de desgravamen y lo siguen cobrando.,Seguros,Seguros,EJEC-006,Sucursal,1403000.0,500,En Proceso,True
REC-11847,2026-03-10 09:07:00,7.887.608-1,Me cobraron cobros excesivos por sobregiro cuando tenía saldo a favor.,Cuenta Corriente,Cuenta Corriente,EJEC-011,App Móvil,1255000.0,443,Rechazado,True
REC-11848,2026-03-07 15:18:00,23.879.111-1,No han enviado el certificado de prepago que solicité hace más de 15 días.,Crédito Consumo,Crédito Consumo,EJEC-012,App Móvil,949000.0,185,En Proceso,True
REC-11849,2026-05-24 19:22:00,6.387.804-K,El cajero automático no me entregó el dinero pero descontó el saldo de mi cuenta.,Cuenta Corriente,Cuenta Corriente,EJEC-009,Web,1634000.0,48,Rechazado,True
REC-11850,2026-03-28 07:45:00,21.995.445-2,Problemas con la renovación de la póliza de seguro contra incendio en el dividendo.,Crédito Hipotecario,Cuenta Corriente,EJEC-003,Call Center,1817000.0,285,En Proceso,False
REC-11851,2026-07-19 20:08:00,24.116.955-0,Cobro no informado de comisiones por rescate anticipado de la inversión.,Inversiones / Fondos Mutuos,Inversiones / Fondos Mutuos,EJEC-003,Sucursal,1682000.0,96,En Proceso,True
REC-11852,2026-05-06 22:06:00,25.520.854-0,Realicé el prepago total de mi crédito de consumo y aún figuro con deuda activa.,Crédito Consumo,Crédito Consumo,EJEC-017,Sucursal,693000.0,513,Resuelto,True
REC-11853,2026-04-12 12:48:00,7.655.870-K,No han gestionado el reembolso médico ingresado hace un mes.,Seguros,Crédito Consumo,EJEC-014,Call Center,333000.0,442,Resuelto,False
REC-11854,2026-04-14 18:53:00,7.476.774-2,El seguro de fraude rechazó la cobertura sin dar explicaciones claras.,Seguros,Seguros,EJEC-017,Web,2346000.0,197,En Proceso,True
REC-11855,2026-05-02 23:44:00,10.690.963-0,No reconozco un cargo recurrente de una suscripción que cancelé hace meses.,Tarjeta de Crédito,Tarjeta de Crédito,EJEC-011,Web,1745000.0,439,Resuelto,True
REC-11856,2026-03-16 08:03:00,16.521.870-K,Solicité el bloqueo de mi tarjeta por clonación y no se procesó a tiempo.,Tarjeta de Crédito,Crédito Consumo,EJEC-008,Call Center,671000.0,480,Rechazado,False
REC-11857,2026-05-11 08:23:00,11.127.505-K,Aumento no notificado en la prima mensual de la póliza de vida.,Seguros,Seguros,EJEC-001,Call Center,1180000.0,168,Rechazado,True
REC-11858,2026-02-04 06:14:00,10.530.520-K,No se aplicó la exención tributaria pactada al momento de la inversión.,Inversiones / Fondos Mutuos,Inversiones / Fondos Mutuos,EJEC-003,Web,1929000.0,507,Rechazado,True
REC-11859,2026-06-15 17:18:00,18.436.323-2,Cobro no autorizado de seguro de protección de tarjeta no contratado.,Seguros,Seguros,EJEC-002,Call Center,1179000.0,255,Rechazado,True
REC-11860,2026-04-17 06:58:00,14.796.932-1,Cobro no autorizado de seguro de protección de tarjeta no contratado.,Seguros,Seguros,EJEC-017,Call Center,2469000.0,69,Rechazado,True
REC-11861,2026-03-22 21:45:00,15.968.122-2,Cobro no informado de comisiones por rescate anticipado de la inversión.,Inversiones / Fondos Mutuos,Inversiones / Fondos Mutuos,EJEC-004,Call Center,151000.0,477,Rechazado,True
REC-11862,2026-07-15 02:39:00,22.985.511-K,No me han abonado los puntos ni las millas acumuladas de mi tarjeta.,Tarjeta de Crédito,Tarjeta de Crédito,EJEC-006,Web,1908000.0,456,Resuelto,True
REC-11863,2026-05-28 23:04:00,5.585.296-1,Demora excesiva en la constitución de un Depósito a Plazo desde la banca en línea.,Inversiones / Fondos Mutuos,Inversiones / Fondos Mutuos,EJEC-019,App Móvil,1229000.0,202,En Proceso,True
REC-11864,2026-06-29 11:01:00,11.891.923-1,La tasa de interés aplicada en el dividendo no coincide con la firma de la escritura.,Crédito Hipotecario,Crédito Hipotecario,EJEC-001,Call Center,2057000.0,360,Rechazado,True
REC-11865,2026-03-09 05:51:00,17.701.398-1,Aparece un consumo no reconocido realizado en el extranjero el fin de semana.,Tarjeta de Crédito,Tarjeta de Crédito,EJEC-019,App Móvil,2431000.0,134,Rechazado,True
REC-11866,2026-07-17 08:06:00,15.409.803-0,Solicité el bloqueo de mi tarjeta por clonación y no se procesó a tiempo.,Tarjeta de Crédito,Tarjeta de Crédito,EJEC-019,Call Center,1127000.0,434,Rechazado,True
REC-11867,2026-02-15 02:10:00,24.448.939-K,Traté de realizar una transferencia por PAC y el sistema debitó dos veces el monto.,Cuenta Corriente,Cuenta Corriente,EJEC-020,App Móvil,2397000.0,323,Resuelto,True
REC-11868,2026-05-24 17:29:00,13.774.905-1,Me aplicaron intereses de mora a pesar de haber realizado el pago antes del vencimiento.,Tarjeta de Crédito,Tarjeta de Crédito,EJEC-003,Call Center,1813000.0,159,En Proceso,True
REC-11869,2026-05-01 17:08:00,5.495.749-K,No han gestionado el reembolso médico ingresado hace un mes.,Seguros,Seguros,EJEC-004,Sucursal,2208000.0,585,Rechazado,True
REC-11870,2026-07-13 01:46:00,8.488.766-2,No se aplicó la exención tributaria pactada al momento de la inversión.,Inversiones / Fondos Mutuos,Inversiones / Fondos Mutuos,EJEC-017,Web,825000.0,249,En Proceso,True
REC-11871,2026-07-18 01:34:00,8.587.155-1,Problemas con la renovación de la póliza de seguro contra incendio en el dividendo.,Crédito Hipotecario,Crédito Hipotecario,EJEC-015,Web,513000.0,570,Rechazado,True
REC-11872,2026-05-19 01:04:00,21.755.986-0,Aún no liberan el certificado de alzamiento de mi propiedad tras saldar la deuda.,Crédito Hipotecario,Crédito Hipotecario,EJEC-017,App Móvil,1504000.0,469,Rechazado,True
REC-11873,2026-02-14 22:13:00,14.952.406-2,Me aplicaron intereses de mora a pesar de haber realizado el pago antes del vencimiento.,Tarjeta de Crédito,Inversiones / Fondos Mutuos,EJEC-005,Sucursal,2379000.0,233,Rechazado,False
REC-11874,2026-06-15 15:56:00,25.382.190-0,El cobro del dividendo no reflejó el abono adicional abonado en ventanilla.,Crédito Hipotecario,Crédito Hipotecario,EJEC-019,Web,1799000.0,439,Resuelto,True
REC-11875,2026-02-13 16:07:00,17.501.235-0,Solicité el rescate de mi fondo mutuo y el dinero no ha sido depositado.,Inversiones / Fondos Mutuos,Inversiones / Fondos Mutuos,EJEC-001,App Móvil,1564000.0,512,Resuelto,True
REC-11876,2026-06-12 05:58:00,18.299.788-2,No han enviado el certificado de prepago que solicité hace más de 15 días.,Crédito Consumo,Crédito Consumo,EJEC-020,Call Center,1577000.0,233,Rechazado,True
REC-11877,2026-03-06 11:24:00,21.796.941-K,Me cobraron una comisión por mantención que no corresponde a mi tarjeta.,Tarjeta de Crédito,Tarjeta de Crédito,EJEC-010,App Móvil,749000.0,427,Resuelto,True
REC-11878,2026-04-15 20:21:00,5.699.192-1,Tengo la cuenta bloqueada sin previo aviso y no puedo realizar giros.,Cuenta Corriente,Cuenta Corriente,EJEC-001,App Móvil,1381000.0,317,Rechazado,True
REC-11879,2026-04-26 13:49:00,6.355.724-K,Aumento no notificado en la prima mensual de la póliza de vida.,Seguros,Seguros,EJEC-010,App Móvil,942000.0,181,Rechazado,True
REC-11880,2026-03-20 01:26:00,16.463.327-K,Descuento duplicado por planilla de la cuota del crédito automotriz / consumo.,Crédito Consumo,Crédito Consumo,EJEC-018,Call Center,1975000.0,330,Rechazado,True
REC-11881,2026-01-05 08:17:00,17.946.818-2,Demora excesiva en la constitución de un Depósito a Plazo desde la banca en línea.,Inversiones / Fondos Mutuos,Inversiones / Fondos Mutuos,EJEC-012,Call Center,2495000.0,299,Rechazado,True
REC-11882,2026-04-05 09:26:00,17.520.255-1,El cajero automático no me entregó el dinero pero descontó el saldo de mi cuenta.,Cuenta Corriente,Cuenta Corriente,EJEC-013,Call Center,2018000.0,586,En Proceso,True
REC-11883,2026-03-14 19:58:00,7.232.481-2,La rentabilidad reflejada en el cartola no cuadra con el saldo real.,Inversiones / Fondos Mutuos,Cuenta Corriente,EJEC-005,Web,2379000.0,235,Rechazado,False
REC-11884,2026-05-15 13:12:00,10.269.520-1,No me han abonado los puntos ni las millas acumuladas de mi tarjeta.,Tarjeta de Crédito,Tarjeta de Crédito,EJEC-003,Call Center,2372000.0,462,Resuelto,True
REC-11885,2026-02-18 11:46:00,17.724.704-1,No se aplicó la exención tributaria pactada al momento de la inversión.,Inversiones / Fondos Mutuos,Inversiones / Fondos Mutuos,EJEC-018,App Móvil,542000.0,533,En Proceso,True
REC-11886,2026-05-23 17:34:00,19.827.607-K,Cobro no informado de comisiones por rescate anticipado de la inversión.,Inversiones / Fondos Mutuos,Inversiones / Fondos Mutuos,EJEC-014,Web,756000.0,297,En Proceso,True
REC-11887,2026-05-15 05:53:00,6.635.987-2,Cobro no informado de comisiones por rescate anticipado de la inversión.,Inversiones / Fondos Mutuos,Inversiones / Fondos Mutuos,EJEC-007,App Móvil,2440000.0,131,Resuelto,True
REC-11888,2026-02-02 13:44:00,5.130.104-0,No han enviado el certificado de prepago que solicité hace más de 15 días.,Crédito Consumo,Crédito Consumo,EJEC-015,Call Center,371000.0,113,En Proceso,True
REC-11889,2026-07-09 22:15:00,12.973.134-2,Cobro no autorizado de seguro de protección de tarjeta no contratado.,Seguros,Seguros,EJEC-010,Web,47000.0,573,Rechazado,True
REC-11890,2026-05-07 10:58:00,9.750.963-K,Traté de realizar una transferencia por PAC y el sistema debitó dos veces el monto.,Cuenta Corriente,Cuenta Corriente,EJEC-018,Call Center,1613000.0,437,En Proceso,True
REC-11891,2026-02-10 22:46:00,9.403.111-2,No se aplicó la exención tributaria pactada al momento de la inversión.,Inversiones / Fondos Mutuos,Inversiones / Fondos Mutuos,EJEC-002,App Móvil,588000.0,282,Resuelto,True
REC-11892,2026-05-26 16:32:00,18.538.723-0,Se ejecutó una orden de compra de acciones que no autoricé desde la app.,Inversiones / Fondos Mutuos,Inversiones / Fondos Mutuos,EJEC-020,Call Center,317000.0,79,Rechazado,True
REC-11893,2026-04-05 13:43:00,22.234.104-0,Problemas con la renovación de la póliza de seguro contra incendio en el dividendo.,Crédito Hipotecario,Crédito Hipotecario,EJEC-001,Call Center,1541000.0,463,Resuelto,True
REC-11894,2026-05-15 14:41:00,23.441.591-1,Demora en la liquidación del siniestro denunciado el mes anterior.,Seguros,Seguros,EJEC-010,Web,778000.0,359,En Proceso,True
REC-11895,2026-03-07 04:06:00,10.425.330-0,Solicité la cancelación del seguro de desgravamen y lo siguen cobrando.,Seguros,Seguros,EJEC-020,Sucursal,2127000.0,144,Resuelto,True
REC-11896,2026-01-14 16:56:00,20.607.301-1,No me han abonado los puntos ni las millas acumuladas de mi tarjeta.,Tarjeta de Crédito,Crédito Hipotecario,EJEC-002,App Móvil,1051000.0,228,Resuelto,False
REC-11897,2026-02-07 23:43:00,15.953.736-0,Cobro no informado de comisiones por rescate anticipado de la inversión.,Inversiones / Fondos Mutuos,Inversiones / Fondos Mutuos,EJEC-007,App Móvil,1152000.0,239,En Proceso,True
REC-11898,2026-07-07 06:16:00,14.972.417-2,Se aplicó el cobro del seguro asociado al crédito dos veces en el mismo período.,Crédito Hipotecario,Crédito Hipotecario,EJEC-001,Sucursal,1236000.0,71,En Proceso,True
REC-11899,2026-07-11 18:14:00,18.986.231-1,La cuota cobrada este mes es mayor al dividendo pactado en el contrato inicial.,Crédito Consumo,Tarjeta de Crédito,EJEC-016,Call Center,807000.0,118,En Proceso,False
REC-11900,2026-06-11 01:09:00,22.973.899-2,No me han abonado los puntos ni las millas acumuladas de mi tarjeta.,Tarjeta de Crédito,Tarjeta de Crédito,EJEC-006,Sucursal,201000.0,405,En Proceso,True
REC-11901,2026-02-19 08:43:00,6.719.933-0,Se ejecutó una orden de compra de acciones que no autoricé desde la app.,Inversiones / Fondos Mutuos,Inversiones / Fondos Mutuos,EJEC-012,Sucursal,1364000.0,125,Rechazado,True
REC-11902,2026-07-08 03:15:00,15.955.562-2,Error en la reprogramación de cuotas solicitada el mes pasado.,Crédito Consumo,Crédito Consumo,EJEC-013,Sucursal,626000.0,164,En Proceso,True
REC-11903,2026-01-13 22:04:00,20.940.584-0,Solicité el bloqueo de mi tarjeta por clonación y no se procesó a tiempo.,Tarjeta de Crédito,Tarjeta de Crédito,EJEC-008,Web,1793000.0,371,En Proceso,True
REC-11904,2026-01-31 18:25:00,13.118.879-1,No se aplicó la exención tributaria pactada al momento de la inversión.,Inversiones / Fondos Mutuos,Inversiones / Fondos Mutuos,EJEC-006,Web,2012000.0,69,Rechazado,True
REC-11905,2026-02-23 20:05:00,17.503.887-1,Demora en la liquidación del siniestro denunciado el mes anterior.,Seguros,Seguros,EJEC-017,Sucursal,2289000.0,453,Rechazado,True
REC-11906,2026-03-13 21:26:00,5.775.555-0,Tengo la cuenta bloqueada sin previo aviso y no puedo realizar giros.,Cuenta Corriente,Cuenta Corriente,EJEC-020,Sucursal,231000.0,436,En Proceso,True
REC-11907,2026-06-27 14:55:00,24.311.987-1,Solicité la cancelación del seguro de desgravamen y lo siguen cobrando.,Seguros,Seguros,EJEC-014,App Móvil,504000.0,239,Rechazado,True
REC-11908,2026-04-30 10:14:00,13.970.121-0,Retraso injustificado en el proceso de tasación para el crédito solicitado.,Crédito Hipotecario,Crédito Hipotecario,EJEC-020,Call Center,2481000.0,88,Rechazado,True
REC-11909,2026-02-13 01:24:00,8.713.816-0,No se aplicó la exención tributaria pactada al momento de la inversión.,Inversiones / Fondos Mutuos,Crédito Consumo,EJEC-008,Web,234000.0,193,En Proceso,False
REC-11910,2026-04-07 03:25:00,8.443.650-2,Se ejecutó una orden de compra de acciones que no autoricé desde la app.,Inversiones / Fondos Mutuos,Inversiones / Fondos Mutuos,EJEC-011,App Móvil,2002000.0,291,Resuelto,True
REC-11911,2026-06-18 04:04:00,8.708.771-K,Solicité el bloqueo de mi tarjeta por clonación y no se procesó a tiempo.,Tarjeta de Crédito,Crédito Consumo,EJEC-005,Web,787000.0,526,Rechazado,False
REC-11912,2026-01-02 16:14:00,20.379.472-2,Me están aplicando intereses moratorios indebidos en mi cuota.,Crédito Consumo,Crédito Consumo,EJEC-002,App Móvil,2297000.0,246,Resuelto,True
REC-11913,2026-04-24 02:10:00,14.499.863-0,Demora excesiva en la constitución de un Depósito a Plazo desde la banca en línea.,Inversiones / Fondos Mutuos,Inversiones / Fondos Mutuos,EJEC-008,Sucursal,1056000.0,542,En Proceso,True
REC-11914,2026-04-15 04:30:00,18.284.354-2,Cobro no autorizado de seguro de protección de tarjeta no contratado.,Seguros,Seguros,EJEC-001,Sucursal,584000.0,58,Resuelto,True
REC-11915,2026-07-11 13:07:00,7.857.647-2,Aparece un consumo no reconocido realizado en el extranjero el fin de semana.,Tarjeta de Crédito,Tarjeta de Crédito,EJEC-018,Call Center,20000.0,442,Rechazado,True
REC-11916,2026-04-13 01:39:00,15.932.153-K,Traté de realizar una transferencia por PAC y el sistema debitó dos veces el monto.,Cuenta Corriente,Cuenta Corriente,EJEC-008,Call Center,2074000.0,424,Resuelto,True
REC-11917,2026-02-03 18:07:00,25.189.762-K,La cuota cobrada este mes es mayor al dividendo pactado en el contrato inicial.,Crédito Consumo,Crédito Consumo,EJEC-019,Web,32000.0,266,Rechazado,True
REC-11918,2026-01-12 20:13:00,8.268.160-1,El seguro de fraude rechazó la cobertura sin dar explicaciones claras.,Seguros,Seguros,EJEC-005,Web,1523000.0,392,Resuelto,True
REC-11919,2026-06-26 06:49:00,19.875.479-K,Cobro no autorizado de seguro de protección de tarjeta no contratado.,Seguros,Seguros,EJEC-004,App Móvil,2423000.0,87,Resuelto,True
REC-11920,2026-06-09 18:12:00,18.144.236-K,Me están aplicando intereses moratorios indebidos en mi cuota.,Crédito Consumo,Crédito Hipotecario,EJEC-009,Sucursal,2454000.0,185,Resuelto,False
REC-11921,2026-03-23 09:45:00,22.719.388-2,Realicé el prepago total de mi crédito de consumo y aún figuro con deuda activa.,Crédito Consumo,Crédito Consumo,EJEC-004,Web,1578000.0,168,Rechazado,True
REC-11922,2026-05-21 20:19:00,17.456.744-2,Cobro no informado de comisiones por rescate anticipado de la inversión.,Inversiones / Fondos Mutuos,Inversiones / Fondos Mutuos,EJEC-010,Sucursal,998000.0,460,Resuelto,True
REC-11923,2026-02-12 20:22:00,16.252.226-K,La rentabilidad reflejada en el cartola no cuadra con el saldo real.,Inversiones / Fondos Mutuos,Inversiones / Fondos Mutuos,EJEC-014,Call Center,35000.0,463,Resuelto,True
REC-11924,2026-04-18 04:45:00,14.654.533-0,La tasa de interés aplicada en el dividendo no coincide con la firma de la escritura.,Crédito Hipotecario,Crédito Hipotecario,EJEC-005,Call Center,2255000.0,460,Resuelto,True
REC-11925,2026-02-03 06:42:00,16.918.164-2,Se ejecutó una orden de compra de acciones que no autoricé desde la app.,Inversiones / Fondos Mutuos,Inversiones / Fondos Mutuos,EJEC-012,App Móvil,1704000.0,114,En Proceso,True
REC-11926,2026-02-28 23:11:00,25.192.533-K,Solicité el bloqueo de mi tarjeta por clonación y no se procesó a tiempo.,Tarjeta de Crédito,Tarjeta de Crédito,EJEC-012,Call Center,1432000.0,427,Resuelto,True
REC-11927,2026-02-15 08:43:00,14.176.314-1,Se ejecutó una orden de compra de acciones que no autoricé desde la app.,Inversiones / Fondos Mutuos,Inversiones / Fondos Mutuos,EJEC-019,Sucursal,146000.0,429,En Proceso,True
REC-11928,2026-07-07 12:28:00,11.199.796-2,Aumento no notificado en la prima mensual de la póliza de vida.,Seguros,Seguros,EJEC-011,Call Center,312000.0,126,Rechazado,True
REC-11929,2026-05-15 21:45:00,23.644.507-K,No han gestionado el reembolso médico ingresado hace un mes.,Seguros,Crédito Hipotecario,EJEC-019,App Móvil,1077000.0,442,Resuelto,False
REC-11930,2026-05-22 08:01:00,11.430.830-K,Error en la reprogramación de cuotas solicitada el mes pasado.,Crédito Consumo,Crédito Consumo,EJEC-015,Call Center,1370000.0,52,En Proceso,True
REC-11931,2026-06-25 15:59:00,6.890.290-1,Demora en la liquidación del siniestro denunciado el mes anterior.,Seguros,Seguros,EJEC-016,Web,1357000.0,295,Resuelto,True
REC-11932,2026-06-14 03:25:00,23.290.267-0,Se ejecutó una orden de compra de acciones que no autoricé desde la app.,Inversiones / Fondos Mutuos,Inversiones / Fondos Mutuos,EJEC-008,App Móvil,478000.0,192,Rechazado,True
REC-11933,2026-06-30 20:36:00,20.317.905-1,Inconsistencia en el saldo contable tras realizar una transferencia bancaria.,Cuenta Corriente,Inversiones / Fondos Mutuos,EJEC-010,Sucursal,105000.0,181,En Proceso,False
REC-11934,2026-03-03 05:35:00,17.923.571-K,Demora excesiva en la constitución de un Depósito a Plazo desde la banca en línea.,Inversiones / Fondos Mutuos,Inversiones / Fondos Mutuos,EJEC-009,App Móvil,1101000.0,287,Rechazado,True
REC-11935,2026-07-01 05:26:00,12.838.647-2,Solicité la cancelación del seguro de desgravamen y lo siguen cobrando.,Seguros,Seguros,EJEC-008,App Móvil,59000.0,141,En Proceso,True
REC-11936,2026-06-26 00:00:00,7.533.731-1,Cobro injustificado de mantención de cuenta corriente contratada bajo plan coste cero.,Cuenta Corriente,Cuenta Corriente,EJEC-017,Sucursal,737000.0,262,En Proceso,True
REC-11937,2026-05-07 22:31:00,7.719.705-1,Solicité el rescate de mi fondo mutuo y el dinero no ha sido depositado.,Inversiones / Fondos Mutuos,Inversiones / Fondos Mutuos,EJEC-016,Sucursal,2051000.0,131,En Proceso,True
REC-11938,2026-03-10 23:33:00,15.229.498-0,Se aplicó el cobro del seguro asociado al crédito dos veces en el mismo período.,Crédito Hipotecario,Crédito Hipotecario,EJEC-020,Web,508000.0,271,Resuelto,True
REC-11939,2026-01-08 00:07:00,17.907.391-1,Cierre intempestivo de mi cuenta sin notificación formal por parte del banco.,Cuenta Corriente,Cuenta Corriente,EJEC-014,App Móvil,2284000.0,549,En Proceso,True
REC-11940,2026-04-30 15:56:00,11.308.177-K,Cobro no autorizado de seguro de protección de tarjeta no contratado.,Seguros,Seguros,EJEC-002,Call Center,1008000.0,350,Rechazado,True
REC-11941,2026-05-03 00:57:00,19.103.312-2,Aparece un consumo no reconocido realizado en el extranjero el fin de semana.,Tarjeta de Crédito,Tarjeta de Crédito,EJEC-002,Sucursal,1538000.0,218,Rechazado,True
REC-11942,2026-05-09 10:23:00,9.745.394-0,El seguro de fraude rechazó la cobertura sin dar explicaciones claras.,Seguros,Seguros,EJEC-010,Web,335000.0,552,En Proceso,True
REC-11943,2026-01-05 23:03:00,25.989.544-K,Descuento duplicado por planilla de la cuota del crédito automotriz / consumo.,Crédito Consumo,Crédito Consumo,EJEC-015,Call Center,349000.0,47,En Proceso,True
REC-11944,2026-02-10 00:28:00,6.350.823-K,Cobro injustificado de mantención de cuenta corriente contratada bajo plan coste cero.,Cuenta Corriente,Cuenta Corriente,EJEC-012,Call Center,2208000.0,313,En Proceso,True
REC-11945,2026-07-06 02:25:00,14.687.558-2,Descuento duplicado por planilla de la cuota del crédito automotriz / consumo.,Crédito Consumo,Crédito Consumo,EJEC-019,App Móvil,266000.0,267,Rechazado,True
REC-11946,2026-06-28 19:28:00,20.866.688-2,Solicité el rescate de mi fondo mutuo y el dinero no ha sido depositado.,Inversiones / Fondos Mutuos,Inversiones / Fondos Mutuos,EJEC-017,Call Center,91000.0,367,En Proceso,True
REC-11947,2026-01-04 09:37:00,24.819.919-1,Cobro injustificado de mantención de cuenta corriente contratada bajo plan coste cero.,Cuenta Corriente,Cuenta Corriente,EJEC-014,Sucursal,545000.0,179,Rechazado,True
REC-11948,2026-02-26 20:09:00,13.490.203-1,Aparece un consumo no reconocido realizado en el extranjero el fin de semana.,Tarjeta de Crédito,Tarjeta de Crédito,EJEC-019,Web,1653000.0,151,En Proceso,True
REC-11949,2026-06-07 09:50:00,22.447.333-2,Me cobraron una comisión por mantención que no corresponde a mi tarjeta.,Tarjeta de Crédito,Tarjeta de Crédito,EJEC-006,Call Center,1095000.0,212,Resuelto,True
REC-11950,2026-02-19 20:11:00,21.820.411-K,Realicé el prepago total de mi crédito de consumo y aún figuro con deuda activa.,Crédito Consumo,Cuenta Corriente,EJEC-011,Call Center,1789000.0,561,Rechazado,False
REC-11951,2026-05-06 02:11:00,21.892.613-1,El cajero automático no me entregó el dinero pero descontó el saldo de mi cuenta.,Cuenta Corriente,Cuenta Corriente,EJEC-018,Call Center,149000.0,342,Resuelto,True
REC-11952,2026-04-10 17:49:00,6.493.814-0,Solicité la cancelación del seguro de desgravamen y lo siguen cobrando.,Seguros,Seguros,EJEC-009,Sucursal,1005000.0,523,Rechazado,True
REC-11953,2026-05-28 20:27:00,22.990.377-K,No reconozco un cargo recurrente de una suscripción que cancelé hace meses.,Tarjeta de Crédito,Tarjeta de Crédito,EJEC-017,Call Center,1718000.0,320,Rechazado,True
REC-11954,2026-07-18 13:12:00,11.794.654-1,No reconozco un cargo recurrente de una suscripción que cancelé hace meses.,Tarjeta de Crédito,Tarjeta de Crédito,EJEC-015,App Móvil,507000.0,167,Resuelto,True
REC-11955,2026-05-20 02:01:00,23.244.527-0,Retraso injustificado en el proceso de tasación para el crédito solicitado.,Crédito Hipotecario,Crédito Hipotecario,EJEC-004,Call Center,810000.0,371,Rechazado,True
REC-11956,2026-04-26 23:21:00,21.516.384-2,Problemas con la renovación de la póliza de seguro contra incendio en el dividendo.,Crédito Hipotecario,Inversiones / Fondos Mutuos,EJEC-011,Sucursal,1880000.0,412,En Proceso,False
REC-11957,2026-04-01 03:24:00,10.360.581-K,La cuota cobrada este mes es mayor al dividendo pactado en el contrato inicial.,Crédito Consumo,Crédito Consumo,EJEC-013,Call Center,847000.0,469,Rechazado,True
REC-11958,2026-02-03 09:56:00,6.465.173-K,Se aplicó el cobro del seguro asociado al crédito dos veces en el mismo período.,Crédito Hipotecario,Crédito Hipotecario,EJEC-004,App Móvil,442000.0,307,En Proceso,True
REC-11959,2026-03-08 02:20:00,21.702.726-K,La cuota cobrada este mes es mayor al dividendo pactado en el contrato inicial.,Crédito Consumo,Crédito Consumo,EJEC-007,App Móvil,1326000.0,592,En Proceso,True
REC-11960,2026-01-05 17:29:00,12.956.425-K,Me aplicaron intereses de mora a pesar de haber realizado el pago antes del vencimiento.,Tarjeta de Crédito,Tarjeta de Crédito,EJEC-001,App Móvil,1023000.0,91,Rechazado,True
REC-11961,2026-03-18 09:08:00,9.317.624-K,Aparece un consumo no reconocido realizado en el extranjero el fin de semana.,Tarjeta de Crédito,Tarjeta de Crédito,EJEC-011,Web,1354000.0,592,Resuelto,True
REC-11962,2026-01-08 20:46:00,13.864.170-1,Error en la reprogramación de cuotas solicitada el mes pasado.,Crédito Consumo,Crédito Consumo,EJEC-019,Call Center,1597000.0,532,Rechazado,True
REC-11963,2026-05-05 19:39:00,20.238.960-2,Realicé el prepago total de mi crédito de consumo y aún figuro con deuda activa.,Crédito Consumo,Crédito Consumo,EJEC-004,App Móvil,910000.0,321,Rechazado,True
REC-11964,2026-01-04 10:11:00,15.143.575-1,Me están aplicando intereses moratorios indebidos en mi cuota.,Crédito Consumo,Crédito Consumo,EJEC-016,Sucursal,2470000.0,59,Rechazado,True
REC-11965,2026-03-24 17:00:00,25.754.328-2,El seguro de fraude rechazó la cobertura sin dar explicaciones claras.,Seguros,Inversiones / Fondos Mutuos,EJEC-018,Web,355000.0,487,Resuelto,False
REC-11966,2026-02-13 21:03:00,13.376.250-0,Traté de realizar una transferencia por PAC y el sistema debitó dos veces el monto.,Cuenta Corriente,Cuenta Corriente,EJEC-017,App Móvil,834000.0,332,Rechazado,True
REC-11967,2026-01-05 15:59:00,11.964.419-1,Aparece un consumo no reconocido realizado en el extranjero el fin de semana.,Tarjeta de Crédito,Tarjeta de Crédito,EJEC-015,Call Center,1181000.0,590,En Proceso,True
REC-11968,2026-04-28 12:22:00,24.474.216-2,Se duplicó el cobro de la última compra efectuada en el supermercado con la tarjeta.,Tarjeta de Crédito,Crédito Hipotecario,EJEC-017,App Móvil,508000.0,557,Rechazado,False
REC-11969,2026-07-13 04:24:00,24.427.905-K,Cobro no autorizado de seguro de protección de tarjeta no contratado.,Seguros,Seguros,EJEC-009,Web,1429000.0,207,Resuelto,True
REC-11970,2026-06-15 07:30:00,10.539.131-2,Cobro no autorizado de seguro de protección de tarjeta no contratado.,Seguros,Seguros,EJEC-020,Sucursal,419000.0,475,En Proceso,True
REC-11971,2026-03-16 17:37:00,11.201.969-K,Cierre intempestivo de mi cuenta sin notificación formal por parte del banco.,Cuenta Corriente,Cuenta Corriente,EJEC-013,App Móvil,2109000.0,263,Rechazado,True
REC-11972,2026-06-14 23:15:00,7.480.194-0,El cobro del dividendo no reflejó el abono adicional abonado en ventanilla.,Crédito Hipotecario,Crédito Hipotecario,EJEC-010,App Móvil,2216000.0,415,En Proceso,True
REC-11973,2026-05-25 10:39:00,18.737.661-0,Aún no liberan el certificado de alzamiento de mi propiedad tras saldar la deuda.,Crédito Hipotecario,Crédito Hipotecario,EJEC-015,App Móvil,554000.0,530,Resuelto,True
REC-11974,2026-04-26 21:19:00,21.693.127-1,El cajero automático no me entregó el dinero pero descontó el saldo de mi cuenta.,Cuenta Corriente,Cuenta Corriente,EJEC-019,Web,95000.0,483,En Proceso,True
REC-11975,2026-03-11 18:30:00,25.753.558-0,Cobro no autorizado de seguro de protección de tarjeta no contratado.,Seguros,Seguros,EJEC-015,Call Center,1454000.0,310,Resuelto,True
REC-11976,2026-06-10 15:11:00,18.608.421-2,Inconsistencia en el saldo contable tras realizar una transferencia bancaria.,Cuenta Corriente,Cuenta Corriente,EJEC-018,Web,2108000.0,260,En Proceso,True
REC-11977,2026-05-12 02:15:00,16.697.166-2,El cobro del dividendo no reflejó el abono adicional abonado en ventanilla.,Crédito Hipotecario,Crédito Hipotecario,EJEC-019,Sucursal,927000.0,444,Resuelto,True
REC-11978,2026-04-14 18:46:00,11.617.369-K,Aún no liberan el certificado de alzamiento de mi propiedad tras saldar la deuda.,Crédito Hipotecario,Crédito Hipotecario,EJEC-005,Web,1715000.0,453,Resuelto,True
REC-11979,2026-02-08 08:07:00,23.508.797-0,Traté de realizar una transferencia por PAC y el sistema debitó dos veces el monto.,Cuenta Corriente,Seguros,EJEC-001,Sucursal,1847000.0,147,Resuelto,False
REC-11980,2026-05-26 22:05:00,22.635.759-K,El seguro de fraude rechazó la cobertura sin dar explicaciones claras.,Seguros,Seguros,EJEC-005,Web,1624000.0,545,Resuelto,True
REC-11981,2026-04-13 13:14:00,24.137.994-0,No me han abonado los puntos ni las millas acumuladas de mi tarjeta.,Tarjeta de Crédito,Tarjeta de Crédito,EJEC-008,Call Center,1949000.0,192,En Proceso,True
REC-11982,2026-05-22 20:42:00,12.329.381-K,No han gestionado el reembolso médico ingresado hace un mes.,Seguros,Seguros,EJEC-015,Web,610000.0,368,Resuelto,True
REC-11983,2026-04-18 16:45:00,15.571.623-K,No se aplicó la exención tributaria pactada al momento de la inversión.,Inversiones / Fondos Mutuos,Cuenta Corriente,EJEC-011,Sucursal,1728000.0,58,En Proceso,False
REC-11984,2026-04-24 08:03:00,8.884.274-1,Solicité el bloqueo de mi tarjeta por clonación y no se procesó a tiempo.,Tarjeta de Crédito,Tarjeta de Crédito,EJEC-002,Sucursal,1103000.0,78,En Proceso,True
REC-11985,2026-02-02 21:58:00,7.637.589-1,Se ejecutó una orden de compra de acciones que no autoricé desde la app.,Inversiones / Fondos Mutuos,Inversiones / Fondos Mutuos,EJEC-009,Sucursal,117000.0,421,Rechazado,True
REC-11986,2026-05-18 07:08:00,8.178.418-0,Me están aplicando intereses moratorios indebidos en mi cuota.,Crédito Consumo,Tarjeta de Crédito,EJEC-005,App Móvil,2445000.0,375,Resuelto,False
REC-11987,2026-02-20 13:40:00,22.554.216-2,Aumento no notificado en la prima mensual de la póliza de vida.,Seguros,Seguros,EJEC-018,Web,1860000.0,493,En Proceso,True
REC-11988,2026-06-08 15:14:00,22.154.994-1,Cierre intempestivo de mi cuenta sin notificación formal por parte del banco.,Cuenta Corriente,Crédito Hipotecario,EJEC-012,Call Center,1283000.0,314,En Proceso,False
REC-11989,2026-05-02 19:36:00,14.125.879-1,Problemas con la renovación de la póliza de seguro contra incendio en el dividendo.,Crédito Hipotecario,Crédito Consumo,EJEC-001,Web,1083000.0,182,Rechazado,False
REC-11990,2026-03-23 16:22:00,11.876.610-1,Solicité el bloqueo de mi tarjeta por clonación y no se procesó a tiempo.,Tarjeta de Crédito,Tarjeta de Crédito,EJEC-016,Sucursal,1135000.0,209,Rechazado,True
REC-11991,2026-06-30 22:50:00,9.778.549-1,Se duplicó el cobro de la última compra efectuada en el supermercado con la tarjeta.,Tarjeta de Crédito,Tarjeta de Crédito,EJEC-018,App Móvil,1778000.0,184,Rechazado,True
REC-11992,2026-01-23 11:18:00,22.477.822-2,Solicité la cancelación del seguro de desgravamen y lo siguen cobrando.,Seguros,Cuenta Corriente,EJEC-008,App Móvil,754000.0,429,Rechazado,False
REC-11993,2026-04-06 02:21:00,22.455.741-2,Cobro no informado de comisiones por rescate anticipado de la inversión.,Inversiones / Fondos Mutuos,Inversiones / Fondos Mutuos,EJEC-013,Web,2367000.0,257,En Proceso,True
REC-11994,2026-03-16 13:07:00,20.826.360-K,Cierre intempestivo de mi cuenta sin notificación formal por parte del banco.,Cuenta Corriente,Cuenta Corriente,EJEC-019,Sucursal,1364000.0,129,Rechazado,True
REC-11995,2026-05-05 09:08:00,24.217.534-0,La tasa de interés aplicada en el dividendo no coincide con la firma de la escritura.,Crédito Hipotecario,Crédito Hipotecario,EJEC-006,App Móvil,197000.0,141,En Proceso,True
REC-11996,2026-05-25 18:50:00,7.761.954-2,Aparece un consumo no reconocido realizado en el extranjero el fin de semana.,Tarjeta de Crédito,Tarjeta de Crédito,EJEC-010,Sucursal,1671000.0,440,Rechazado,True
REC-11997,2026-01-15 20:09:00,13.936.675-1,Aumento no notificado en la prima mensual de la póliza de vida.,Seguros,Seguros,EJEC-010,Web,1841000.0,176,Rechazado,True
REC-11998,2026-07-04 04:16:00,22.514.395-1,Cobro injustificado de mantención de cuenta corriente contratada bajo plan coste cero.,Cuenta Corriente,Crédito Consumo,EJEC-014,Sucursal,2423000.0,75,Rechazado,False
REC-11999,2026-07-05 22:02:00,23.493.824-1,Se duplicó el cobro de la última compra efectuada en el supermercado con la tarjeta.,Tarjeta de Crédito,Inversiones / Fondos Mutuos,EJEC-013,Call Center,1152000.0,431,En Proceso,False
REC-12000,2026-04-16 14:51:00,7.101.242-2,Aumento no notificado en la prima mensual de la póliza de vida.,Seguros,Crédito Consumo,EJEC-006,Web,340000.0,176,Resuelto,False
